,lnA,EaR,temperature
0,0.05180154740810394,-0.030018649995326996,5.97161936560935
1,0.05180154740810394,-0.030018649995326996,4.69787345817509
2,0.05180154740810394,-0.030018649995326996,3.87198037128579
3,0.05180154740810394,-0.030018649995326996,3.29305622684066
4,0.05180154740810394,-0.030018649995326996,2.86473210710377
5,0.058685801923274994,-0.04297913610935211,4.12492792619643
6,0.058685801923274994,-0.04297913610935211,3.19705647954358
7,0.058685801923274994,-0.04297913610935211,2.60996461188603
8,0.058685801923274994,-0.04297913610935211,2.20504153331655
9,0.058685801923274994,-0.04297913610935211,1.90888714956596
10,0.05391518771648407,-0.039065878838300705,4.68684486373166
11,0.05391518771648407,-0.039065878838300705,3.70024913148798
12,0.05391518771648407,-0.039065878838300705,3.05678597370782
13,0.05391518771648407,-0.039065878838300705,2.60396381968078
14,0.05391518771648407,-0.039065878838300705,2.26799112332241
15,0.04509880021214485,-0.02680329978466034,5.3655
16,0.04509880021214485,-0.02680329978466034,3.9483052016741
17,0.04509880021214485,-0.02680329978466034,3.12333551626282
18,0.04509880021214485,-0.02680329978466034,2.58352643775016
19,0.04509880021214485,-0.02680329978466034,2.20281227547983
20,0.04958771914243698,-0.03229159861803055,4.21733149931224
21,0.04958771914243698,-0.03229159861803055,3.32100580270793
22,0.04958771914243698,-0.03229159861803055,2.73889739663093
23,0.04958771914243698,-0.03229159861803055,2.33041967533525
24,0.04958771914243698,-0.03229159861803055,2.02796938486252
25,0.048753850162029266,-0.027439020574092865,5.44582593250444
26,0.048753850162029266,-0.027439020574092865,4.24863901811343
27,0.048753850162029266,-0.027439020574092865,3.48296007789679
28,0.048753850162029266,-0.027439020574092865,2.9511172224132
29,0.048753850162029266,-0.027439020574092865,2.56018131933675
30,0.05471489205956459,-0.04065890610218048,4.36841033991451
31,0.05471489205956459,-0.04065890610218048,3.02260404196888
32,0.05471489205956459,-0.04065890610218048,2.31072351421189
33,0.05471489205956459,-0.04065890610218048,1.87024530521546
34,0.05471489205956459,-0.04065890610218048,1.57081168118276
35,0.052432313561439514,-0.025199342519044876,3.6984318455971
36,0.052432313561439514,-0.025199342519044876,3.1640866873065
37,0.052432313561439514,-0.025199342519044876,2.76465284039675
38,0.052432313561439514,-0.025199342519044876,2.45476381104884
39,0.052432313561439514,-0.025199342519044876,2.207343412527
40,0.05416921526193619,-0.0032827258110046387,4.96805555555556
41,0.05416921526193619,-0.0032827258110046387,4.21298522844383
42,0.05416921526193619,-0.0032827258110046387,3.65715259435972
43,0.05416921526193619,-0.0032827258110046387,3.23089082081969
44,0.05416921526193619,-0.0032827258110046387,2.89362275852771
45,0.05125570297241211,-0.035699568688869476,5.28620689655172
46,0.05125570297241211,-0.035699568688869476,3.9158874241664
47,0.05125570297241211,-0.035699568688869476,3.10975874809824
48,0.05125570297241211,-0.035699568688869476,2.57886989696296
49,0.05125570297241211,-0.035699568688869476,2.20281227547983
50,0.06057320535182953,-0.03392285853624344,3.68193515182707
51,0.06057320535182953,-0.03392285853624344,3.07401439467182
52,0.06057320535182953,-0.03392285853624344,2.63839203392956
53,0.06057320535182953,-0.03392285853624344,2.31091011871114
54,0.06057320535182953,-0.03392285853624344,2.05574712643678
55,0.053545478731393814,-0.040692564100027084,4.01910112359551
56,0.053545478731393814,-0.040692564100027084,3.349773685032
57,0.053545478731393814,-0.040692564100027084,2.87155472303987
58,0.053545478731393814,-0.040692564100027084,2.51282051282051
59,0.053545478731393814,-0.040692564100027084,2.23376353039134
60,0.051001761108636856,-0.030917534604668617,6.53731343283582
61,0.05100175738334656,-0.030917534604668617,5.23125297064093
62,0.05100175738334656,-0.030917534604668617,4.36015683725088
63,0.05100175738334656,-0.030917534604668617,3.73775459556422
64,0.05100175738334656,-0.030917534604668617,3.27084857351865
65,0.04655266925692558,-0.02783559449017048,5.18531046146412
66,0.04655266925692558,-0.02783559449017048,4.22359759517461
67,0.04655266925692558,-0.02783559449017048,3.56280814754561
68,0.04655266925692558,-0.02783559449017048,3.08080989327266
69,0.04655266925692558,-0.02783559449017048,2.71368602063524
70,0.046517714858055115,-0.02296699956059456,7.05708273050112
71,0.046517714858055115,-0.02296699956059456,4.9775035947864
72,0.046517714858055115,-0.02296699956059456,3.84458297506449
73,0.046517714858055115,-0.02296699956059456,3.1317671092952
74,0.046517714858055115,-0.02296699956059456,2.64193214830863
75,0.03921782225370407,-0.026770921424031258,3.91856855943034
76,0.03921782225370407,-0.026770921424031258,3.53336296735319
77,0.03921782225370407,-0.026770921424031258,3.21711236359276
78,0.03921782225370407,-0.026770921424031258,2.95282253071557
79,0.03921782225370407,-0.026770921424031258,2.72865969944313
80,0.05391104519367218,-0.03476722538471222,6.51746128150622
81,0.05391104519367218,-0.03476722538471222,5.15250819258886
82,0.05391104519367218,-0.03476722538471222,4.26027750759275
83,0.05391104519367218,-0.03476722538471222,3.63144135836414
84,0.05391104519367218,-0.03476722538471222,3.16436659589526
85,0.058211617171764374,-0.013343259692192078,4.12730769230769
86,0.058211617171764374,-0.013343259692192078,3.59979872525998
87,0.058211617171764374,-0.013343259692192078,3.1918500892326
88,0.058211617171764374,-0.013343259692192078,2.86695164306706
89,0.058211617171764374,-0.013343259692192078,2.60208535402522
90,0.053029268980026245,-0.011993277817964554,4.48995815899582
91,0.053029268980026245,-0.011993277817964554,3.88811391510716
92,0.053029268980026245,-0.011993277817964554,3.42854404294067
93,0.053029268980026245,-0.011993277817964554,3.06613140563167
94,0.053029268980026245,-0.011993277817964554,2.77301152514342
95,0.05659838393330574,-0.005525503307580948,5.28776978417266
96,0.05659838393330574,-0.005525503307580948,4.23953302320069
97,0.05659838393330574,-0.005525503307580948,3.53813943520335
98,0.05659838393330574,-0.005525503307580948,3.03587973604736
99,0.05659838393330574,-0.005525503307580948,2.65849126718692
100,0.047104693949222565,-0.02834218740463257,5.03802816901408
101,0.047104693949222565,-0.02834218740463257,3.98551532033426
102,0.047104693949222565,-0.02834218740463257,3.29677419354839
103,0.047104693949222565,-0.02834218740463257,2.81100196463654
104,0.047104693949222565,-0.02834218740463257,2.45
105,0.05559935048222542,-0.03312680870294571,5.23463414634146
106,0.05559935048222542,-0.03312680870294571,4.01158878504673
107,0.05559935048222542,-0.03312680870294571,3.25181818181818
108,0.05559935048222542,-0.03312680870294571,2.7340127388535
109,0.05559935048222542,-0.03312680870294571,2.35846153846154
110,0.05040007084608078,-0.033164530992507935,4.87440381558029
111,0.05040007084608078,-0.033164530992507935,3.7375918637456
112,0.05040007084608078,-0.033164530992507935,3.03075663004491
113,0.05040007084608078,-0.033164530992507935,2.54874949528537
114,0.05040007084608078,-0.033164530992507935,2.19902047173098
115,0.048219308257102966,-0.030076149851083755,5.55578565881439
116,0.048219308257102966,-0.030076149851083755,4.28682712473784
117,0.048219308257102966,-0.030076149851083755,3.48975609756098
118,0.048219308257102966,-0.030076149851083755,2.94262014122164
119,0.048219308257102966,-0.030076149851083755,2.54379518786298
120,0.05369282513856888,-0.029170870780944824,4.25074272133096
121,0.05369282513856888,-0.029170870780944824,3.30057670126874
122,0.05369282513856888,-0.029170870780944824,2.69758672699849
123,0.05369282513856888,-0.029170870780944824,2.28088633827515
124,0.05369282513856888,-0.029170870780944824,1.97569732118199
125,0.046751849353313446,-0.026580119505524635,5.26029411764706
126,0.046751849353313446,-0.026580119505524635,3.95612903225806
127,0.046751849353313446,-0.026580119505524635,3.17016248153619
128,0.046751849353313446,-0.026580119505524635,2.64473197781885
129,0.046751849353313446,-0.026580119505524635,2.26871035940803
130,0.05116180330514908,-0.02920634299516678,6.01850813236119
131,0.05116180330514908,-0.02920634299516678,4.75849454021396
132,0.05116180330514908,-0.02920634299516678,3.93473278943991
133,0.05116180330514908,-0.02920634299516678,3.3540925962102
134,0.05116180330514908,-0.02920634299516678,2.92278360343184
135,0.05408643186092377,-0.029716897755861282,3.78118393234672
136,0.05408643186092377,-0.029716897755861282,3.09875830205025
137,0.05408643186092377,-0.029716897755861282,2.625
138,0.05408643186092377,-0.029716897755861282,2.27689369828135
139,0.05408643186092377,-0.029716897755861282,2.01030348445111
140,0.057094793766736984,-0.013731490820646286,5.92382003864201
141,0.057094793766736984,-0.013731490820646286,4.80833426683096
142,0.057094793766736984,-0.013731490820646286,4.04638009049774
143,0.057094793766736984,-0.013731490820646286,3.49287981121328
144,0.057094793766736984,-0.013731490820646286,3.07258410880458
145,0.04711202532052994,-0.03947093337774277,4.16172193135544
146,0.04711202532052994,-0.03947093337774277,3.42802379906561
147,0.04711202532052994,-0.03947093337774277,2.91425079774594
148,0.04711202532052994,-0.03947093337774277,2.53440793552387
149,0.04711202532052994,-0.03947093337774277,2.24216464688675
150,0.048069700598716736,-0.033243440091609955,3.6549727520436
151,0.048069700598716736,-0.033243440091609955,3.05052945774998
152,0.048069700598716736,-0.033243440091609955,2.6176362971094
153,0.048069700598716736,-0.033243440091609955,2.29233644859813
154,0.048069700598716736,-0.033243440091609955,2.03895116853506
155,0.04899220168590546,-0.04092521592974663,4.42442483714027
156,0.04899220168590546,-0.04092521592974663,3.74577853795607
157,0.04899220168590546,-0.04092521592974663,3.2476356207914
158,0.04899220168590546,-0.04092521592974663,2.86643471989422
159,0.04899220168590546,-0.04092521592974663,2.56532236857833
160,0.05145018547773361,-0.03302474692463875,4.30358933226389
161,0.05145018547773361,-0.03302474692463875,3.42105682633299
162,0.05145018547773361,-0.03302474692463875,2.83888888888889
163,0.05145018547773361,-0.03302474692463875,2.4260441982705
164,0.05145018547773361,-0.03302474692463875,2.11803019836179
165,0.049765296280384064,-0.03690231218934059,4.17548638132296
166,0.049765296280384064,-0.03690231218934059,3.25428354814253
167,0.049765296280384064,-0.03690231218934059,2.66608695652174
168,0.049765296280384064,-0.03690231218934059,2.25796948974224
169,0.049765296280384064,-0.03690231218934059,1.95821167883212
170,0.047951649874448776,-0.034433379769325256,4.41332510795805
171,0.047951649874448776,-0.034433379769325256,3.33028163550314
172,0.047951649874448776,-0.034433379769325256,2.67405930725143
173,0.047951649874448776,-0.034433379769325256,2.23387978142077
174,0.047951649874448776,-0.034433379769325256,1.91813388149075
175,0.055526524782180786,-0.04101692885160446,3.87400722021661
176,0.055526524782180786,-0.04101692885160446,3.15849889624724
177,0.055526524782180786,-0.04101692885160446,2.66608695652174
178,0.055526524782180786,-0.04101692885160446,2.3065018807093
179,0.055526524782180786,-0.04101692885160446,2.03238636363636
180,0.046008240431547165,-0.02362561598420143,5.03165002110001
181,0.046008240431547165,-0.02362561598420143,4.16839038601602
182,0.04600824415683746,-0.02362561784684658,3.55796488785
183,0.046008240431547165,-0.02362561598420143,3.10348567338351
184,0.046008240431547165,-0.02362561598420143,2.75196184028312
185,0.057720061391592026,-0.03617023676633835,5.06179245283019
186,0.057720061391592026,-0.03617023676633835,3.85608408570274
187,0.057720061391592026,-0.03617023676633835,3.11427120365668
188,0.057720061391592026,-0.03617023676633835,2.61182269007271
189,0.057720061391592026,-0.03617023676633835,2.24897830870795
190,0.05259175971150398,-0.04003537446260452,5.41559424678274
191,0.05259175971150398,-0.04003537446260452,4.00014910629415
192,0.05259175971150398,-0.04003537446260452,3.17128671907323
193,0.05259175971150398,-0.04003537446260452,2.62695993831014
194,0.05259175971150398,-0.04003537446260452,2.24211779946094
195,0.05366935580968857,-0.03492485359311104,5.36684171042761
196,0.05366935580968857,-0.03492485359311104,4.05708884688091
197,0.05366935580968857,-0.03492485359311104,3.26120650357089
198,0.05366935580968857,-0.03492485359311104,2.72637195121951
199,0.05366935580968857,-0.03492485359311104,2.34224598930481
200,0.049927592277526855,-0.03126795217394829,5.25642909625276
201,0.049927592277526855,-0.03126795217394829,4.04893739447049
202,0.049927592277526855,-0.03126795217394829,3.29257628522774
203,0.049927592277526855,-0.03126795217394829,2.77431989606965
204,0.049927592277526855,-0.03126795217394829,2.39702466047177
205,0.052412863820791245,-0.03813420981168747,5.43479361863763
206,0.052412863820791245,-0.03813420981168747,4.32640554760417
207,0.052412863820791245,-0.03813420981168747,3.59353023909986
208,0.052412863820791245,-0.03813420981168747,3.07298005469567
209,0.052412863820791245,-0.03813420981168747,2.68415918357137
210,0.059054456651210785,-0.024744976311922073,4.39416895295033
211,0.059054456651210785,-0.024744976311922073,3.32285683320689
212,0.059054456651210785,-0.024744976311922073,2.67152957578172
213,0.059054456651210785,-0.024744976311922073,2.23369378558122
214,0.059054456651210785,-0.024744976311922073,1.91916301529107
215,0.05474105477333069,-0.0366804376244545,3.71765113459207
216,0.05474105477333069,-0.0366804376244545,3.25897805785438
217,0.05474105477333069,-0.0366804376244545,2.90105433901054
218,0.05474105477333069,-0.0366804376244545,2.61396991657025
219,0.05474105477333069,-0.0366804376244545,2.37858805275407
220,0.05581555515527725,-0.006851475685834885,5.61391577295318
221,0.05581555515527725,-0.006851475685834885,4.92343690857163
222,0.05581555515527725,-0.006851475685834885,4.38420525810471
223,0.05581555515527725,-0.006851475685834885,3.95143101749993
224,0.05581555515527725,-0.006851475685834885,3.59642067162678
225,0.05364421755075455,-0.03709515929222107,4.29411764705882
226,0.05364421755075455,-0.03709515929222107,3.43474433864127
227,0.05364421755075455,-0.03709515929222107,2.86198159754634
228,0.05364421755075455,-0.03709515929222107,2.4529401680096
229,0.05364421755075455,-0.03709515929222107,2.1462
230,0.054083507508039474,-0.024541374295949936,4.5663829787234
231,0.054083507508039474,-0.024541374295949936,3.57104825291181
232,0.054083507508039474,-0.024541374295949936,2.93196721311475
233,0.054083507508039474,-0.024541374295949936,2.48690614136732
234,0.054083507508039474,-0.024541374295949936,2.15915492957747
235,0.054647330194711685,-0.034846384078264236,4.47591240875912
236,0.054647330194711685,-0.034846384078264236,3.71829521829522
237,0.054647330194711685,-0.034846384078264236,3.18002667061787
238,0.054647330194711685,-0.034846384078264236,2.7778928294072
239,0.054647330194711685,-0.034846384078264236,2.46604619096863
240,0.053313013166189194,-0.04081850126385689,4.52498418722328
241,0.053313013166189194,-0.04081850126385689,3.43666933546837
242,0.053313013166189194,-0.04081850126385689,2.77036272105331
243,0.05331301689147949,-0.04081850126385689,2.32046707752189
244,0.053313013166189194,-0.04081850126385689,1.99627941586829
245,0.051831312477588654,-0.03569134697318077,4.58491775261696
246,0.051831312477588654,-0.03569134697318077,3.33480946276658
247,0.051831312477588654,-0.03569134697318077,2.62035284781149
248,0.051831312477588654,-0.03569134697318077,2.15801513285237
249,0.051831312477588654,-0.03569134697318077,1.83435897435897
250,0.05389345809817314,-0.036857280880212784,5.98260578692089
251,0.05389345809817314,-0.036857280880212784,4.59808038392321
252,0.05389345809817314,-0.036857280880212784,3.73395038101534
253,0.05389345809817314,-0.036857280880212784,3.14323374340949
254,0.05389345809817314,-0.036857280880212784,2.71389190966339
255,0.05329331010580063,-0.03852572292089462,4.79169457468185
256,0.05329331010580063,-0.03852572292089462,3.75196671445054
257,0.05329331010580063,-0.03852572292089462,3.08300054586721
258,0.05329331010580063,-0.03852572292089462,2.61648745519713
259,0.05329331010580063,-0.03852572292089462,2.27260213049832
260,0.053256578743457794,-0.03365340456366539,4.19917824300528
261,0.053256578743457794,-0.03365340456366539,3.55537149010188
262,0.053256578743457794,-0.03365340456366539,3.08273484630853
263,0.053256578743457794,-0.03365340456366539,2.72101426307448
264,0.053256578743457794,-0.03365340456366539,2.4352660841938
265,0.05469328537583351,-0.03859429433941841,3.9286106534871
266,0.05469328537583351,-0.03859429433941841,3.17990887876431
267,0.05469328537583351,-0.03859429433941841,2.67089789061042
268,0.05469328537583351,-0.03859429433941841,2.30235738997506
269,0.05469328537583351,-0.03859429433941841,2.02319004524887
270,0.0495745986700058,-0.02868375927209854,4.88549965854769
271,0.0495745986700058,-0.02868375927209854,3.85106764758658
272,0.0495745986700058,-0.02868375927209854,3.17814304753443
273,0.0495745986700058,-0.02868375927209854,2.70540779024329
274,0.0495745986700058,-0.02868375927209854,2.35509711401295
275,0.04816287383437157,-0.02586384490132332,5.25256975036711
276,0.04816287383437157,-0.02586384490132332,4.03591744628837
277,0.04816287383437157,-0.02586384490132332,3.27689136575311
278,0.04816287383437157,-0.02586384490132332,2.7581686746988
279,0.04816287383437157,-0.02586384490132332,2.38122711638744
280,0.044327929615974426,-0.024592138826847076,4.2924
281,0.044327929615974426,-0.024592138826847076,3.9482688840649
282,0.044327929615974426,-0.024592138826847076,3.6552217453505
283,0.044327929615974426,-0.024592138826847076,3.4026698798237
284,0.044327929615974426,-0.024592138826847076,3.18276189346304
285,0.044381313025951385,-0.024714188650250435,6.65612206922218
286,0.044381313025951385,-0.024714188650250435,4.93685735974053
287,0.044381313025951385,-0.024714188650250435,3.9234397279807
288,0.044381313025951385,-0.024714188650250435,3.2552213677936
289,0.044381313025951385,-0.024714188650250435,2.78149300155521
290,0.05272572860121727,-0.03549749404191971,4.46938775510204
291,0.05272572860121727,-0.03549749404191971,3.49823148766931
292,0.05272572860121727,-0.03549749404191971,2.87378484775448
293,0.05272572860121727,-0.03549749404191971,2.43850340290639
294,0.05272572860121727,-0.03549749404191971,2.11773760656773
295,0.05280160903930664,-0.03553428500890732,4.46938775510204
296,0.05280160903930664,-0.03553428500890732,3.50211314720232
297,0.05280160903930664,-0.03553428500890732,2.87902771443136
298,0.05280160903930664,-0.03553428500890732,2.4441685931966
299,0.05280160903930664,-0.03553428500890732,2.12343675795473
300,0.05880103260278702,-0.04960456117987633,4.42205464210656
301,0.05880103260278702,-0.04960456117987633,3.44538624542477
302,0.05880103260278702,-0.04960456117987633,2.82209072978304
303,0.05880103260278702,-0.04960456117987633,2.38976483164083
304,0.05880102887749672,-0.04960455745458603,2.07230172064191
305,0.05150808021426201,-0.03381747007369995,4.87772727272727
306,0.05150808021426201,-0.03381747007369995,3.77852112676056
307,0.05150808021426201,-0.03381747007369995,3.08362068965517
308,0.05150808021426201,-0.03381747007369995,2.60461165048544
309,0.05150808021426201,-0.03381747007369995,2.25441176470588
310,0.0495251901447773,-0.030704859644174576,4.31657280772325
311,0.0495251901447773,-0.030704859644174576,3.6532618409294
312,0.0495251901447773,-0.030704859644174576,3.16665437108078
313,0.0495251901447773,-0.030704859644174576,2.79444028514697
314,0.0495251901447773,-0.030704859644174576,2.50052429220552
315,0.051958367228507996,-0.03446044400334358,4.65351257588899
316,0.051958367228507996,-0.03446044400334358,3.76410751085193
317,0.051958367228507996,-0.03446044400334358,3.16012662887433
318,0.051958367228507996,-0.03446044400334358,2.72317208564631
319,0.051958367228507996,-0.03446044400334358,2.39237543194739
320,0.05850716680288315,-0.03932095319032669,5.44803777224958
321,0.05850716680288315,-0.03932095319032669,3.95755156231272
322,0.05850716680288315,-0.03932095319032669,3.10741743524404
323,0.05850716680288315,-0.03932095319032669,2.55793858420686
324,0.05850716680288315,-0.03932095319032669,2.17358719870367
325,0.05728316307067871,-0.03241492435336113,4.30704394942806
326,0.05728316307067871,-0.03241492435336113,3.50437189252737
327,0.05728316307067871,-0.03241492435336113,2.95387918576324
328,0.05728316307067871,-0.03241492435336113,2.55285742323407
329,0.05728316307067871,-0.03241492435336113,2.24770642201835
330,0.05510815232992172,-0.028483103960752487,6.10930828351836
331,0.05510815232992172,-0.028483103960752487,4.75290939088262
332,0.05510815232992172,-0.028483103960752487,3.88938221489281
333,0.05510815232992172,-0.028483103960752487,3.29138966207357
334,0.05510815232992172,-0.028483103960752487,2.85277541471714
335,0.04745767265558243,-0.029629312455654144,8.3633387888707
336,0.04745767265558243,-0.029629312455654144,5.74949435417978
337,0.04745767265558243,-0.029629312455654144,4.38044698438616
338,0.04745767265558243,-0.029629312455654144,3.5379936203358
339,0.04745767265558243,-0.029629312455654144,2.96731556243778
340,0.0451563224196434,-0.029255207628011703,7.75921908893709
341,0.0451563224196434,-0.029255207628011703,5.76602232580632
342,0.0451563224196434,-0.029255207628011703,4.58756385866661
343,0.0451563224196434,-0.029255207628011703,3.80906743337859
344,0.0451563224196434,-0.029255207628011703,3.25645616484083
345,0.05544658005237579,-0.03352716192603111,7.96659242761693
346,0.05544658005237579,-0.03352716192603111,5.74088191630221
347,0.05544658005237579,-0.03352716192603111,4.48723577745719
348,0.05544658005237579,-0.03352716192603111,3.68297768282324
349,0.05544658005237579,-0.03352716192603111,3.12319916179167
350,0.0475577712059021,-0.025902559980750084,4.80887295541116
351,0.0475577712059021,-0.025902559980750084,3.68209307312889
352,0.0475577712059021,-0.025902559980750084,2.98311209952047
353,0.0475577712059021,-0.025902559980750084,2.50716976723811
354,0.0475577712059021,-0.025902559980750084,2.16220028208745
355,0.04720543324947357,-0.022579258307814598,4.80887295541116
356,0.04720543324947357,-0.022579258307814598,3.57595701253801
357,0.04720543324947357,-0.022579258307814598,2.84623035607718
358,0.04720543324947357,-0.022579258307814598,2.36385163972795
359,0.04720543324947357,-0.022579258307814598,2.02128461103786
360,0.04986289516091347,-0.031972430646419525,7.40068965517241
361,0.04986289516091347,-0.031972430646419525,5.41935483870968
362,0.04986289516091347,-0.031972430646419525,4.27487302061548
363,0.04986289516091347,-0.031972430646419525,3.52949882826954
364,0.04986289516091347,-0.031972430646419525,3.00546141996919
365,0.05483641475439072,-0.03584295138716698,6.30197322057787
366,0.054836422204971313,-0.035842955112457275,4.90095109781579
367,0.054836422204971313,-0.035842955112457275,4.00956526612738
368,0.054836422204971313,-0.035842955112457275,3.39253112033195
369,0.054836422204971313,-0.035842955112457275,2.94008055015206
370,0.04977133125066757,-0.029257632791996002,5.38569636135508
371,0.04977133125066757,-0.029257632791996002,3.97065761357224
372,0.04977133125066757,-0.029257632791996002,3.14447716583886
373,0.04977133125066757,-0.029257632791996002,2.60289007877072
374,0.04977133125066757,-0.029257632791996002,2.22045191193511
375,0.04955693706870079,-0.03315604850649834,6.3875
376,0.04955693706870079,-0.03315604850649834,4.82102543943393
377,0.04955693706870079,-0.03315604850649834,3.87156128799495
378,0.04955693706870079,-0.03315604850649834,3.23454278286425
379,0.04955693706870079,-0.03315604850649834,2.77753332470558
380,0.05262505263090134,-0.024446694180369377,4.04943396226415
381,0.05262505263090134,-0.024446694180369377,3.32331991328585
382,0.05262505263090134,-0.024446694180369377,2.81801470588235
383,0.05262505263090134,-0.024446694180369377,2.44609072258947
384,0.05262505263090134,-0.024446694180369377,2.16089407974225
385,0.05258095636963844,-0.023224903270602226,3.93581514762516
386,0.05258095636963844,-0.023224903270602226,3.29411764705882
387,0.05258095636963844,-0.023224903270602226,2.83233256351039
388,0.05258095636963844,-0.023224903270602226,2.48409965566133
389,0.05258095636963844,-0.023224903270602226,2.21212121212121
390,0.053148359060287476,-0.022991370409727097,3.98699609882965
391,0.053148359060287476,-0.022991370409727097,3.32164828786999
392,0.053148359060287476,-0.022991370409727097,2.84660786524305
393,0.053148359060287476,-0.022991370409727097,2.490441240463
394,0.053148359060287476,-0.022991370409727097,2.2134900990099
395,0.04670313000679016,-0.03678102046251297,3.6580876086586
396,0.04670313000679016,-0.03678102046251297,3.16268788682582
397,0.04670313000679016,-0.03678102046251297,2.7854639844257
398,0.04670313000679016,-0.03678102046251297,2.48863636363636
399,0.04670313000679016,-0.03678102046251297,2.24897830870795
400,0.05237852782011032,-0.041336432099342346,4.25833333333333
401,0.05237852782011032,-0.041336432099342346,3.44452914978133
402,0.05237852782011032,-0.041336432099342346,2.8918682207101
403,0.05237852782011032,-0.041336432099342346,2.49203169903335
404,0.05237852782011032,-0.041336432099342346,2.18932979700092
405,0.0499086007475853,-0.02743706665933132,4.81210762331839
406,0.0499086007475853,-0.02743706665933132,3.91499452754469
407,0.0499086007475853,-0.02743706665933132,3.29981549815498
408,0.0499086007475853,-0.02743706665933132,2.8517140579325
409,0.0499086007475853,-0.02743706665933132,2.51076275152082
410,0.04656393453478813,-0.030269209295511246,5.40468395870058
411,0.04656393453478813,-0.030269209295511246,3.95941333825293
412,0.04656393453478813,-0.030269209295511246,3.12401746724891
413,0.04656393453478813,-0.030269209295511246,2.57972233908288
414,0.04656393453478813,-0.030269209295511246,2.19694953424097
415,0.044953398406505585,-0.025080179795622826,5.70797872340426
416,0.044953398406505585,-0.025080179795622826,4.52842131915432
417,0.044953398406505585,-0.025080179795622826,3.75288522067567
418,0.044953398406505585,-0.025080179795622826,3.20414439700218
419,0.044953398406505585,-0.025080179795622826,2.79540481400438
420,0.050591856241226196,-0.03258420526981354,6.88105161910869
421,0.050591856241226196,-0.03258420526981354,4.92247706422018
422,0.050591856241226196,-0.03258420526981354,3.831815747188
423,0.050591856241226196,-0.03258420526981354,3.13680210464776
424,0.050591856241226196,-0.03258420526981354,2.65520227638253
425,0.04985783249139786,-0.027837449684739113,4.06246450880182
426,0.04985782504081726,-0.027837449684739113,3.67610157153257
427,0.04985783249139786,-0.027837449684739113,3.35684679752874
428,0.04985783249139786,-0.027837449684739113,3.08861305990286
429,0.04985783249139786,-0.027837449684739113,2.86007462686567
430,0.05679832398891449,-0.025530217215418816,3.92143248675315
431,0.05679832398891449,-0.025530217215418816,3.13291000656886
432,0.05679832398891449,-0.025530217215418816,2.60841030627127
433,0.05679832398891449,-0.025530217215418816,2.23434490656395
434,0.05679832398891449,-0.025530217215418816,1.95411089866157
435,0.045059431344270706,-0.02599260024726391,5.50307692307692
436,0.045059431344270706,-0.02599260024726391,4.25833333333333
437,0.045059431344270706,-0.02599260024726391,3.47281553398058
438,0.045059431344270706,-0.02599260024726391,2.93196721311475
439,0.045059431344270706,-0.02599260024726391,2.53687943262411
440,0.05605997145175934,-0.022221477702260017,4.7034845496384
441,0.05605997145175934,-0.022221477702260017,3.51663116500082
442,0.05605997145175934,-0.022221477702260017,2.80805966243622
443,0.05605997145175934,-0.022221477702260017,2.33714472394642
444,0.05605997145175934,-0.022221477702260017,2.00149211974261
445,0.04992878437042236,-0.03149676322937012,4.38895705521472
446,0.04992878437042236,-0.03149676322937012,3.59648093841642
447,0.04992878437042236,-0.03149676322937012,3.04641589779986
448,0.04992878437042236,-0.03149676322937012,2.64228993536473
449,0.04992878437042236,-0.03149676322937012,2.33282608695652
450,0.04872296750545502,-0.025969598442316055,5.18030412744388
451,0.04872296750545502,-0.025969598442316055,4.12969020588801
452,0.04872296750545502,-0.025969598442316055,3.43337066069429
453,0.04872296750545502,-0.025969598442316055,2.93798767967146
454,0.04872296750545502,-0.025969598442316055,2.56753200143558
455,0.055754855275154114,-0.030880387872457504,5.8396821941663
456,0.055754855275154114,-0.030880387872457504,4.38362319876633
457,0.055754855275154114,-0.030880387872457504,3.50875472068272
458,0.055754855275154114,-0.030880387872457504,2.9249943781559
459,0.055754855275154114,-0.030880387872457504,2.50777032553574
460,0.046979326754808426,-0.03325999155640602,4.79169457468185
461,0.046979326754808426,-0.03325999155640602,3.61708940760091
462,0.046979326754808426,-0.03325999155640602,2.90498105035192
463,0.046979326754808426,-0.03325999155640602,2.42714164546226
464,0.046979326754808426,-0.03325999155640602,2.08429639700884
465,0.04966761916875839,-0.03499801829457283,6.12150598973189
466,0.04966761916875839,-0.03499801829457283,4.65310901049345
467,0.04966761916875839,-0.03499801829457283,3.75288522067567
468,0.04966761916875839,-0.03499801829457283,3.14452323741429
469,0.04966761916875839,-0.03499801829457283,2.70588531948157
470,0.05509248003363609,-0.03223586082458496,5.46607579462103
471,0.05509248003363609,-0.03223586082458496,4.25006930967563
472,0.05509248003363609,-0.03223586082458496,3.47664096416769
473,0.05509248003363609,-0.03223586082458496,2.94136995312885
474,0.05509248003363609,-0.03223586082458496,2.54893111638955
475,0.04805079102516174,-0.027149245142936707,4.96116504854369
476,0.04805079102516174,-0.027149245142936707,4.0819742285198
477,0.04805079102516174,-0.027149245142936707,3.46748525729057
478,0.04805079102516174,-0.027149245142936707,3.01379673512375
479,0.04805079102516174,-0.027149245142936707,2.66509375388054
480,0.04866299033164978,-0.03165165334939957,3.67122819021553
481,0.04866299033164978,-0.03165165334939957,3.0113652308124
482,0.04866299033164978,-0.03165165334939957,2.55256898192198
483,0.04866299033164978,-0.03165165334939957,2.21508927649912
484,0.04866299033164978,-0.03165165334939957,1.95642661804923
485,0.04813850298523903,-0.031589314341545105,4.20823529411765
486,0.04813850298523903,-0.031589314341545105,3.68209307312889
487,0.04813850671052933,-0.031589314341545105,3.27289363324438
488,0.04813850298523903,-0.031589314341545105,2.94554812146166
489,0.04813850298523903,-0.031589314341545105,2.67772925764192
490,0.051254384219646454,-0.026552820578217506,4.6354211663067
491,0.051254384219646454,-0.026552820578217506,3.96654807559026
492,0.051254384219646454,-0.026552820578217506,3.4663651780667
493,0.051254384219646454,-0.026552820578217506,3.07820287568575
494,0.051254384219646454,-0.026552820578217506,2.7682187540307
495,0.054906610399484634,-0.04071895405650139,4.06477272727273
496,0.054906610399484634,-0.04071895405650139,3.25638205060122
497,0.054906610399484634,-0.04071895405650139,2.71619312788711
498,0.054906610399484634,-0.04071895405650139,2.32972400879264
499,0.054906610399484634,-0.04071895405650139,2.03953245272261
500,0.04027784243226051,-0.03079797700047493,5.20795923319583
501,0.04027784243226051,-0.03079797700047493,4.35312610922367
502,0.04027784243226051,-0.03079797700047493,3.73935011760606
503,0.04027784243226051,-0.03079797700047493,3.27726665394159
504,0.04027784243226051,-0.03079797700047493,2.91682522424572
505,0.04841218888759613,-0.030873283743858337,5.51297200102749
506,0.04841218888759613,-0.030873283743858337,4.07383856119205
507,0.04841218888759613,-0.030873283743858337,3.23052607812147
508,0.04841218888759613,-0.030873283743858337,2.67647700701481
509,0.04841218888759613,-0.030873283743858337,2.28464977645306
510,0.0572243370115757,-0.019481632858514786,5.03448275862069
511,0.0572243370115757,-0.019481632858514786,3.57268300803196
512,0.0572243370115757,-0.019481632858514786,2.76875443462556
513,0.0572243370115757,-0.019481632858514786,2.26016902298397
514,0.0572243370115757,-0.019481632858514786,1.90943060498221
515,0.052271902561187744,-0.02529412880539894,5.32027764005949
516,0.052271902561187744,-0.02529412880539894,4.37170268673742
517,0.052271902561187744,-0.02529412880539894,3.71019603775542
518,0.052271902561187744,-0.02529412880539894,3.22257090947311
519,0.052271902561187744,-0.02529412880539894,2.84823229642213
520,0.044136740267276764,-0.02681741490960121,5.96166666666667
521,0.044136740267276764,-0.02681741490960121,4.4269801980198
522,0.044136740267276764,-0.02681741490960121,3.52066929133858
523,0.044136740267276764,-0.02681741490960121,2.92238562091503
524,0.044136740267276764,-0.02681741490960121,2.49790502793296
525,0.04476964473724365,-0.028858652338385582,6.050747110234
526,0.04476964473724365,-0.028858652338385582,4.75206748812647
527,0.04476964473724365,-0.028858652338385582,3.91235393842171
528,0.04476964473724365,-0.028858652338385582,3.32483869218674
529,0.04476964473724365,-0.028858652338385582,2.89073864554711
530,0.059187084436416626,-0.04618894308805466,3.94957673905042
531,0.059187084436416626,-0.04618894308805466,3.37752877949751
532,0.059187084436416626,-0.04618894308805466,2.95022475153615
533,0.059187084436416626,-0.04618894308805466,2.61889799330083
534,0.059187084436416626,-0.04618894308805466,2.35447703885732
535,0.06000329926609993,-0.0012474358081817627,4.17305074859032
536,0.06000329926609993,-0.0012474358081817627,3.66903154115736
537,0.06000329926609993,-0.0012474358081817627,3.27364246491763
538,0.06000329926609993,-0.0012474358081817627,2.95518072289157
539,0.06000329926609993,-0.0012474358081817627,2.69318609612247
540,0.048902660608291626,-0.024002816528081894,3.68572900566718
541,0.048902660608291626,-0.024002816528081894,3.03579385118075
542,0.048902660608291626,-0.024002816528081894,2.58071498142203
543,0.048902660608291626,-0.024002816528081894,2.24428654337835
544,0.048902660608291626,-0.024002816528081894,1.98545737122558
545,0.05247809737920761,-0.031536974012851715,3.70034482758621
546,0.05247809737920761,-0.031536974012851715,2.71725919173503
547,0.05247809737920761,-0.031536974012851715,2.14688700384123
548,0.052478089928627014,-0.03153696656227112,1.77442291156823
549,0.05247809737920761,-0.031536974012851715,1.51208995603652
550,0.055890683084726334,-0.031713664531707764,7.59716814159292
551,0.055890683084726334,-0.031713664531707764,5.58738919334054
552,0.055890683084726334,-0.031713664531707764,4.41850410722006
553,0.055890683084726334,-0.031713664531707764,3.65407043560429
554,0.055890683084726334,-0.031713664531707764,3.1151300510915
555,0.051185738295316696,-0.03389138728380203,4.34365513054038
556,0.051185738295316696,-0.03389138728380203,3.27451653507266
557,0.051185738295316696,-0.03389138728380203,2.6277318640955
558,0.051185738295316696,-0.03389138728380203,2.19431025228127
559,0.051185738295316696,-0.03389138728380203,1.88362295945234
560,0.05764879658818245,-0.036518558859825134,4.75580570820776
561,0.05764879658818245,-0.036518558859825134,3.65357279652722
562,0.05764879658818245,-0.036518558859825134,2.96612629047639
563,0.05764879658818245,-0.036518558859825134,2.49640869357869
564,0.05764879658818245,-0.036518558859825134,2.15512220593256
565,0.05291071534156799,-0.040315549820661545,5.06179245283019
566,0.05291071534156799,-0.040315549820661545,3.78098409174991
567,0.05291071534156799,-0.040315549820661545,3.01746196890026
568,0.05291071534156799,-0.040315549820661545,2.51049842669817
569,0.05291071534156799,-0.040315549820661545,2.14938108400433
570,0.0529593750834465,-0.03418736904859543,5.58179453836151
571,0.0529593750834465,-0.03418736904859543,4.00728189329226
572,0.0529593750834465,-0.03418736904859543,3.12560984489915
573,0.0529593750834465,-0.03418736904859543,2.56193858366409
574,0.0529593750834465,-0.03418736904859543,2.17050970873786
575,0.05281635373830795,-0.03617105633020401,4.70554702916027
576,0.05281635373830795,-0.03617105633020401,3.68256691832533
577,0.05281635373830795,-0.03617105633020401,3.02494714587738
578,0.05281635373830795,-0.03617105633020401,2.56661085864626
579,0.05281635373830795,-0.03617105633020401,2.22889188908506
580,0.05375167727470398,-0.03470343351364136,7.65570378825712
581,0.05375167727470398,-0.03470343351364136,5.63654747679015
582,0.05375167727470398,-0.03470343351364136,4.46019243957688
583,0.05375167727470398,-0.03470343351364136,3.69006989159496
584,0.05375167727470398,-0.03470343351364136,3.14673626180283
585,0.05358091741800308,-0.03163250535726547,4.93379310344828
586,0.05358091741800308,-0.03163250535726547,3.83763969602146
587,0.05358091741800308,-0.03163250535726547,3.14001463057791
588,0.05358091741800308,-0.03163250535726547,2.65701021355617
589,0.05358091741800308,-0.03163250535726547,2.30278969957082
590,0.06195588409900665,-0.026492856442928314,3.85660377358491
591,0.06195588409900665,-0.026492856442928314,3.46225509570324
592,0.06195588409900665,-0.026492856442928314,3.14107161151521
593,0.06195588409900665,-0.026492856442928314,2.87441991281114
594,0.06195588409900665,-0.026492856442928314,2.6494987901832
595,0.058828696608543396,-0.011836852878332138,4.2558001189768
596,0.058828696608543396,-0.011836852878332138,3.4543698696282
597,0.058828696608543396,-0.011836852878332138,2.9069483949614
598,0.058828696608543396,-0.011836852878332138,2.50929498421606
599,0.058828696608543396,-0.011836852878332138,2.207343412527
600,0.05064420402050018,-0.0344797745347023,7.20201342281879
601,0.05064420402050018,-0.0344797745347023,5.24384284597342
602,0.05064420402050018,-0.0344797745347023,4.12286768095897
603,0.05064420402050018,-0.0344797745347023,3.39674601164852
604,0.05064420402050018,-0.0344797745347023,2.88809344385833
605,0.0490768626332283,-0.03877374902367592,3.6605833191199
606,0.0490768626332283,-0.03877374902367592,3.48239493753042
607,0.0490768626332283,-0.03877374902367592,3.32074887822992
608,0.0490768626332283,-0.03877374902367592,3.1734437379861
609,0.0490768626332283,-0.03877374529838562,3.0386521308226
610,0.052882421761751175,-0.041212111711502075,5.08988284399753
611,0.052882421761751175,-0.041212111711502075,4.02041867653257
612,0.052882421761751175,-0.041212111711502075,3.32234245112153
613,0.052882421761751175,-0.041212111711502075,2.83081955536797
614,0.052882421761751175,-0.041212111711502075,2.46598952109569
615,0.04907376319169998,-0.034194789826869965,6.87355880092237
616,0.04907376319169998,-0.034194789826869965,4.99110475459588
617,0.04907376319169998,-0.034194789826869965,3.91806780217975
618,0.04907376319169998,-0.034194789826869965,3.22477405395659
619,0.04907376319169998,-0.034194789826869965,2.73994638069705
620,0.05108891800045967,-0.036666564643383026,4.44716121011189
621,0.05108891800045967,-0.036666564643383026,3.49133713397042
622,0.05108891800045967,-0.036666564643383026,2.87369634581833
623,0.05108891800045967,-0.036666564643383026,2.44173683920113
624,0.05108891800045967,-0.036666564643383026,2.12266810142757
625,0.052836813032627106,-0.041355837136507034,3.98699609882965
626,0.052836813032627106,-0.041355837136507034,3.30433711567181
627,0.052836813032627106,-0.041355837136507034,2.82127458197497
628,0.052836813032627106,-0.041355837136507034,2.46143612445953
629,0.052836813032627106,-0.041355837136507034,2.18300547226234
630,0.05366101115942001,-0.03156213462352753,5.10635260528194
631,0.05366101115942001,-0.03156213462352753,4.11899049995202
632,0.05366101115942001,-0.03156213462352753,3.4515921518173
633,0.05366101115942001,-0.03156213462352753,2.97031347311605
634,0.05366101115942001,-0.03156213462352753,2.60682618729503
635,0.058531925082206726,-0.027649175375699997,5.56010362694301
636,0.058531925082206726,-0.027649175375699997,4.31072056239016
637,0.058531925082206726,-0.027649175375699997,3.51980319803198
638,0.058531925082206726,-0.027649175375699997,2.97412090767365
639,0.058531925082206726,-0.027649175375699997,2.574925014997
640,0.054561927914619446,-0.03656782954931259,5.3655
641,0.054561927914619446,-0.03656782954931259,4.16374042099137
642,0.054561927914619446,-0.03656782954931259,3.40180694246315
643,0.054561927914619446,-0.03656782954931259,2.87559456019294
644,0.054561927914619446,-0.03656782954931259,2.49036899512648
645,0.05804257467389107,-0.019704703241586685,3.79388368393141
646,0.05804257467389107,-0.019704703241586685,3.42553429205305
647,0.05804257467389107,-0.019704703241586685,3.1223812849162
648,0.05804257467389107,-0.019704703241586685,2.86852270145284
649,0.05804257467389107,-0.019704703241586685,2.6528392375961
650,0.05825434997677803,-0.03569318726658821,6.57577057417734
651,0.05825434997677803,-0.03569318726658821,4.77087061386447
652,0.05825434997677803,-0.03569318726658821,3.74339385694103
653,0.05825434997677803,-0.03569318726658821,3.08005826594241
654,0.05825434997677803,-0.03569318726658821,2.61642366021359
655,0.06079576537013054,-0.04788101091980934,4.25495638382236
656,0.06079576537013054,-0.04788101091980934,3.3323499728282
657,0.06079576537013054,-0.04788101091980934,2.7385479137425
658,0.06079576537013054,-0.04788101091980934,2.32436237613039
659,0.06079576537013054,-0.04788101091980934,2.01900282220132
660,0.059156179428100586,-0.0398574024438858,5.1112169564182
661,0.059156179428100586,-0.0398574024438858,3.75715561157502
662,0.059156179428100586,-0.0398574024438858,2.97027236492471
663,0.059156179428100586,-0.0398574024438858,2.45591550423966
664,0.059156179428100586,-0.0398574024438858,2.09340434248259
665,0.04807445406913757,-0.030512914061546326,6.78318584070797
666,0.04807445406913757,-0.030512914061546326,4.97150799166088
667,0.04807445406913757,-0.030512914061546326,3.9235831809872
668,0.04807445406913757,-0.030512914061546326,3.24052544164276
669,0.04807445406913757,-0.030512914061546326,2.76003086419753
670,0.055784326046705246,-0.04223151132464409,5.20366598778004
671,0.05578431859612465,-0.04223151132464409,3.96860178071173
672,0.05578431859612465,-0.04223151132464409,3.20735261152208
673,0.05578431859612465,-0.04223151132464409,2.69114300223823
674,0.05578431859612465,-0.04223151132464409,2.31806104594647
675,0.05729186534881592,-0.04164094105362892,4.17727431974775
676,0.05729186534881592,-0.04164094105362892,3.47883876614851
677,0.05729186534881592,-0.04164094105362892,2.98050216642595
678,0.05729186534881592,-0.04164094105362892,2.60704784811049
679,0.05729186534881592,-0.04164094105362892,2.31675986096418
680,0.05142314359545708,-0.033306822180747986,4.79490616621984
681,0.05142314359545708,-0.033306822180747986,3.93238972103889
682,0.05142314359545708,-0.033306822180747986,3.33286745865362
683,0.05142314359545708,-0.033306822180747986,2.89196563921172
684,0.05142314359545708,-0.033306822180747986,2.55408782577651
685,0.050080668181180954,-0.03558667376637459,5.11
686,0.050080668181180954,-0.03558667376637459,4.00149156334483
687,0.050080668181180954,-0.03558667376637459,3.28818752872683
688,0.050080668181180954,-0.03558667376637459,2.79071581821728
689,0.050080668181180954,-0.03558667376637459,2.42398915744296
690,0.04805099964141846,-0.026033729314804077,5.3655
691,0.04805099964141846,-0.026033729314804077,4.34453441295547
692,0.04805099964141846,-0.026033729314804077,3.65
693,0.04805099964141846,-0.026033729314804077,3.14692082111437
694,0.04805099964141846,-0.026033729314804077,2.76572164948454
695,0.049959197640419006,-0.027018839493393898,5.25642909625276
696,0.049959197640419006,-0.027018839493393898,4.03971577808103
697,0.049959197640419006,-0.027018839493393898,3.28039740160489
698,0.049959197640419006,-0.027018839493393898,2.76136253980508
699,0.049959197640419006,-0.027018839493393898,2.38413685847589
700,0.04971819370985031,-0.028534844517707825,5.84477124183007
701,0.04971819370985031,-0.028534844517707825,4.55427055702918
702,0.04971819370985031,-0.028534844517707825,3.73057535199027
703,0.04971819370985031,-0.028534844517707825,3.15919629057187
704,0.04971819370985031,-0.028534844517707825,2.73959663007404
705,0.05025991424918175,-0.031324997544288635,5.07495861905888
706,0.05025991424918175,-0.031324997544288635,4.03386931556541
707,0.05025991424918175,-0.031324997544288635,3.34721377438825
708,0.05025991424918175,-0.031324997544288635,2.86032238933276
709,0.05025991424918175,-0.031324997544288635,2.4970912644855
710,0.0470234677195549,-0.027345020323991776,5.41559424678274
711,0.0470234677195549,-0.027345020323991776,3.97481248263728
712,0.0470234677195549,-0.027345020323991776,3.13955529549444
713,0.0470234677195549,-0.027345020323991776,2.59437896645512
714,0.0470234677195549,-0.027345020323991776,2.21052631578947
715,0.05338598042726517,-0.03855578228831291,4.78741913896944
716,0.05338598042726517,-0.03855578228831291,3.94808730604023
717,0.05338598042726517,-0.03855578228831291,3.35915856693431
718,0.05338598042726517,-0.03855578228831291,2.92312197380876
719,0.05338598042726517,-0.03855578228831291,2.58727939049089
720,0.05113726109266281,-0.037604920566082,4.01910112359551
721,0.05113726109266281,-0.037604920566082,3.52355934986045
722,0.05113726109266281,-0.037604920566082,3.13680210464776
723,0.05113726109266281,-0.037604920566082,2.82655077044646
724,0.05113726109266281,-0.037604920566082,2.57214765100671
725,0.056484512984752655,-0.042716141790151596,4.14564419548001
726,0.056484512984752655,-0.042716141790151596,3.39803673210893
727,0.056484512984752655,-0.042716141790151596,2.87887323943662
728,0.056484512984752655,-0.042716141790151596,2.49732371421922
729,0.056484512984752655,-0.042716141790151596,2.2050755162848
730,0.05196497589349747,-0.03438260406255722,4.76933333333333
731,0.05196497216820717,-0.03438260406255722,3.88434912447401
732,0.05196497589349747,-0.03438260406255722,3.27639111518205
733,0.05196497589349747,-0.03438260406255722,2.83298683298683
734,0.05196497589349747,-0.03438260406255722,2.49529124520405
735,0.04711885005235672,-0.03167573735117912,3.94464049404499
736,0.04711885005235672,-0.03167573735117912,3.58087928589305
737,0.04711885005235672,-0.03167573735117912,3.27854327701567
738,0.04711885005235672,-0.03167573735117912,3.02328529772218
739,0.04711885005235672,-0.03167573735117912,2.8049035495844
740,0.04755573347210884,-0.03095349669456482,3.94464049404499
741,0.04755573347210884,-0.03095349669456482,3.56251244937255
742,0.04755573347210884,-0.03095349669456482,3.2478813559322
743,0.04755573347210884,-0.03095349669456482,2.98431503420657
744,0.04755573347210884,-0.03095349669456482,2.7603148472065
745,0.05046924948692322,-0.033391691744327545,7.06126209120221
746,0.05046924948692322,-0.033391691744327545,5.13506400287116
747,0.05046924948692322,-0.033391691744327545,4.03451387322355
748,0.05046924948692322,-0.033391691744327545,3.3224453147979
749,0.05046924948692322,-0.033391691744327545,2.82402168478118
750,0.05060580372810364,-0.04048927500844002,5.10149750415973
751,0.05060580372810364,-0.04048927500844002,4.30151922074799
752,0.05060580372810364,-0.04048927500844002,3.7184240618178
753,0.05060580372810364,-0.04048927500844002,3.27454151536419
754,0.05060580372810364,-0.04048927500844002,2.92533326063844
755,0.04399208351969719,-0.021818969398736954,3.67877956804937
756,0.04399208351969719,-0.021818969398736954,2.94278153323004
757,0.04399208351969719,-0.021818969398736954,2.45218345101803
758,0.04399208351969719,-0.021818969398736954,2.10178919432394
759,0.04399208351969719,-0.021818969398736954,1.83901151631478
760,0.05187598243355751,-0.03451615571975708,4.92926045016077
761,0.05187598243355751,-0.03451615571975708,3.66198865332935
762,0.05187598243355751,-0.03451615571975708,2.91306413301663
763,0.05187598243355751,-0.03451615571975708,2.41845789785052
764,0.05187598243355751,-0.03451615571975708,2.06743088334457
765,0.05668969452381134,-0.02994254231452942,5.27684893784422
766,0.05668969452381134,-0.02994254231452942,4.42023314248054
767,0.05668969452381134,-0.02994254231452942,3.80289177120987
768,0.05668969452381134,-0.02994254231452942,3.33685748934979
769,0.05668969452381134,-0.02994254231452942,2.97257617728532
770,0.05722697451710701,-0.030723657459020615,4.47759325711425
771,0.05722697451710701,-0.030723657459020615,3.86118307426598
772,0.05722697451710701,-0.030723657459020615,3.39395281168954
773,0.05722697451710701,-0.030723657459020615,3.02759282248053
774,0.05722697451710701,-0.030723657459020615,2.73262032085562
775,0.06013761833310127,-0.04826786741614342,3.80329611908559
776,0.06013761833310127,-0.04826786741614342,3.10043699664127
777,0.06013761833310127,-0.04826786741614342,2.61683838322258
778,0.06013761833310127,-0.04826786741614342,2.26374495688632
779,0.06013761833310127,-0.04826786741614342,1.99460966542751
780,0.04460097849369049,-0.02292395755648613,4.32440056417489
781,0.04460097849369049,-0.02292395755648613,3.56630109670987
782,0.04460097849369049,-0.02292395755648613,3.03435600169659
783,0.04460097849369049,-0.02292395755648613,2.64050196850394
784,0.04460097849369049,-0.02292395755648613,2.33714472394642
785,0.05518091470003128,-0.03152851387858391,3.67915795248054
786,0.05518091470003128,-0.03152851387858391,3.20565193687874
787,0.05518091470003128,-0.03152851387858391,2.84012862757553
788,0.05518091470003128,-0.03152851387858391,2.54943070791782
789,0.05518091470003128,-0.03152851387858391,2.31271551724138
790,0.05259707570075989,-0.03564738109707832,4.62642810950636
791,0.05259707570075989,-0.03564738109707832,3.84951347473208
792,0.052597083151340485,-0.03564738109707832,3.29601474314674
793,0.05259707570075989,-0.03564738109707832,2.88167567386123
794,0.05259707570075989,-0.03564738109707832,2.55987595419847
795,0.04696335643529892,-0.028861667960882187,4.5927669591269
796,0.04696335643529892,-0.028861667960882187,3.39561743532948
797,0.04696335643529892,-0.028861667960882187,2.69352409638554
798,0.04696335643529892,-0.028861667960882187,2.23202121574541
799,0.04696335643529892,-0.028861667960882187,1.90553138595401
800,0.05301508679986,-0.03054047003388405,6.27543859649123
801,0.05301508679986,-0.03054047003388405,5.03802816901408
802,0.05301508679986,-0.03054047003388405,4.20823529411765
803,0.05301508679986,-0.03054047003388405,3.61313131313131
804,0.05301508679986,-0.03054047003388405,3.16548672566372
805,0.05614926293492317,-0.037867799401283264,3.975622406639
806,0.05614926293492317,-0.037867799401283264,3.26105784571437
807,0.05614926293492317,-0.037867799401283264,2.76422554802813
808,0.05614926293492317,-0.037867799401283264,2.39876608062948
809,0.05614926293492317,-0.037867799401283264,2.11865745310958
810,0.05391718074679375,-0.034745022654533386,4.13765182186235
811,0.05391718074679375,-0.034745022654533386,3.06775300171527
812,0.05391718074679375,-0.034745022654533386,2.43747870528109
813,0.05391718074679375,-0.034745022654533386,2.02204635387224
814,0.05391718074679375,-0.034745022654533386,1.72760202849553
815,0.049979034811258316,-0.03289804607629776,4.24150197628458
816,0.049979034811258316,-0.03289804607629776,3.57104825291181
817,0.049979034811258316,-0.03289804607629776,3.08362068965517
818,0.049979034811258316,-0.03289804607629776,2.71327433628319
819,0.049979034811258316,-0.03289804607629776,2.42234762979684
820,0.047637972980737686,-0.03444402664899826,6.34219858156028
821,0.047637972980737686,-0.03444402664899826,4.91768345076474
822,0.047637972980737686,-0.03444402664899826,4.01571709233792
823,0.047637972980737686,-0.03444402664899826,3.39333570496858
824,0.047637972980737686,-0.03444402664899826,2.93798767967146
825,0.046839989721775055,-0.03106682375073433,6.25240342597448
826,0.046839989721775055,-0.03106682375073433,4.55654278526162
827,0.046839989721775055,-0.03106682375073433,3.58434791322211
828,0.046839989721775055,-0.03106682375073433,2.95406214514298
829,0.046839989721775055,-0.03106682375073433,2.51229105211406
830,0.05621754005551338,-0.024388384073972702,4.30963855421687
831,0.05621754005551338,-0.024388384073972702,3.24199395770393
832,0.05621754005551338,-0.024388384073972702,2.59830508474576
833,0.05621754005551338,-0.024388384073972702,2.16787878787879
834,0.05621754005551338,-0.024388384073972702,1.85979202772964
835,0.05027616024017334,-0.02689901739358902,4.17548638132296
836,0.05027616024017334,-0.02689901739358902,3.17720207253886
837,0.05027616024017334,-0.02689901739358902,2.56415770609319
838,0.05027616024017334,-0.02689901739358902,2.14942413620431
839,0.05027616024017334,-0.02689901739358902,1.8501724137931
840,0.057110436260700226,-0.0011083073914051056,7.23844856661045
841,0.057110436260700226,-0.0011083073914051056,5.33913800609491
842,0.057110436260700226,-0.0011083073914051056,4.22938220514336
843,0.057110436260700226,-0.0011083073914051056,3.50157033894849
844,0.057110436260700226,-0.0011083073914051056,2.98747216035635
845,0.05320996418595314,-0.01871657371520996,5.44582593250444
846,0.05320996418595314,-0.01871657371520996,4.59325842696629
847,0.05320996418595314,-0.01871657371520996,3.97150259067358
848,0.05320996418595314,-0.01871657371520996,3.49800342270394
849,0.05320996418595314,-0.01871657371520996,3.12538226299694
850,0.052210964262485504,-0.004355225712060928,4.66565217391304
851,0.052210964262485504,-0.004355225712060928,4.00990237750479
852,0.052210964262485504,-0.004355225712060928,3.51576705708903
853,0.0522109679877758,-0.004355225712060928,3.1300543260291
854,0.052210964262485504,-0.004355225712060928,2.82060717571297
855,0.05003071203827858,-0.012159869074821472,3.74502687233894
856,0.05003071203827858,-0.012159869074821472,3.23522539701681
857,0.05003071203827858,-0.012159869074821472,2.84758985789914
858,0.05003071203827858,-0.012159869074821472,2.54290605987002
859,0.05003071203827858,-0.012159869074821472,2.2971208391309
860,0.05029124766588211,-0.02852703630924225,5.54716981132076
861,0.05029124766588211,-0.02852703630924225,3.8832948839734
862,0.05029124766588211,-0.02852703630924225,2.98726424942585
863,0.05029124766588211,-0.02852703630924225,2.42721026887953
864,0.05029124766588211,-0.02852703630924225,2.044
865,0.05624246969819069,-0.03158045560121536,4.74508069865134
866,0.05624246969819069,-0.03158045560121536,3.51044776119403
867,0.05624246969819069,-0.03158045560121536,2.78564475306639
868,0.05624246969819069,-0.03158045560121536,2.3089212232054
869,0.05624246969819069,-0.03158045560121536,1.97152305713761
870,0.04789593070745468,-0.02783377654850483,3.87051397655546
871,0.04789593070745468,-0.02783377654850483,3.0816946305111
872,0.04789593070745468,-0.02783377654850483,2.55996755609099
873,0.04789593070745468,-0.02783377654850483,2.18931863042624
874,0.04789593070745468,-0.02783377654850483,1.9124251497006
875,0.05019565671682358,-0.024829847738146782,4.68295876063714
876,0.05019565671682358,-0.024829847738146782,3.67107119948685
877,0.05019565671682358,-0.024829847738146782,3.0187776918208
878,0.05019565671682358,-0.024829847738146782,2.56331551760174
879,0.05019565671682358,-0.024829847738146782,2.22727272727273
880,0.05353739112615585,-0.03580591827630997,4.15736866573687
881,0.05353739112615585,-0.03580591827630997,3.25981955709469
882,0.05353739112615585,-0.03580591827630997,2.6810073452256
883,0.05353739112615585,-0.03580591827630997,2.27674877474381
884,0.05353739112615585,-0.03580591827630997,1.97842920353982
885,0.05480920150876045,-0.038994647562503815,3.831815747188
886,0.05480920150876045,-0.038994647562503815,3.19577113501843
887,0.05480920150876045,-0.038994647562503815,2.74082114807484
888,0.05480920150876045,-0.038994647562503815,2.39926217825103
889,0.05480920150876045,-0.038994647562503815,2.13339960238569
890,0.05866910517215729,-0.026184748858213425,4.66159860990443
891,0.05866910517215729,-0.026184748858213425,3.70171701579034
892,0.05866910517215729,-0.026184748858213425,3.06963971566286
893,0.05866910517215729,-0.026184748858213425,2.62193743853498
894,0.05866910517215729,-0.026184748858213425,2.28820606861846
895,0.05684903264045715,-0.0008645467460155487,5.55578565881439
896,0.05684903264045715,-0.0008645467460155487,4.55277309320011
897,0.05684903264045715,-0.0008645467460155487,3.85653447377406
898,0.05684903264045715,-0.0008645467460155487,3.34499661011666
899,0.05684903264045715,-0.0008645467460155487,2.95326948480845
900,0.05324973538517952,-0.03523265942931175,5.32952570151478
901,0.05324973538517952,-0.03523265942931175,4.11839769728952
902,0.05324973538517952,-0.03523265942931175,3.35579704479712
903,0.05324973538517952,-0.03523265942931175,2.83149180381939
904,0.05324973538517952,-0.03523265942931175,2.44888178913738
905,0.051454827189445496,-0.03882629796862602,5.22825822168088
906,0.051454827189445496,-0.03882629796862602,4.02652833409942
907,0.051454827189445496,-0.03882629796862602,3.27399203697771
908,0.051454827189445496,-0.03882629796862602,2.75845227461137
909,0.051454827189445496,-0.03882629796862602,2.38318379674869
910,0.05124633014202118,-0.039078693836927414,5.12366310160428
911,0.05124633014202118,-0.039078693836927414,3.98718127351261
912,0.05124633014202118,-0.039078693836927414,3.26333875651923
913,0.05124633014202118,-0.039078693836927414,2.76193111258389
914,0.051246337592601776,-0.039078690111637115,2.39408339468576
915,0.05785291641950607,-0.03252152353525162,5.63454975059071
916,0.05785291641950607,-0.03252152353525162,4.50423413118986
917,0.05785291641950607,-0.03252152353525162,3.75163878546332
918,0.05785291641950607,-0.03252152353525162,3.21453445267391
919,0.05785291641950607,-0.03252152353525162,2.81195954090456
920,0.0530703105032444,-0.03858970105648041,5.703428115865
921,0.0530703105032444,-0.03858970105648041,4.88272096462291
922,0.0530703105032444,-0.03858970105648041,4.26849642004773
923,0.0530703105032444,-0.03858970105648041,3.79153785001325
924,0.0530703105032444,-0.03858970105648041,3.41045606229143
925,0.059346139430999756,-0.03707956150174141,3.72668866122591
926,0.059346139430999756,-0.03707956150174141,3.3322464949462
927,0.059346139430999756,-0.03707956150174141,3.01331012018421
928,0.059346139430999756,-0.03707956150174141,2.75009289988596
929,0.059346139430999756,-0.03707956150174141,2.52916637205685
930,0.049554936587810516,-0.045139651745557785,3.99664804469274
931,0.049554936587810516,-0.045139651745557785,3.51490337373076
932,0.049554936587810516,-0.045139651745557785,3.13680210464776
933,0.049554936587810516,-0.045139651745557785,2.83214568487728
934,0.049554936587810516,-0.045139651745557785,2.58142891508299
935,0.054458681493997574,-0.030143173411488533,5.65861632566969
936,0.054458681493997574,-0.030143173411488533,4.28865600330911
937,0.054458681493997574,-0.030143173411488533,3.45274158492776
938,0.054458681493997574,-0.030143173411488533,2.88953408921851
939,0.054458681493997574,-0.030143173411488533,2.48429806020562
940,0.05266014486551285,-0.03771322965621948,6.66521739130435
941,0.05266014486551285,-0.03771322965621948,5.13144209733529
942,0.05266014486551285,-0.03771322965621948,4.17150965033334
943,0.05266014486551285,-0.03771322965621948,3.51412642144302
944,0.05266014486551285,-0.03771322965621948,3.03572944071968
945,0.055935971438884735,-0.033233191817998886,4.18607372732592
946,0.055935971438884735,-0.033233191817998886,3.34377190932461
947,0.055935971438884735,-0.033233191817998886,2.78365758754864
948,0.055935971438884735,-0.033233191817998886,2.38426928845192
949,0.055935971438884735,-0.033233191817998886,2.08510638297872
950,0.0586310550570488,-0.02788759395480156,5.33880597014925
951,0.0586310550570488,-0.02788759395480156,4.01158878504673
952,0.0586310550570488,-0.02788759395480156,3.21287425149701
953,0.0586310550570488,-0.02788759395480156,2.67940074906367
954,0.0586310550570488,-0.02788759395480156,2.29785867237687
955,0.06292381137609482,-0.04474281147122383,3.81682375955895
956,0.06292381137609482,-0.04474281147122383,3.22833935018051
957,0.06292381137609482,-0.04474281147122383,2.79708067248794
958,0.06292381137609482,-0.04474281147122383,2.46746378477811
959,0.06292381137609482,-0.04474281147122383,2.207343412527
960,0.05655713006854057,-0.024745969101786613,4.72419106317411
961,0.05655713006854057,-0.024745969101786613,3.72587995312703
962,0.05655713006854057,-0.024745969101786613,3.07588677893228
963,0.05655713006854057,-0.024745969101786613,2.61899386802526
964,0.05655713006854057,-0.024745969101786613,2.28028049298768
965,0.05909200757741928,-0.045341625809669495,3.98699609882965
966,0.05909200757741928,-0.045341625809669495,3.2035226509441
967,0.05909200757741928,-0.045341625809669495,2.67739520958084
968,0.05909200757741928,-0.045341625809669495,2.29970533083311
969,0.05909200757741928,-0.045341625809669495,2.01540050708987
970,0.043867867439985275,-0.030789190903306007,4.70761131827155
971,0.043867867439985275,-0.030789190903306007,3.9426115070909
972,0.043867867439985275,-0.030789190903306007,3.39148573053949
973,0.043867867439985275,-0.030789190903306007,2.97554347826087
974,0.043867867439985275,-0.030789190903306007,2.65048040111641
975,0.05856882035732269,-0.02119157463312149,5.28881222276984
976,0.05856882035732269,-0.021191570907831192,4.1213634181469
977,0.05856882035732269,-0.021191570907831192,3.37612081170363
978,0.05856882035732269,-0.021191570907831192,2.85912209418504
979,0.05856882035732269,-0.021191570907831192,2.47943622920518
980,0.0543300025165081,-0.004384677857160568,4.28674150121839
981,0.0543300025165081,-0.004384677857160568,3.89941677719435
982,0.0543300025165081,-0.004384677857160568,3.57628474305139
983,0.0543300025165081,-0.004384677857160568,3.30260829422174
984,0.0543300025165081,-0.004384677857160568,3.06784070442265
985,0.05380643904209137,-0.031290002167224884,4.00485165142751
986,0.05380643904209137,-0.031290002167224884,3.11721132897603
987,0.05380643904209137,-0.031290002167224884,2.55165854238497
988,0.05380643904209137,-0.031290002167224884,2.15980678273121
989,0.05380643904209137,-0.031290002167224884,1.87228474221408
990,0.05396848917007446,-0.03662489354610443,3.86424198775657
991,0.05396848917007446,-0.03662489354610443,3.07456485925077
992,0.05396848917007446,-0.03662489354610443,2.55287260616153
993,0.05396848917007446,-0.03662489354610443,2.18253927899527
994,0.05396848917007446,-0.03662489354610443,1.90603907637655
995,0.05825825035572052,-0.0343109592795372,5.42572555364546
996,0.05825825035572052,-0.0343109592795372,3.9432634538005
997,0.05825825035572052,-0.0343109592795372,3.09705907818407
998,0.05825825035572052,-0.0343109592795372,2.5498699045967
999,0.05825825035572052,-0.0343109592795372,2.16700323101777
1000,0.044310301542282104,-0.02435038611292839,3.86772391421878
1001,0.044310301542282104,-0.02435038611292839,3.51691929537075
1002,0.044310301542282104,-0.02435038611292839,3.22445913461538
1003,0.044310301542282104,-0.02435038611292839,2.97690547194674
1004,0.044310301542282104,-0.02435038611292839,2.76465284039675
1005,0.05085743963718414,-0.02898804098367691,3.72604166666667
1006,0.05085743963718414,-0.02898804098367691,2.98560200319955
1007,0.05085743963718414,-0.02898804098367691,2.4906580016247
1008,0.05085743963718414,-0.02898804098367691,2.13647902045692
1009,0.05085743963718414,-0.02898804098367691,1.87048980303294
1010,0.05970047041773796,-0.039828553795814514,3.72798332464825
1011,0.05970047041773796,-0.039828553795814514,2.8962585607773
1012,0.05970047041773796,-0.039828553795814514,2.36795939758371
1013,0.05970047041773796,-0.039828553795814514,2.00265938834068
1014,0.05970047041773796,-0.039828553795814514,1.73500404203719
1015,0.04682570695877075,-0.02456929162144661,5.50872689938398
1016,0.04682570695877075,-0.02456929162144661,3.93365102639296
1017,0.04682570695877075,-0.02456929162144661,3.05900798175599
1018,0.04682570695877075,-0.02456929162144661,2.50256529850746
1019,0.04682570695877075,-0.02456929162144661,2.11740331491713
1020,0.044797495007514954,-0.02474154718220234,4.84469525959368
1021,0.044797495007514954,-0.02474154718220234,4.08158607901869
1022,0.044797495007514954,-0.02474154718220234,3.52616446233467
1023,0.044797495007514954,-0.02474154718220234,3.10379984815069
1024,0.044797495007514954,-0.02474154718220234,2.77179387834173
1025,0.05435914918780327,-0.038290999829769135,5.83682349741637
1026,0.05435914918780327,-0.038290999829769135,4.55402896398069
1027,0.05435914918780327,-0.038290999829769135,3.73349569452901
1028,0.05435914918780327,-0.038290999829769135,3.16350370343074
1029,0.05435914918780327,-0.038290999829769135,2.74450127877238
1030,0.05483070760965347,-0.03735676035284996,3.66183245180003
1031,0.05483070760965347,-0.03735676035284996,3.10975874809824
1032,0.05483070760965347,-0.03735676035284996,2.70234197935029
1033,0.05483070760965347,-0.03735676035284996,2.3893125521848
1034,0.05483070760965347,-0.03735676035284996,2.14127506734511
1035,0.05616076663136482,-0.03098590299487114,5.69888475836431
1036,0.056160762906074524,-0.030985906720161438,4.30574781823653
1037,0.05616076663136482,-0.03098590299487114,3.45993873931968
1038,0.05616076663136482,-0.03098590299487114,2.8918682207101
1039,0.05616076663136482,-0.03098590299487114,2.48402777777778
1040,0.048536114394664764,-0.023656288161873817,5.82731468911214
1041,0.048536114394664764,-0.023656288161873817,4.4158222313667
1042,0.048536114394664764,-0.023656288161873817,3.55478260869565
1043,0.048536114394664764,-0.023656288161873817,2.97473924945424
1044,0.048536114394664764,-0.023656288161873817,2.55743565300286
1045,0.05666463077068329,-0.029342280700802803,6.56932966023875
1046,0.05666463077068329,-0.029342280700802803,5.14571370344175
1047,0.05666463077068329,-0.029342280700802803,4.22921552012927
1048,0.05666463077068329,-0.029342280700802803,3.58983365531776
1049,0.05666463077068329,-0.029342280700802803,3.11838893409276
1050,0.051931869238615036,-0.012147877365350723,3.81614509246088
1051,0.051931869238615036,-0.012147877365350723,3.39065523914847
1052,0.051931869238615036,-0.012147877365350723,3.05052945774998
1053,0.051931869238615036,-0.012147877365350723,2.77242047472953
1054,0.051931869238615036,-0.012147877365350723,2.54078371019297
1055,0.060819026082754135,-0.03152195364236832,3.87708649468892
1056,0.060819026082754135,-0.03152195364236832,3.1972469888941
1057,0.060819026082754135,-0.03152195364236832,2.72025552302369
1058,0.060819026082754135,-0.03152195364236832,2.36711059640996
1059,0.060819026082754135,-0.03152195364236832,2.09512095120951
1060,0.052812281996011734,-0.03993833065032959,3.66809092462827
1061,0.052812281996011734,-0.03993833065032959,2.79881328855997
1062,0.052812281996011734,-0.03993833065032959,2.26261135417216
1063,0.052812281996011734,-0.03993833065032959,1.89882993076906
1064,0.052812281996011734,-0.03993833065032959,1.63582317073171
1065,0.056272007524967194,-0.024738922715187073,4.39542885229786
1066,0.056272007524967194,-0.024738922715187073,3.87533630667557
1067,0.056272007524967194,-0.024738922715187073,3.46530177285497
1068,0.056272007524967194,-0.024738922715187073,3.13373340926015
1069,0.056272007524967194,-0.024738922715187073,2.86007462686567
1070,0.05213122442364693,-0.03953983634710312,4.20576131687243
1071,0.05213122442364693,-0.03953983634710312,3.37028894472362
1072,0.05213122442364693,-0.03953983634710312,2.8117385038648
1073,0.05213122442364693,-0.03953983634710312,2.41200269723533
1074,0.05213122442364693,-0.03953983634710312,2.11177801830168
1075,0.05077744275331497,-0.03350735455751419,4.37732000815827
1076,0.05077744275331497,-0.03350735455751419,3.44052580955434
1077,0.05077744275331497,-0.03350735455751419,2.83401558167173
1078,0.05077744275331497,-0.03350735455751419,2.40929501571621
1079,0.05077744275331497,-0.03350735455751419,2.09528458459436
1080,0.05300198122859001,-0.0335189625620842,4.11701515442164
1081,0.05300198122859001,-0.0335189625620842,3.35818618515244
1082,0.05300198122859001,-0.0335189625620842,2.83555074053033
1083,0.05300198122859001,-0.0335189625620842,2.45368332599736
1084,0.05300198122859001,-0.0335189625620842,2.1624617120748
1085,0.05859064683318138,-0.033552467823028564,5.39246231155779
1086,0.05859064683318138,-0.033552467823028564,4.17284790745151
1087,0.05859064683318138,-0.033552467823028564,3.40315547451043
1088,0.05859064683318138,-0.033552467823028564,2.87318852705914
1089,0.05859064683318138,-0.033552467823028564,2.48604193212093
1090,0.048019543290138245,-0.020230412483215332,3.75603780189009
1091,0.048019543290138245,-0.020230412483215332,2.49326208178439
1092,0.048019543290138245,-0.020230412483215332,1.86593635889411
1093,0.048019543290138245,-0.020230412483215332,1.49083078632954
1094,0.048019543290138245,-0.020230412483215332,1.2412955465587
1095,0.050423454493284225,-0.03059733659029007,4.43155069172001
1096,0.050423454493284225,-0.03059733659029007,3.43444203518935
1097,0.050423458218574524,-0.03059733286499977,2.80362111533487
1098,0.050423454493284225,-0.03059733659029007,2.36857352543551
1099,0.050423454493284225,-0.03059733659029007,2.05040507490064
1100,0.05473578721284866,-0.03997618705034256,3.84073013600573
1101,0.05473578721284866,-0.03997618705034256,3.26800968434516
1102,0.05473578721284866,-0.03997618705034256,2.84392971669361
1103,0.05473578721284866,-0.03997618705034256,2.51727090395149
1104,0.05473578721284866,-0.03997618705034256,2.25792197954804
1105,0.05667481571435928,-0.026291197165846825,4.67958921134684
1106,0.05667481571435928,-0.026291197165846825,4.11640318195549
1107,0.05667481571435928,-0.026291197165846825,3.67421356730152
1108,0.05667481571435928,-0.026291197165846825,3.31780992390309
1109,0.05667481571435928,-0.026291197165846825,3.0244356134269
1110,0.054502494633197784,-0.010325763374567032,6.01682085786375
1111,0.054502494633197784,-0.010325763374567032,4.42711717565519
1112,0.054502494633197784,-0.010325763374567032,3.50188457584806
1113,0.054502494633197784,-0.010325763374567032,2.89653217806749
1114,0.054502494633197784,-0.010325763374567032,2.46962165147749
1115,0.0514320433139801,-0.032135650515556335,4.43155069172001
1116,0.0514320433139801,-0.032135650515556335,3.55596056664734
1117,0.0514320433139801,-0.032135650515556335,2.96928610957388
1118,0.0514320433139801,-0.032135650515556335,2.54877976367199
1119,0.0514320433139801,-0.032135650515556335,2.23260168521793
1120,0.05391400307416916,-0.03878264129161835,3.97223764575236
1121,0.05391400307416916,-0.03878264129161835,3.20089485458613
1122,0.05391400307416916,-0.03878264129161835,2.68040464593481
1123,0.05391400307416916,-0.03878264129161835,2.30551079600387
1124,0.05391400307416916,-0.03878264129161835,2.02261803788521
1125,0.05490102618932724,-0.03885706886649132,3.72281006071119
1126,0.05490102618932724,-0.03885706886649132,3.01612619892492
1127,0.05490102618932724,-0.03885706886649132,2.53493178999587
1128,0.05490102618932724,-0.03885706886649132,2.18615192645598
1129,0.05490102618932724,-0.03885706886649132,1.92174068767908
1130,0.057769957929849625,-0.03744549676775932,3.88593155893536
1131,0.057769957929849625,-0.03744549676775932,2.65577726218097
1132,0.057769957929849625,-0.03744549676775932,2.01720005639363
1133,0.057769957929849625,-0.03744549676775932,1.62618628175257
1134,0.057769957929849625,-0.03744549676775932,1.36214775323686
1135,0.057723984122276306,-0.03280777856707573,4.0486700622524
1136,0.057723984122276306,-0.03280777856707573,3.15332456675213
1137,0.057723984122276306,-0.03280777856707573,2.58226751531048
1138,0.057723984122276306,-0.03280777856707573,2.18633008877955
1139,0.057723984122276306,-0.03280777856707573,1.89566845675523
1140,0.05685994029045105,-0.045126162469387054,3.96739130434783
1141,0.05685994029045105,-0.045126162469387054,2.83956497578789
1142,0.05685994029045105,-0.045126162469387054,2.21102732105328
1143,0.05685994029045105,-0.045126162469387054,1.81031428716028
1144,0.05685994029045105,-0.045126162469387054,1.53256212510711
1145,0.05022701248526573,-0.03505238890647888,6.97951219512195
1146,0.05022701248526573,-0.03505238890647888,4.3522433460076
1147,0.05022701248526573,-0.03505238890647888,3.16198895027624
1148,0.05022701248526573,-0.03505238890647888,2.48295010845987
1149,0.05022701248526573,-0.03505238890647888,2.044
1150,0.050258662551641464,-0.03557674586772919,6.53691520467836
1151,0.050258662551641464,-0.03557674586772919,4.21865786059677
1152,0.050258662551641464,-0.03557674586772919,3.11422601427825
1153,0.050258662551641464,-0.03557674586772919,2.46808804250328
1154,0.050258662551641464,-0.03557674586772919,2.044
1155,0.051531024277210236,-0.03862955421209335,3.70034482758621
1156,0.051531024277210236,-0.03862955421209335,2.8616
1157,0.051531024277210236,-0.03862955421209335,2.33282608695652
1158,0.051531028002500534,-0.03862955421209335,1.96899082568807
1159,0.051531024277210236,-0.03862955421209335,1.70333333333333
1160,0.052228111773729324,-0.038228973746299744,5.10951337967813
1161,0.052228111773729324,-0.038228973746299744,3.49589523064894
1162,0.052228111773729324,-0.038228973746299744,2.65684575389948
1163,0.052228111773729324,-0.038228973746299744,2.14260043127546
1164,0.052228111773729324,-0.038228973746299744,1.79514202549433
1165,0.04347784444689751,-0.02469141222536564,6.61060802069858
1166,0.04347784444689751,-0.02469141222536564,4.38720755526937
1167,0.04347784444689751,-0.02469141222536564,3.28300674590427
1168,0.04347784444689751,-0.02469141222536564,2.62286667522135
1169,0.04347784444689751,-0.02469141222536564,2.18376068376068
1170,0.05013905465602875,-0.029755253344774246,6.12674850128461
1171,0.05013905465602875,-0.029755253344774246,4.70941905754567
1172,0.05013905465602875,-0.029755253344774246,3.82464581662657
1173,0.05013905465602875,-0.029755253344774246,3.21974271462326
1174,0.05013905465602875,-0.029755253344774246,2.7800518134715
1175,0.048515789210796356,-0.03968668729066849,6.02188552188552
1176,0.048515789210796356,-0.03968668729066849,3.76658476658477
1177,0.048515789210796356,-0.03968668729066849,2.7402962206333
1178,0.048515789210796356,-0.03968668729066849,2.15352197471403
1179,0.048515789210796356,-0.03968668729066849,1.77371900826446
1180,0.05116391181945801,-0.03438665345311165,5.01097361662386
1181,0.05116391181945801,-0.03438665345311165,3.63313188766442
1182,0.05116391181945801,-0.03438665345311165,2.8495937118275
1183,0.05116391181945801,-0.03438665345311165,2.34406229862711
1184,0.05116391181945801,-0.03438665345311165,1.99087215450548
1185,0.046400703489780426,-0.033443383872509,6.02357563850688
1186,0.046400703489780426,-0.033443383872509,4.20563769436525
1187,0.046400703489780426,-0.033443383872509,3.23062333478843
1188,0.046400703489780426,-0.033443383872509,2.62261026828538
1189,0.046400703489780426,-0.033443383872509,2.20720720720721
1190,0.04537445679306984,-0.030512597411870956,6.97225651354688
1191,0.04537445679306984,-0.030512597411870956,4.70797275509197
1192,0.04537445679306984,-0.030512597411870956,3.55384080409333
1193,0.04537445679306984,-0.030512597411870956,2.85416015586039
1194,0.04537445679306984,-0.030512597411870956,2.38466666666667
1195,0.052897557616233826,-0.01807604730129242,6.21330554108042
1196,0.052897557616233826,-0.01807604730129242,4.1339458553639
1197,0.052897557616233826,-0.01807604730129242,3.0973719530675
1198,0.052897557616233826,-0.01807604730129242,2.47641795178012
1199,0.052897557616233826,-0.01807604730129242,2.06286043829296
1200,0.05934613198041916,-0.03707956150174141,5.98560910307898
1201,0.05934613198041916,-0.03707956150174141,4.1358976335466
1202,0.05934613198041916,-0.03707956150174141,3.15952184666117
1203,0.05934613198041916,-0.03707956150174141,2.55609546948692
1204,0.05934613198041916,-0.03707956150174141,2.1462
1205,0.057941459119319916,-0.03299621120095253,4.20082207868467
1206,0.057941459119319916,-0.03299621120095253,3.22622832532864
1207,0.057941459119319916,-0.03299621120095253,2.61869028880999
1208,0.057941459119319916,-0.03299621120095253,2.20370570024797
1209,0.057941459119319916,-0.03299621120095253,1.90225483939587
1210,0.059346139430999756,-0.03707955777645111,3.83674782795238
1211,0.059346139430999756,-0.03707955777645111,3.11253235876351
1212,0.059346139430999756,-0.03707955777645111,2.61830692090912
1213,0.059346139430999756,-0.03707955777645111,2.25952655433255
1214,0.059346139430999756,-0.03707955777645111,1.98722222222222
1215,0.05493843927979469,-0.02590983919799328,4.26662955747286
1216,0.05493843927979469,-0.02590983919799328,3.36362033499853
1217,0.05493843927979469,-0.02590983919799328,2.77607828173405
1218,0.05493843927979469,-0.02590983919799328,2.36327248602237
1219,0.054938435554504395,-0.025909841060638428,2.05734334109798
