SMILES,lnA,EaR
C=CCC(C)C,22.31901012,-3580.115792
CC(C)=CCC,22.44797402,-3777.527819
C/C=C(C)CC,22.44572367,-3771.026724
C=CCC(C)CC,22.69778369,-4080.599343
C/C=CC(C)C,22.29883589,-3599.003658
C/C=C/C(C)C,22.40864586,-3663.456197
C=C(CC)CC,22.40069547,-3721.611647
C=C(C)C(C)C,22.3483025,-3614.390587
C=CC(C)(C)C,21.90907715,-3297.435187
CC(C)=C(C)C,22.05763469,-3681.263727
C=C(CC)CCC,22.43939991,-4056.971846
C=CCCCCC,22.67645798,-4140.348882
C/C=CCCCC,22.57205937,-4147.734954
C/C=C/CCCC,22.60392463,-4157.230574
CC/C=C/CCC,22.76143006,-4200.012783
C=C(C)CCCC,22.45468343,-4034.479989
C=CC(CC)CC,22.61496871,-4017.152043
C=CC(C)CCC,22.65905245,-4034.537163
C=CC(CC)CCC,22.64548382,-4313.564755
C=CCC(C)CCC,22.70567555,-4366.438756
C/C=CCCCCCC,22.94900341,-4892.668002
C/C=C/CCCCCC,22.98732198,-4902.643766
C=CC1CCCCC1,22.77550241,-4575.917951
CCC1=CCCCC1,22.74620384,-4678.982136
C=C(C)C(C)(C)C,22.10135687,-3754.612413
CC/C=CCCC,22.65273838,-4170.634243
C=CCCCCCC,22.90578659,-4546.613322
C/C=C/CCCCC,22.64534711,-4466.05543
CC1CCCCC=1,22.54180164,-4290.66093
C=C(C)CC(C)(C)C,22.22516856,-4051.763613
CC(C)=CC(C)(C)C,22.49687485,-4208.427817
C=C(CC)CCCC,22.56959023,-4379.847427
C=CCCCCCCC,22.9979106,-4868.856106
C=CCCCCCCCC,23.1946756,-5232.926155
C=CCCCCCCCCC,23.37204275,-5576.259028
C=CCCCCCCCCCC,23.59087111,-5932.565535
C=CCCCCCCCCCCC,23.76978426,-6263.955685
C=CCCCCCCCCCCCC,24.02864483,-6632.463817
C=CCCCCCCCCCCCCC,24.13923834,-6907.88908
C=CCCCCCCCCCCCCCC,24.34214819,-7228.624495
C=CCCCCCCCCCCCCCCCC,24.77713513,-7874.800809
C=CCCCC(C)C,22.75306767,-4393.516805
C1=CCCC1,22.19178052,-3420.941284
C1=CCCCC1,22.20905598,-3843.785403
C/C=C/CCCCCCCCCCCCCCCCC,25.1207233,-8126.712681
C/C=C/CCCCCCCCCCCC,24.18239806,-6870.034216
C1=CCCCCC1,22.2728958,-4194.417608
C1=CCCCCCC1,22.44566698,-4586.359543
C/C=CCCCCC,22.71305756,-4501.822222
CC/C=C/CCCC,22.6598009,-4472.316004
c1ccccc1(C(C)OO),25.90755808,-7817.129529
CCCOCCO,24.13565003,-5468.734418
CCCCOCCOCCO,25.08878171,-6961.37794
c1(N)cc(Cl)ccc1,23.51746268,-6080.919818
c1(Cl)ccc(C(F)(F)F)cc1([N+]([O-])=O),23.8637638,-6165.210214
c1(C(F)(F)F)cc(N(=O)=O)ccc1,23.4697071,-5720.55569
C(Cl)(Cl)(Cl)C=O,22.85301505,-4236.731186
ClC(Cl)C(=O),22.97835813,-4171.7378
ClC(=O)OCC,26.22531205,-5461.710229
O=S(C)(O)=O,27.42538325,-8918.500446
OC(=O)COC,24.65814833,-6335.594969
ClC(=O)OC,23.48994815,-4158.628709
CC(=O)C(=O)O,24.5324794,-5710.056701
ClCOCCl,22.78750402,-4287.074679
N#CCCOCCC#N,25.57762792,-8253.967221
C=C(C)CCCCCC,22.79157474,-4757.69215
C=C(C)CCCCC,22.53308098,-4360.282672
CCC=CCC=CCC=CCCCCCCCC(=O)O,27.83283545,-10417.96587
CCCCC(CC)C(=O)O,26.97375253,-7901.096087
CCCCCCC(=O)O,25.50129145,-7044.404251
CCC(C)(C)C(=O)O,24.10335455,-5854.512948
CCCC(C)(C)C(=O)O,25.24575849,-6665.73425
CCC(CC)C(=O)O,24.53827436,-6150.319624
C1(C)=CCC(C=C)CC1,22.91890761,-4912.801275
C1(=O)OC(=O)C=C(C)1,23.8993037,-6025.502634
CCC(C)OC=O,23.08089072,-4296.496923
CC(C)(C)OC=O,22.19454296,-3805.083026
CCCCCCOC=O,23.55149148,-5217.720501
CCCCCCCOC=O,23.34606851,-5368.093028
C=C=CCCC,22.51747669,-3887.970142
C1(OC=O)CCCCC1,22.9392154,-5024.635892
CC(C)(C)OC(=O)C,22.76360167,-4201.910454
CC(C)C(=O)OC,22.94653019,-4225.908885
CC(C)C(=O)OCC,23.07173255,-4463.265776
C=CC(=O)OC(C)C,22.82377036,-4351.204589
c1(COC=O)ccccc1,23.23288852,-5629.741024
C=C(C)C(=O)OCCCCCCCCCCCCCCCC,24.86785652,-8571.971143
C=C(C)C(=O)OCC=C,23.15445605,-4871.889906
C1(OC(=O)C)CCCCC1,23.41483159,-5397.621892
C1C(C)OC(=O)O1,23.47100141,-6215.91156
O=C(OCC(OC(=O)C)COC(=O)C)C,25.72034701,-7654.651952
c1c(C(=O)OCCCCCCCCC)c(C(=O)OCCCCCCCCCCC)ccc1,25.8895574,-10776.24963
c1(C(=O)OCC)c(C(=O)OCC)cccc1,24.40730961,-7468.496433
c1(C(=O)OCCCC)c(C(=O)OCCCC)cccc1,25.67335872,-8813.722591
c1(C(=O)OC)c(C(=O)OC)cccc1,24.24384156,-7170.70159
CCOC(=O)CCC(=O)OCC,24.17894514,-6281.65872
CCCCCCOC(=O)CCCCC(=O)OCCCCCC,27.10877856,-9775.179235
CC(=O)OC(C)OC(=O)C,23.52699565,-5307.09138
C=CCOC(=O)/C=CC(=O)OCC=C,25.58442478,-7427.32137
CCCCOC(=O)/C=CC(=O)OCCCC,25.76609149,-7976.776753
CC(C)COC(=O)C=C,23.24810714,-4856.670927
CCCCCCCCCCCC(=O)OC,24.21894473,-6947.053574
CCOC(=O)/C=CC(=O)OCC,24.05058663,-6274.056067
COC(=O)/C=CC(=O)OC,24.03523815,-6042.376383
CCCOC(=O)/C=CC(=O)OCCC,25.18049847,-7204.25137
CCC(C)OC(=O)C=C,23.33236314,-4827.250115
CC(C)(C)C(=O)OC=C,22.93650141,-4422.384193
COC(=O)OC,22.63727099,-4040.254105
c1(C(=O)OCCC)ccccc1,23.62511878,-6158.072434
CC(C)COCC(C)C,23.13388605,-4651.658497
C#CCCCCC,22.71408138,-4206.370035
CCOC(C)C,22.66529617,-3680.837472
CCOCCCCCC,23.65710553,-5130.012447
O1COCCC1,22.70992246,-4254.343135
CCOCOCC,22.85193725,-4102.673619
c1(CCCCC)cccc(cccc2)c12,23.97742513,-7316.076346
c1(cccn2)c2c(C)ccc1,23.08540583,-6092.20425
CCCCCCCCN(CCCCCCCC)CCCCCCCC,27.04537451,-10012.791
N(O)=C(CC)C,24.66150283,-5656.084743
CN1CCCCC1,21.98550951,-3991.584783
CCCCCNCCCCC,24.42568902,-6218.555054
CCCCCN(CCCCC)CCCCC,25.15208974,-7116.638048
CCCCCCCCCCCN,23.46884848,-6197.913472
CCCCCCCCNCCCCCCCC,24.64630238,-7690.490826
CCCCC(CC)CNCC(CC)CCCC,25.3723004,-7750.505862
CN(C)CCN(C)C,22.79197413,-4480.292064
N(CCO)(CCO)CC,25.6282945,-7535.258094
NCCCN,23.30901311,-4876.184261
c1(C)c(N=C=O)cccc1(N=C=O),23.38177525,-6274.584679
c1(NCC)ccccc1,23.75658512,-5934.600616
CC(C)(C)SSC(C)(C)C,22.72432032,-5331.812973
CC(C)(C)SC(C)(C)C,22.05835939,-4518.074322
CC1CCCS1,22.54693656,-4528.287225
CC(S)CCC,22.58141258,-4319.297109
CSC(C)C,22.34725062,-3912.076865
CCC1CCCS1,22.59138737,-4819.349633
S1C=CC=C1(CC),22.65062665,-4569.522373
S1C=CC=C1(CCC),22.85160247,-4937.749057
S1C(C)=CC=C1(C),22.5882843,-4563.119622
CSSCC,22.60151464,-4539.569448
CCCSSCC,23.1644432,-5258.596678
CSc1ccccc1,22.85372514,-5350.117611
CCCCSCCCC,23.33439184,-5518.846449
CC(C)CCSCCC(C)C,24.15458368,-6248.639957
CCSCCC,22.86507973,-4502.355717
CSCCCCC,23.22052801,-4974.308965
c1cccc(cc(CC)s2)c21,23.31646307,-6314.342193
c1cccc2c(C)c(C)sc12,23.32375863,-6423.253975
CCSCCCCC,23.2534704,-5257.775787
CC1=CC(C)=C(C)S1,22.68986106,-4935.697575
CC(C)SC(C)C,22.47276407,-4346.895002
CC1=C(C)SC=C1,22.4270179,-4559.606275
CC1=CSC=C1C,22.55459201,-4655.616041
c1cccc(c(CC)cs2)c21,23.36366069,-6364.369669
c1cc(C)cc(c(C)cs2)c21,23.18601934,-6331.404479
CCSSC(C)(C)C,22.66312393,-5048.858447
CCCCSSCCCC,23.95352231,-6428.523644
CCCCC(CC)COCCO,25.93671771,-7246.627513
CCOCC(C)OC(=O)C,23.92038157,-5498.142603
CC(C)(C)OC(C)COCC(O)C,27.18267815,-7905.72667
ClC(Cl)C(=O)O,24.34330393,-6043.219534
CC(O)COC,23.84909853,-4914.250045
COC(C)COC(C)CO,24.89348467,-6151.688784
CC(C)(C)OCC(O)C,23.38148958,-5094.299785
COC(C)COC(C)COC(C)CO,26.8191294,-7944.040604
CC(CC1C)(CCC1)C,22.14553897,-4393.756909
CCCCC,22.1704047,-3324.609103
CC(C)CC,22.15201851,-3238.160847
CCCCCC,22.30265074,-3718.4168
CC(C)CCC,22.4521523,-3690.695741
CCC(C)CC,22.52640579,-3756.363311
CC(C)(C)CC,21.85741056,-3360.131189
CC(C)C(C)C,22.12477859,-3547.424338
C1(CCC(CC1)C(C)C)C,22.63441213,-4973.600391
CCCCCCC,22.57920136,-4150.485467
CC(C)CCCC,22.5740621,-4060.165278
CCC(C)CCC,22.55942862,-4075.117714
CCC(CC)CC,22.55211046,-4093.981931
CC(C)(C)CCC,22.32006898,-3850.238454
CC(C)C(C)CC,22.36606841,-3979.027302
CC(C)CC(C)C,22.3955534,-3890.41315
CCC(C)(C)CC,22.27882663,-3910.910513
CC(C)(C)C(C)C,21.71044278,-3613.831508
CCCCCCC1CCCCC1,23.38785507,-5970.684842
CCCCCCCC,22.67461541,-4486.715712
CC(C)CCCCC,22.84392595,-4480.057912
CCC(C)CCCC,22.91559226,-4530.106932
CCCC(C)CCC,22.9404382,-4526.863824
CCC(CC)CCC,22.7362981,-4445.530736
CC(C)(C)CCCC,22.67592159,-4295.713856
CC(C)C(C)CCC,22.69743224,-4398.804076
CC(C)CC(C)CC,22.72255006,-4343.977836
CC(C)CCC(C)C,22.56357814,-4266.906491
CCC(C)(C)CCC,22.61752256,-4331.395281
CCC(C)C(C)CC,22.67616829,-4415.621171
CC(C)C(CC)CC,22.6394512,-4379.073156
CCC(C)(CC)CC,22.31234247,-4264.960777
CC(C)(C)C(C)CC,22.38897029,-4212.344093
CC(C)(C)CC(C)C,22.28775444,-4051.798539
CC(C)C(C)(C)CC,22.27996847,-4216.804486
CC(C)C(C)C(C)C,22.46931307,-4281.496971
CCCCCCCCC,22.97009315,-4899.313415
CC(C)(C)CCC(C)C,22.65717122,-4484.682635
CCC(C)(C)CC(C)CC,22.9768275,-4985.107086
CC(C)CC(C)(C)CC,22.63476033,-4542.094586
CCC(CC)(CC)CC,22.2358489,-4520.164029
CC(C)(C)C(C)(C)CC,22.0112031,-4356.529782
CC(C)(C)C(C)C(C)C,22.53166023,-4532.151109
CC(C)(C)CC(C)(C)C,22.14314504,-4234.335403
CC(C)C(C)(C)C(C)C,22.49216475,-4603.671784
CC(C)CCCC(C)CCCC(C)CCCCC(C)CCCC(C)CCCC(C)C,27.60357566,-11188.05673
CCCCCCCCCC,23.08502045,-5221.920225
CC(C)(C)C(C)(C)CCC,22.42285768,-4762.234403
CC(C)(C)CCC(C)(C)C,22.33164407,-4465.59302
C1CC(C)C2CCCCC2C1,22.96941333,-5674.48504
C#CC(C)C,22.24898221,-3256.227979
CC#CC=C,21.9037343,-3455.365947
C#CCC=C,21.75233442,-3241.390426
C#CCCCCCCC,23.26002186,-5022.981965
C#CCCCCCCCC,23.38065312,-5349.372924
c1ccccc1,21.96194255,-3684.981356
c1ccccc1(C),22.46869102,-4245.173339
c1cccc2c1CCC2C,22.77441184,-5286.530623
c1ccccc1(CC),22.68548661,-4625.682897
c1(C)ccccc1(C),22.46304162,-4595.052873
c1(C)cc(C)ccc1,22.60796593,-4608.419105
c1(C)ccc(C)cc1,22.31153392,-4450.829652
c1cc(C)cc2c1CCC2,22.54873553,-5278.955209
c1(CCC)ccccc1,22.91233992,-4990.747406
c1(C(C)C)ccccc1,22.85086637,-4890.133561
c1(CC)c(C)cccc1,22.86173843,-5035.861019
c1(CC)cc(C)ccc1,22.96078423,-5026.95758
c1(CC)ccc(C)cc1,22.7790953,-4947.599646
c1(C)c(C)c(C)ccc1,22.74670902,-5077.831216
c1(C)c(C)cc(C)cc1,22.79279086,-5030.060188
c1(C)cc(C)cc(C)c1,22.89242934,-5018.177464
CC1=CC(=CC(=C1)C(C)C)C(C)C,23.49428339,-5953.233696
c1(CCCC)ccccc1,23.13418643,-5373.611635
c1(CC(C)C)ccccc1,22.79783337,-5069.919093
c1(C(C)CC)ccccc1,22.64522236,-5055.461089
c1(C(C)(C)C)ccccc1,22.46427908,-4910.861465
c1(C(C)C)c(C)cccc1,22.81445871,-5148.947477
c1(C(C)C)cc(C)ccc1,22.83705786,-5125.009219
c1(C(C)C)ccc(C)cc1,22.86406607,-5168.004216
c1(CC)c(CC)cccc1,22.67120705,-5149.489399
c1(CC)cc(CC)ccc1,22.98007923,-5286.064021
c1(CC)ccc(CC)cc1,22.90867346,-5253.628887
c1(C)c(C)c(C)c(C)cc1,22.92922589,-5502.341418
c1(C)c(C)c(C)cc(C)c1,23.02001215,-5467.902623
c1(CC)ccc(C(C)(C)C)cc1,23.0368441,-5648.990091
c1(O)c(C)c2CCC(C)(CCCC(C)CCCC(C)CCCC(C)C)Oc2c(C)c1(C),26.87439792,-12194.78075
c1(C(C)C)cc(C(C)C)cc(C(C)C)c1,23.52692265,-6216.577507
CC1CCC2=C1C=C(C=C2)C,22.66650899,-5469.86946
CC1=CC2=C(C=C1)C(CC2)(C)C,22.53946363,-5466.812237
c1(C(C)C)cc(C(C)C)ccc1,23.43419558,-5743.050209
c1(C(C)C)ccc(C(C)C)cc1,23.09563884,-5647.563971
c1(CC)c(CC)cc(CC)cc1,23.72544871,-6078.784902
c1(CC)c(CC)c(CC)ccc1,23.72333323,-6073.601282
c1(CCCCCCC)ccccc1,23.71899203,-6401.064538
c1(CC)c(CC)c(CC)cc(CC)c1,24.18606129,-6714.084027
c1(CCCCCCCCCC)ccccc1,24.34337012,-7399.555716
c1(CC)c(CC)c(CC)c(CC)c(CC)c1,25.04158042,-7550.59395
c1ccccc1(C2CCCCC2),22.67402015,-5772.043929
c1ccccc1C(C)c2ccccc2,23.3752013,-6556.864004
C=C(c1ccccc1)CC(C)(c2ccccc2)C,23.51475763,-7435.756017
CCOCCOCC,23.34191013,-4705.519426
C1C=COC1,22.43726267,-3599.188121
c1(CC)c(C(C)C)cccc1,23.04740076,-5429.714781
CCC(Cl)Cl,22.38407058,-3957.647354
ClCCCCl,22.70314082,-4452.511315
C=C(Cl)CCl,22.46479045,-4082.01361
c1(CCCCCCCCCCCCCCC)ccccc1,25.21641761,-8849.693855
ClC(F)(F)C(F)(F)C(F)(F)Cl,22.43269166,-3409.440116
C1(Cl)(F)C(Cl)(F)C(F)(F)C1(F)(F),21.51933278,-3325.602963
C(F)(F)(F)C(F)(F)C(F)(F)C(F)(F)C(F)(F)(F),22.84997618,-3466.865005
C(F)(F)(F)C1(F)C(F)(F)C(F)(F)C(F)(F)C1(F)(F),22.34742377,-3490.014073
C(F)(F)(F)C(F)(F)C(F)(F)C(F)(F)C(F)(F)C(F)(F)C(F)(F)(F),22.99505124,-4104.287451
C(F)(F)C(F)(F)C(F),22.7198384,-3357.147765
c1(C(F)(F)F)ccccc1,22.24171704,-4044.847894
BrCBr,22.47326126,-4073.312615
CC(Br)CC,22.73096829,-4135.722459
BrCCl,22.50522986,-3772.997841
FC(F)(F)C(Br)Cl,22.39753217,-3558.854782
BrC(Cl)(Cl)Cl,21.96474452,-3957.116875
FC(Cl)(Cl)C(F)F,22.04657855,-3200.332062
ClC(F)(F)C(Cl)F,21.9351755,-3146.002963
C(Cl)(Cl)(F)C,22.11632113,-3255.469777
ClC(Cl)(F)C(F)(F)Cl,21.88888841,-3328.602707
ClC(Cl)(Cl)CF,22.39666727,-4025.055034
ICCCCCC,22.75946883,-5161.049818
ICCCC,22.42244263,-4451.792885
CCCCCCN,22.74279685,-4567.072055
CCCCCCCN,22.85633273,-4908.245838
CCCCCCCCN,22.97689527,-5221.508872
CCCCCCCCCN,23.16880613,-5579.981988
CCCCCCCCCCN,23.31555429,-5879.36844
CC(=C)CNCC,22.59264206,-4210.860436
NCCNCCNCCNCCNCCN,26.43063056,-9685.221997
C=CCN(CC=C)CC=C,23.50262952,-5137.010078
CCCCN(CCCC)CCCC,24.73079222,-6527.147924
NCCNCCN,23.90900884,-6026.593186
NCCNCCNCCNCCN,25.64976095,-8703.016746
CCCN(CCC)CCC,24.98829874,-5876.137916
C=CCC#N,22.96072096,-4517.51779
CCCCN=C=O,23.37506403,-4665.01055
C1(N=C=O)CCCCC1,24.23258468,-5709.876452
c1(N)c(CC)cccc1,23.78242423,-6002.246435
N1C(C)C1,22.66093603,-3814.537208
C1(N)CCCC1,22.98262532,-4413.002327
N(C1CCCCC1)(C2CCCCC2),23.02373241,-6113.791367
C1(NC)CCCCC1,22.83561691,-4805.583374
NCCNCCO,25.42984095,-7294.403159
N#C/C=CCCC#N,24.9557185,-7865.161531
N#C/C=C/CCC#N,24.73382829,-7431.81763
C=CCNCC=C,23.51695161,-4666.281078
N1(C=O)CCOCC1,23.23694444,-6061.570012
FS(=O)(=O)O,25.29326007,-6019.628591
ClS(=O)(=O)O,23.17924324,-5042.722146
ClN(Cl)Cl,22.93963322,-3935.876805
OCl(=O)(=O)=O,21.18496544,-3761.009146
CCCCC(CC)CC=O,23.53641731,-5488.905983
CCCCCC(=O)CCCCC,23.71271049,-6165.770879
O=C(C(=O)C)C,22.83688277,-4108.68624
CC(C)=C=O,22.40297658,-3355.264191
O=C(C)C1CCCCC1,22.8828062,-5221.895257
C1(C2C(=O)CCCC2)=CCCCC1,23.22752804,-6530.719706
CC1CCC(=O)C1,22.76854666,-4748.836203
CC(=O)C=O,22.74906755,-3862.408854
O=C(C)C=CC,22.9171869,-4576.550874
CC(=O)C=C,22.82035769,-4026.349432
CCCCCCCCC(CCCC)CO,26.98107368,-8800.76879
CCCCCCCCCCCC(C)CO,26.98339131,-8804.590079
CCCCCCCCCCC(C)CO,26.73406984,-8282.68734
CCCCC(C)CCCO,25.50088771,-6739.892639
CCC(C)CCCCCO,25.62922475,-6829.761336
CCCCC(CC)CCO,25.81495465,-6944.252484
OCC(CCC=C1)C1,23.71183023,-5906.684316
C1CCC(O)C1,24.02011975,-5247.919658
CCCCCCCC/C=CCCCCCCCCO,25.06377213,-8532.088162
Oc1ccccc1C(C)(C)C,23.89696877,-6200.040207
CC(C)c1ccccc1O,23.86608119,-6068.090554
C=CCCCCC(C)C,22.97208081,-4733.443254
C=C(C)CCCCCCC,23.15482606,-5200.357422
C=CCCCCCC(C)C,23.22357044,-5260.193031
C/C=CCCCCCCC,23.32902173,-5347.460828
C/C=C/CCCCCCC,23.27950777,-5309.017143
C/C=CCCCCCCCCC,23.76981924,-6088.655858
C/C=C/CCCCCCCCC,23.69540487,-6047.865504
C1CC1(C(=O)O),24.63442315,-6019.972833
CC(C)C(=O)OC(=O)C(C)C,23.84038387,-5659.60428
CC(C)C(=O)OCC(C)(C)C(C(C)(C))OC(=O)C(C)(C),24.74318767,-7369.015615
CC=CCOC(=O)C,23.40334123,-4853.199236
C=CC(C)OC(=O)C,23.17513283,-4542.627964
C(C)(C)(C)C(=O)OCC,23.11957945,-4609.688428
CCCCC(CC)COC(=O)c1ccc(C(=O)OCC(CC)CCCC)cc1,31.1940956,-13425.0073
C=CCOC(=O)C=C,23.53088464,-4815.185215
c1(CCCC)cccc2ccccc21,23.67806278,-6929.362806
c1(CCCCCC)cccc2ccccc21,24.21788451,-7663.447906
c1cccc2c1(C(CCCCCC)CCC2),24.29169175,-7500.768837
c1cccc2c1(c(CCC)ccc2),23.16596923,-6421.304894
c1cccc2c1(cc(CC)cc2),22.9974465,-6147.944059
C1=CC=C2C(=C1)C=CC2C,22.57670891,-5252.718951
C1=CC=C2C(=C1)C=C(C2)C,22.69113905,-5390.684723
C1C=C(C)C2C(C3)C(C)=CC3C21,23.11984397,-5554.764712
c1ccccc1/C=Cc2ccccc2,23.35419122,-6624.184894
c1(CC=C2)c2cccc1,22.48233294,-5024.963328
C1(CC2C=CC1C2)C=C,22.15131729,-4443.772378
C1C2CC3(CC1CC(C2)(C3)C)C,22.19337305,-5121.250951
C1CC2CC1C(=C2)C,21.93654812,-4097.573512
C1C(C2C=CC1C2)CC,22.18688133,-4487.752777
C1=CC2=C(C=C1)CCC2,22.65282592,-5068.60076
CC(C)C1=CC=C(CC1)C,22.77359524,-5092.245107
CC(C)C1=CCC(=CC1)C,22.86926393,-5241.856506
C1C(C2C=CC1C2)=CC,22.66173532,-4739.559304
CCC(C1CCCCC1)C,22.94018239,-5246.826982
C1C(C)c2ccccc2CC1,23.24107321,-5874.189236
C1C(CC)c2ccccc2CC1,23.38040202,-6166.867652
C1C(C2(C)(C))CC2C(C)=C1,22.12988713,-4626.673441
C1C(=C)C(C2)C(C)(C)C2C1,22.43454177,-4847.994449
CC(=O)CC(O)C,24.23524828,-5781.446421
CCOC(C)CO,24.12791914,-5273.962806
c1(O)c(OC)cc(CC=C)cc1,23.98340689,-6639.947474
COCCOCCOCCOCCOCCO,26.71100678,-9338.967729
O=S(=O)=O,23.6411238,-3768.746652
BrBr,22.18178019,-3533.249639
CCC=O,22.66904697,-3618.644273
O=CC1CCC=CC1,23.32537495,-5231.811537
CCCC=O,22.55255595,-3868.376409
CC(C)C(=O),22.40026755,-3691.407676
CCCCC=O,22.74561687,-4238.400306
CCCCCCC=O,22.81687755,-4842.898496
CCCCCC=O,22.76694454,-4546.910298
CCCCCCCC=O,23.16659428,-5233.50172
CCCCCCCCC=O,23.27320705,-5525.695328
C1(CCCCC1)C=O,22.73059124,-4868.558502
CCCCC(CC)C=O,23.63048212,-5365.377519
O=CC=O,23.33654472,-3823.897386
CCCCC(C)C=O,23.24017489,-4913.727891
CCCC(C)CC=O,23.04565643,-4837.077063
O=CC(C)=CCC,22.63576765,-4588.236547
CCCC=C(CC)C=O,23.00005688,-5187.733706
CCCCCCCCCC=O,23.58278236,-5874.871833
CCCCCCCCCCC=O,23.99859336,-6371.689434
CCCCCCCCCCCC=O,24.22529621,-6690.928356
CCCCCCCCCCCCC=O,24.43933942,-7019.518505
CCC(C)C=O,22.81927667,-4143.601069
CC(C)(C)OC(C)CO,23.24593153,-5025.34466
CCCOCCOCCO,24.52269521,-6433.079778
CCCCOCCOCCOCCO,26.30738146,-8148.941036
CCOCCOCCOCCO,26.49630243,-7921.79929
OCC1CO1,24.84789083,-5809.768498
CCCCCCOCCO,25.05631575,-6514.756762
CCCCCCOCCOCCO,26.94284266,-8279.301678
CC(O)COC(C)COCCC,25.26586292,-6659.423217
CC(O)COCCC,24.0483066,-5393.334825
CCCCOCCOCCOC(=O)C,24.52465826,-6835.69846
OCC(C)C=O,26.06579449,-6494.687867
N#CCO,26.78971213,-7270.820973
N#CCN,23.90898073,-5310.795871
c1(CC#N)ccccc1,23.52586933,-6131.079387
CCN(O)CC,25.11445138,-5548.102251
CCCCOS(=O)(=O)OCCCC,23.89042416,-6611.468626
C(COC(CCCCCCCC=C/CCCCCCCC)=O)(COC(CCCCCCCC=C/CCCCCCCC)=O)OC(CCCCCCCC=C/CCCCCCCC)=O,32.67240473,-18555.43582
CC=CCOCCO,24.5035472,-5983.933211
C=CC(C)OCCO,24.75650747,-5776.306106
O=N(=O)OCCON(=O)=O,25.64893214,-6745.276281
CCOS(=O)OCC,23.57509953,-5230.545515
N1(C)C(=S)CCC1,22.30071838,-6053.518077
CCOCC(C)OCC(C)O,25.25078221,-6462.396449
CCOCC(C)OCC(C)OCC(C)O,26.99230685,-8187.278432
CC(O)COCC,24.53798114,-5275.363445
CC(O)COC(C)COC(C)(C)(C),26.03626477,-7752.462186
COC(=O)CO,24.82508541,-5626.367247
CS(=O)(=O)Cl,23.00685256,-5034.680037
CC(C)(C)OC(=O)C(=C)C,22.94754159,-4728.642524
ClSCl,22.58077862,-3718.673152
COCC(C)OCC(C)OC(=O)C,24.35142551,-6235.633522
O1C=CCCC1(OC),22.84327114,-4562.159939
O=S(O)(O)=O,31.34853962,-10856.31635
ON(=O)=O,24.61668215,-4659.62295
O,24.2577905,-4748.140405
S=C=S,21.79717344,-3295.287169
ClS(=O)(=O)Cl,22.06395982,-3629.221635
ClS(=O)Cl,21.80823456,-3628.536839
OO,24.41343873,-5468.401852
[2H]O[2H],24.44978186,-4848.462824
O=CCCCC=O,24.41152415,-6039.13408
CCC(=O)CCCCC,23.00446335,-5103.011918
CCCC(=O)CCCC,23.12900181,-5125.836613
CCC(=O)CCCCCC,23.21643281,-5449.815159
CCCC(=O)CCCCC,23.41879245,-5542.420953
C1(=O)C=CCCC1,22.8355401,-5087.077437
CC(C)CC(C)CC(=O)CC(C)C,24.5745678,-6506.246948
CC(C)C(C)CCCCC,23.21770507,-5192.123653
CC(C)CC(C)CCCC,23.11438697,-5038.778057
CC(C)CCC(C)CCC,23.09630032,-5059.778566
CC(C)CCCC(C)CC,22.90308961,-4984.741373
CC(C)CCCCC(C)C,22.91332718,-4983.089658
c1(O)cc(CC)ccc1,24.0678458,-6240.848194
C(c1ccccc1)CO,24.04506589,-6286.658802
CC(C)CC(O)CC(C)C,25.69169982,-6481.462788
C(c1ccccc1)(O)CC,24.54995624,-6419.194337
C(c1ccccc1)C(O)C,24.65527915,-6491.014775
C(O)C(c1ccccc1)C,25.45285751,-7021.703092
C(O)CC(c1ccccc1),24.23247641,-6581.244155
c1ccccc1[C@](C)([H])(O),23.49556872,-5774.052474
C(c1cc(C)ccc1)O,25.48466871,-6926.742967
C/C=C(C)/CC,22.54580959,-3845.897867
C=CCCC(C)C,22.61239571,-4028.937771
C1CCCCC1(C),22.33746542,-4102.444179
C1CCCCC1(CC),22.57484975,-4528.230335
C1CCCCC1(C)(C),21.80634369,-4062.379601
C1[C@@](C)([H])([C@]([H])(C)(CCC1)),21.96172356,-4243.536639
C1[C@](C)([H])([C@]([H])(C)(CCC1)),22.08860888,-4238.773131
C1[C@@](C)([H])(C[C@]([H])(C)(CC1)),22.0560585,-4187.065952
C1[C@](C)([H])(C[C@]([H])(C)(CC1)),22.17723946,-4293.113921
C1[C@@](C)([H])(CC[C@]([H])(C)(C1)),22.13798461,-4273.409822
C1[C@](C)([H])(CC[C@]([H])(C)(C1)),21.90345894,-4098.046145
C1[C@](C)([H])(C[C@]([H])(C)(C[C@]1([H])(C))),22.19253749,-4429.956908
C1CCCCC1CCC,22.76239546,-4888.751796
C1CCCCC1C(C)C,22.60245194,-4796.097124
C1(C)C(C)C(C)C(C)CC1,23.09001922,-5267.904937
C1CCCCC1CCCC,22.91719404,-5236.719167
C1C[C@]2(CCCC[C@]2(CC1)([H]))([H]),22.35237869,-5135.318049
C1C[C@@]2(CCCC[C@]2(CC1)([H]))([H]),22.30799993,-5001.809624
C1CCCCC1C2CCCCC2,22.69945327,-5753.069533
C1CCCCC1(CC)(CC),23.25903361,-5364.359407
C1CCCCC1(CCCCCCCCCC),24.26258288,-7329.978484
C1CCCCCC1,21.96564791,-4105.135458
C1CCCCCCC1,21.99785844,-4458.437077
C1(CC)CCC(CC)CC1,23.03205506,-5241.32674
CC(C)C(C)CCCC,23.03465824,-4834.488295
CC(C)C(C)CCCCCC,23.59604855,-5629.729538
CC(C)C(C)CCCCCCC,23.72593818,-5943.969154
CC(C)C(C)CCCCCCCC,23.79442462,-6209.954672
CC(C)C(C)CCCCCCCCC,23.98595421,-6552.091744
CCC1(CCCC1)CC,22.20564385,-4587.297387
CC(C)CC1CCCC1,22.67277362,-4769.127799
CCCCCC1CCCC1,23.12495976,-5338.422084
CCCCCCC1CCCC1,23.37307479,-5725.538382
CC(C)CCCC(C)C,22.98824549,-4748.561293
CCCC(C)C(C)CC,22.89056072,-4768.405187
CC(C)(C)C(C)CCC,22.7341963,-4627.474007
CC(C)(C)CC(C)CC,22.68918388,-4518.294816
CC(C)(C)C(CC)CC,22.5996011,-4564.243413
CC(C)C(CC)C(C)C,22.79404031,-4683.209869
C(CC(=CC(C)(C)C)C)(C)(C)C,22.35547658,-4964.61319
C=CCCC,22.2425317,-3286.854883
C/C=CCC,22.36063207,-3401.811797
C/C=C/CC,22.30882442,-3375.69091
C=C(C)CC,22.21175345,-3288.278885
CC(C)=CC,22.33379389,-3401.383173
C=CCCCC,22.56849887,-3766.731969
C/C=CCCC,22.50454587,-3803.406916
C/C=C/CCC,22.47961361,-3781.391661
CC/C=CCC,22.50175651,-3777.921259
CC/C=C/CC,22.41939019,-3746.395827
C=C(C)CCC,22.33685059,-3680.039125
C=CC(C)CC,22.31437434,-3577.855534
CCC/C=CCCC,22.76562035,-4492.751811
CCC/C=C/CCC,22.57268457,-4423.293988
CC/C=CCCCC,22.84591927,-4534.699689
C=CCCCCCCCCCCCCCCC,24.54408312,-7545.248996
C=CCCCCCCCCCCCCCCCCC,25.03970255,-8225.276562
C1=CCC(C=C)CC1,22.59893731,-4482.569697
C1(C)=CCCC1,22.39875963,-3836.096021
C1=CC(C)CC1,22.24776299,-3657.903181
C1=CCC(C)C1,22.56803921,-3801.048085
C=C(C)C(C)CCC,22.63295857,-4317.280938
C1=[C@](C)(CCC([C@](=C)(C))C1),22.76116413,-5122.294824
C1(C)=CCC(=C(C)C)CC1,22.91358072,-5309.2952
C1CCCC=C1CC=C,22.82175996,-4939.065504
C=C=CCC,22.17952299,-3444.860472
C=C/C=CC,22.39157615,-3493.411006
C=C/C=C/C,22.04080094,-3333.599571
C=CCC=C,21.87228282,-3152.39307
CC=C=CC,22.36833331,-3533.158237
C=C(C)C=C,22.06554607,-3285.148702
C=CCCC=C,22.15341596,-3576.962687
C=C=C(C)C,22.1008111,-3357.850374
C1(C)=CC=CC1,22.22591364,-3725.261711
C=CCC=CC,22.44771792,-3742.598637
C/C=C/C=C/C,22.13879661,-3791.148419
C1=CC=CC1,21.82375897,-3237.753488
CC(C)C1C=CC(C)=CC1,23.09056264,-5258.662063
CC(C)C1C=CC(=C)CC1,22.89262519,-5147.507834
C=C(C)C(C)=C,21.98316926,-3603.938699
C/C=C/C=CC,22.35573574,-3905.968132
C=CC(C)C=C,22.30920728,-3556.517716
C1=CCCC=CCCC=CCC1,22.60248291,-5712.573184
C1=CCCC=CCCC=CCC1,23.29076237,-5938.65571
C=C(C)CCC(C)=C,22.43283368,-4272.51762
CC(C)=CC=C(C)C,22.2089948,-4385.675007
C1=CC=CCC1,22.34684797,-3863.748206
C1=CCC=CC1,22.38399865,-3936.144834
C1=CCCC=CCC1,22.6492655,-4766.052592
CC/C=C/C=C,22.16538215,-3701.242822
C=C(C)/C=C/C,22.0463789,-3696.559829
C=CCCCCCCC=C,23.52723141,-5324.674426
C1=CC=CC=CC=C1,22.3805983,-4528.437122
CC#CC,22.12638713,-3178.706562
C#CCCC,22.38321217,-3423.704191
CCC#CCC,22.25848064,-3848.273737
CC#CCCC,22.21895898,-3872.205948
C(C#C)(C)(C)C,21.52548631,-3120.968586
CC#CCC,22.08434901,-3524.542312
C#CCCCC,22.79288761,-3925.824521
C=C(C)C#C,21.69433276,-3124.361667
C#CCCCCCC,22.99904128,-4625.428277
OCCCN,26.03782439,-6757.577601
OC(C)CN,25.39167074,-6018.383125
ClCC(=O)OC,23.45514945,-4848.086673
CC(=O)SCC,22.73662677,-4397.119998
O1C=NC=C1,22.69341413,-3863.930798
CC(O)C#N,26.03168956,-6717.024882
COS(=O)(=O)OC,23.51346526,-5554.503923
CCOS(=O)(=O)OCC,23.62146608,-5887.624461
CC(O)C(O)=O,27.36675708,-7874.311593
CC(O)C(=O)OCC,24.16560621,-5446.494126
CC(=O)OCCOCC,23.95512934,-5404.894718
CCOCCOCCOC(=O)C,24.15064845,-6275.111569
CC(=O)CC(=O)OC,23.47855642,-5382.493126
CC(=O)CC(=O)OCC,23.89836244,-5669.82423
N#CCC(=O)OC,24.04681372,-6049.893708
N#CCC(=O)OCC,24.09798067,-6091.852134
COCCC#N,23.48759353,-5292.986685
C1=CON=C1,22.69432126,-4148.534755
CCOS(=O)(=O)O,24.81349584,-7444.090703
C(F)(F)(F)C(F)(F)C(F)(F)C(=O)O,24.95099426,-5340.019867
CC(O)CCl,24.35065379,-5175.648645
C=CC(=O)OCCC(O)=O,25.41299558,-7486.95424
CCCS(=O)(=O)Cl,23.02004407,-5449.584556
CCS(=O)(=O)Cl,23.23395853,-5312.061485
CC(C)(C)NC=O,23.29368534,-5639.355349
OCCSCCO,26.18949967,-8051.025902
SCCOCCS,23.68517469,-6056.530218
SCCO,24.75302201,-5728.442162
OCCSCC,25.10028903,-6243.34607
SCCS,22.62734015,-4693.859011
CCN(CC)CCO,24.45039563,-5637.855769
CNCCO,24.50394649,-5645.82229
CN(C)CCO,23.59065563,-4987.440989
C1CNCCN1(CCO),23.94958617,-6543.317229
COCC(N)C,23.01754073,-4258.560406
CC(=O)OCCOCCCC,24.15514721,-5936.012484
C=CC(=O)OCCO,26.01663163,-7080.995785
CC(O)COC(=O)C(C)=C,25.83071149,-7056.25095
CCOCCC(=O)OCC,23.5791114,-5386.99525
O=C(OCC(O)C)C=C,23.83970109,-6136.331975
ClCCOCOCCCl,23.79249864,-6096.084238
CC(=O)OC(=C)C,23.29411193,-4407.076446
CCCCCOCCO,24.63770107,-6129.499319
CC(=O)COC,22.88861852,-4442.2522
CCCCCOCCOCCO,25.84185722,-7619.303795
CCCCOCCOCCOCCOCCO,27.1412615,-9042.842827
c1ccccc1(OC(C)=O),23.61319365,-5759.229454
C1OC(OCCCCO)CC1,26.42798529,-7860.560803
C=CCOC(=O)c1ccccc1C(=O)OCC=C,25.68811905,-8557.193413
COC(=O)CCCCCCCCCCCCC,24.41992522,-7429.731981
c1ccccc1CC(=O)OCC,23.78291414,-6185.895703
O=C(OC)CCCCCCC/C=CC/C=CCCCCC,26.36166571,-9254.199884
C(CCCC=C/CCCCCC)CCCC(OC)=O,26.12513625,-8766.787237
O=C(OC)CCCCCCCC=C/CC=C/CC=C/CC,26.60505102,-9422.446747
CCCCCOC(=O)CCC,23.77211139,-5658.47761
O=C(OCCC(C)C)CCC,23.80552417,-5589.300723
CC(=O)OC(C=C)OC(=O)C,24.16811088,-5861.183808
CCCCCCCCCCCCCCCC(=O)OCC,25.43957147,-8535.964555
O=C(OCC)CCCCCCCC=CCCCCCCCC,25.5968138,-8875.153539
O=C(OC)CCCCCCC,23.6176126,-5718.663156
O=C(OC)CCCCCCCCCCC/C=CCCCCCCCC,26.84880998,-10330.81178
CC(C)OC(=O)CCCCCCCCCCCCCCC,25.40653572,-8643.410055
O=C(OCC)CCCCCCCCC,24.39197358,-6745.064292
O=C(OCC)CCCCCCCCCCC,24.78066032,-7395.332104
O=C(OCC)CCCCCCCCCCCCC,24.92623075,-7848.648581
O=C(OCC)CCCCCCC/C=CC/C=CC/C=CCC,25.92156808,-9139.618303
O=C(OCC)CCCCCCC/C=CC/C=CCCCCC,26.26458555,-9351.122024
O=C(OCC)CCCCCCCCCCC/C=CCCCCCCCC,26.81381719,-10392.70321
O=C(CCCCCCC)OCC(OC(CCCCCCC)=O)COC(CCCCCCC)=O,26.96708036,-11399.67686
O=C(CCCCCCCC=CC/C=CCCCCC)OCC(OC(CCCCCCC/C=CC/C=CCCCCC)=O)COC(CCCCCCCC=CC/C=CCCCCC)=O,33.05671982,-18818.96238
O=C(C=C)OCCCCCCOC(=O)C=C,25.29542384,-8192.481492
CC/C=CC/C=CC/C=CCCCCCCCC(=O)OCC(OC(=O)CCCCCCC/C=CC/C=CC/C=CCC)COC(=O)CCCCCCC/C=CC/C=CC/C=CCC,33.32743236,-18991.90474
O=C1C=CCO1,22.79794946,-5526.703867
O=C(OCC(CCCC)CC)c(cccc1)c1,25.02869678,-7809.878259
CCCCOC(=O)c1ccc(cc1)C(=O)OCCCC,26.02920893,-9065.692854
CCCCC(CC)COC(=O)/C=CC(=O)OCC(CC)CCCC,26.38263302,-9473.302432
COC(=O)CCCC(=O)OC,24.19105846,-6255.44804
O=C(OC)CCCCCCCCCCCCCC,24.63756711,-7808.035955
C1OC(=O)OC1(C=C),24.45815916,-6745.534011
COC(=O)CCC(=O)OC,23.86464694,-5840.023617
CCCCCCCCOC(=O)CCCCC(=O)OCCCCCCCC,26.75419192,-10410.52821
CCCCC(CC)COC(=O)CCCCC(=O)OCC(CC)CCCC,28.24107895,-10904.84531
COC(=O)C1=C(C(=O)OC)C=C(C(=O)OC)C=C1,25.3768261,-8731.828807
COC(=O)CC(=O)OC,25.38318016,-6306.008675
c1(CC)cc(CC)cc(CC)c1,23.67597518,-6023.379571
C(Br)CCCCCCCCCCC,24.44310339,-7185.645238
C(Br)C(Br)CCCCCCCCCC,23.53305684,-7558.148059
C(I)(F)(F)(F),21.53727425,-2516.82645
CC(F)(F)CC(F)(F)F,22.06839867,-3306.042452
COC(F)(F)C(F)(F)C(F)(F)C(F)(F)F,22.65261509,-3740.589935
CC(F)(F)CC(C)(F)F,22.25162094,-3741.076707
FC(F)(F)C(F)(F)C(F)(F)C(F)(F)C(F)(F)C(F)F,23.14549697,-4035.539302
C1N(CCCN)CCN(CCCN)C1,25.28604317,-7903.034007
C1CC1C#N,22.66445164,-4563.634922
NCCCCCN,23.82064183,-5566.551526
c1(C)cc(C)c(N)cc1,23.74492778,-6025.185317
N1(CCOCCN)CCOCC1,24.65718526,-6851.568169
N1(CCOCCO)CCOCC1,25.04166072,-7323.197961
CC(C)CC(=O),22.91204477,-4187.398054
C=CC=O,22.50903904,-3590.268849
C/C=CC=O,23.11838417,-4251.262207
C/C=C/C=O,22.74472727,-4259.881055
C=C(C)C=O,22.27605269,-3693.819871
c1(C)ccccc1(C=O),23.24298293,-5596.519383
c1cc(C)ccc1C=O,23.00827468,-5563.279582
c1ccccc1(C=O),22.92551415,-5207.798677
c1(O)ccccc1(C=O),23.9208252,-5809.686581
c1c(C)cccc1(C=O),23.42426656,-5679.215062
O=CC(C)CCCCCC,23.77318875,-5703.053654
O=CC(C)CCCCC,23.50944867,-5209.389582
C1(C)OC(C)OC(C)O1,22.53472875,-4391.523886
CC(=O)C,22.7121657,-3711.569436
CC(=O)CC,22.74116441,-3992.990257
CCC(=O)CC,22.62513923,-4180.388819
CC(C)CC(=O)C,22.84363368,-4459.386415
CC(=O)C(C)CC,23.03510828,-4555.73977
C=CCCC(=O)C,23.04229767,-4662.321599
CCC(=O)CCCC,23.04265025,-4895.443702
CCCC(=O)CCC,22.84087083,-4757.15057
CCC(=O)CCC,22.84858921,-4534.266665
CC(=O)CCC,22.793792,-4274.340686
CC(=O)C(C)C,22.76736034,-4175.710895
CC(=O)CCCC,22.920615,-4610.65413
CC(=O)CCCCC,22.97411213,-4897.550828
CC(=O)CCC(C)C,23.08746469,-4889.89052
CC(C)=CC(=O)C,22.8460446,-4597.409574
CC(=O)C(C)(C)C,22.3357853,-4134.916326
CC(C)CC(=O)CC(C)C,23.31219562,-5252.986086
CC(C)C(=O)C(C)C,22.92101012,-4565.786518
C1CCC(=O)N1,23.85879115,-6538.233331
C1CCC(=O)N1(C),23.12369195,-5588.160384
CCC(=O)CCC(C)C,23.33789376,-5175.873846
CCCCC(=O)CCCC,23.23384772,-5452.029945
CC(=O)CCCCCCC,23.29704321,-5548.870346
CC(=O)CC(=O)C,21.87710106,-4280.697145
C1C(=O)C=C(C)CC1(C)(C),22.73147719,-5494.873347
C1(=O)CCCC1,22.61274927,-4511.994607
C1(=O)CCCCC1,22.49869263,-4736.963135
CC(=O)CCCCCC,23.10604217,-5209.837615
c1ccccc1(C(=O)C),22.92552031,-5453.409932
C1COC1(=O),23.27338906,-5148.150711
C1CCC(=O)O1,23.21206658,-5618.980472
C1(=O)OCCCCC1,22.72357372,-5749.962065
C1C(C)OC(=O)C1,23.13061513,-5608.20185
CCC(=O)C(C)C,22.99835203,-4482.62061
CC(=O)C(=C)C,22.41215182,-4071.538238
C1(=O)C(C2CCCCC2)CCCC1,23.44488839,-6596.006921
C=C1CC(=O)O1,22.90785283,-4575.890577
c1ccccc1(CCCCC),23.32921423,-5734.107015
c1ccccc1(CCCCCC),23.49528223,-6061.231165
c1ccccc1(CCCCCCCC),23.85190515,-6708.139664
c1ccccc1(CCCCCCCCC),24.13391839,-7082.323553
c1ccccc1(CCCCCCCCCCC),24.55215297,-7716.255634
c1ccccc1(CCCCCCCCCCCCC),24.87261184,-8295.480355
c1ccccc1(CCCCCCCCCCCCCC),25.01907702,-8554.642487
c1ccccc1(CCCCCCCCCCCC),24.6490036,-7974.507911
c1(CC)cc(C)cc(C)c1,23.20143529,-5403.802745
c1(C)c(CC)c(C)ccc1,22.85922437,-5293.144685
c1(C)c(CC)cc(C)cc1,23.03193859,-5349.451475
c1(CC)c(C)cc(C)cc1,23.05076522,-5380.919493
c1(C)c(C)cc(CC)cc1,23.15852853,-5450.437975
c1(C)c(C)c(CC)ccc1,22.92318098,-5395.544225
C=C(c1ccccc1)CC,22.75860091,-5165.719978
C/C(c1ccccc1)=C/C,22.70952114,-5287.907211
C/C(c1ccccc1)=CC,22.71712102,-5055.384948
c1(C)c(CCC)cccc1,22.95581752,-5291.688336
c1(C)cc(CCC)ccc1,23.14844243,-5357.460939
c1(C)ccc(CCC)cc1,23.0150135,-5303.476878
c1ccccc1CCc2ccc(CC)cc2,23.83435541,-7039.946625
c1(CCC)c(C)c(C)ccc1,23.11280108,-5656.578073
c1(C)c(C)c(C)c(CC)cc1,23.26454757,-5857.036522
c1(C)c(C)c(CC)c(C)cc1,22.92803646,-5614.591265
CCc1c(C)cc(C)c(C)c1,23.13209643,-5680.749184
C=Cc1ccccc1,22.45121673,-4603.883663
C=Cc1c(C)cccc1,22.96032077,-5134.294283
C=Cc1cc(C)ccc1,22.97895017,-5162.523614
C1(CCC=CC)=CC=CC=C1C,23.3600887,-5987.536747
CCC1=C(C=C)C=CC=C1,23.1582474,-5430.773384
CCC1=CC(C=C)=CC=C1,23.35721319,-5569.796887
C=CC1=CC=C(CC)C=C1,23.01054067,-5408.917343
C=Cc1ccc(C)cc1,22.5974696,-4984.1529
c1(C(C)=C)ccccc1,22.90400891,-5024.340911
c1(C=C)cc(C=C)ccc1,22.962041,-5471.250485
c1(C#C)ccccc1,22.21508172,-4481.689277
c1(C=C)ccc(CC(C)C)cc1,23.24383625,-6214.842578
c1ccccc1/C=CC,22.7200792,-5109.929204
c1ccccc1/C=C/C,22.69419857,-5091.317612
c1(C=C)ccc(C(C)=C)cc1,22.51234441,-5691.995721
C=Cc1ccc(C(C)(C)C)cc1,22.89742523,-5740.05795
CC1(C)CCC2=CC=CC=C21,22.76714801,-5309.329534
CCC1CCC2=CC=CC=C21,23.33520343,-5822.839432
Cc1ccc(C(C)(C)C)cc1,22.86569289,-5347.464612
Cc1cc(C)cc(C(C)(C)C)c1,22.95466277,-5566.232725
c1(C)cccc2ccccc21,22.92208851,-5964.601605
c1(CC)cccc2ccccc21,23.16044621,-6258.078685
C1CCCc2ccccc21,22.7559466,-5456.821085
c1(CCCCCCCCC)cccc2ccccc21,24.68432189,-8518.76517
c1(CCCCCCCCCC)cccc2ccccc21,24.77573621,-8743.089517
c1(N=C=O)ccccc1,22.79582069,-4978.552732
N1=NC=CC=C1,22.41359478,-5291.110042
N1=CN=CC=C1,22.13404841,-4212.796272
C(ON(=O)=O)(CON(=O)=O)(CON(=O)=O),27.83809918,-8664.401369
c1(N)c(CC)cccc1(CC),25.27185177,-7001.354204
CN=C=O,22.37420619,-3410.437304
N#CC(O)C=C,26.15909138,-6825.952054
n1c(C)cc(C)cc1(C),22.92556742,-5109.362401
n1c(C)cccc1(C),22.69224229,-4680.471523
n1cc(C)ccc1,22.57056097,-4635.400518
N#CC(C)CCC#N,24.83907891,-7258.641
n1ccc(C)cc1,22.51368038,-4615.548423
O=C=NCCCCCCN=C=O,25.00222646,-7188.694333
CC1(C)CC(CC(C)(CN=C=O)C1)N=C=O,25.0703455,-7730.26775
S1CC1,22.28178639,-3558.507724
CSCCCC,22.78230646,-4523.385586
CC(C)(C)SCC,22.4261189,-4341.753327
S1CCC1,22.23570175,-3973.754218
CC(C)(C)CCCCCCCCS,23.86456766,-6435.636253
CCCCCCC(C)(C)S,23.14045192,-5517.731461
S1C(C)=CC=C1,22.39916541,-4231.221354
S1C=C(C)C=C1,22.45231587,-4285.103522
NC=O,23.97957151,-6195.306247
CNC=O,23.63420326,-5780.840114
CC(=O)CC(C)(O)C,24.50681093,-5719.933604
O1C(CO)=CC=C1,25.22558687,-6109.961281
CC(=O)N(C)C,23.00332796,-5079.819368
OCCOC,23.9345269,-4995.00852
CCOCCO,23.92226042,-5128.812351
CCCCOCCO,24.20972767,-5734.798179
COCCOCCO,24.29537626,-6060.336949
CCOCCOCCO,24.44850256,-6241.245883
NCCOCCO,24.92010008,-6756.665439
ClCC(=O)OCC,23.08315187,-4865.629547
FC(F)OCC(F)(F)F,23.11114617,-3541.488722
OCCOCCOCCOC,26.56179647,-7666.059326
SCC(=O)O,24.4976303,-6447.388722
C=C(C)C(=O)OCCO,24.4620199,-6417.532804
C=C(C)C(=O)OCCOC(=O)CC(=O)C,25.51632771,-7754.796476
CC(O)C(=O)OC,24.15100893,-5339.180851
CC(OC)CO,23.5883465,-4902.371112
c1ccccc1C(C)OC=O,23.3356419,-5694.749024
OCCCC=O,25.92048499,-6286.976387
c1(C(=O)C)c(O)cccc1,23.74624935,-6021.471604
c1(OCC)ccc(N)cc1,23.97226632,-6628.95951
CC(C)C(=O)OCC(C)(C)C(O)C(C)C,24.82394221,-7102.601299
CC(=O)CO,24.74154676,-5526.339048
c1(O)c(Cl)cccc1,22.97660487,-5121.324722
CC(O)COC(C)C,24.63089673,-5399.044034
ClCCO,24.69984822,-5309.322582
C=C(C)C(=O)O,23.86789851,-5405.686303
CCCCCCCC/C=CCCCCCCCC(=O)O,27.40114762,-10168.79701
CCCCC/C=CC/C=CCCCCCCCC(=O)O,27.64223116,-10237.88064
OOC(=O)C,25.05853187,-5194.203058
CC(=O)OC(=O)C,23.60313621,-5042.322691
CCC(=O)OC(=O)CC,24.00911836,-5573.902556
CCCC(=O)OC(=O)CCC,24.96902079,-6429.129199
COC(=O),22.70204353,-3432.641849
CCOC(=O),22.583134,-3645.206329
CCCOC(=O),22.83693265,-4056.545554
CCCCOC(=O),23.09880888,-4437.114521
C(=O)OCC(C)C,23.08657647,-4324.573658
CCCCCOC=O,23.4361052,-4867.979918
CCCCCCCCOC=O,23.33065495,-5587.023141
CCCCCCCCCOC=O,23.99696205,-6120.527674
CCCCCCCCCCOC=O,24.27658528,-6504.362097
C=COC(=O),22.89102413,-3676.383451
CC(=O)OC,22.92921165,-3801.206841
CC(=O)OCC,22.98757638,-4057.03652
CC(=O)OCCC,23.21443712,-4440.122464
CC(=O)OCCCC,23.28395355,-4749.170272
CC(=O)OCC(C)C,23.34004622,-4655.826689
CC(=O)OCCC(C)C,23.31570069,-4944.004615
CC(=O)OCC=C,23.04309143,-4383.416241
CC(=O)OC(C)C,22.85027598,-4130.430241
CC(=O)OC(C)CC,23.40512815,-4638.387219
CC(=O)OC=C,22.96302982,-3995.647188
CCC(=O)OC,22.97842597,-4084.256643
CCC(=O)OCC,23.04517546,-4337.567659
CCC(=O)OCCC,23.23689594,-4675.429487
CCC(=O)OCCCC,23.59620764,-5121.769049
CCCOC(=O)CCC,23.29607299,-4960.491802
C=COC(=O)CC,23.07915727,-4302.932773
CCCC(=O)OC,23.07408891,-4393.95828
CCCC(=O)OCC,22.95745227,-4557.072839
CC(C)C(=O)OCCC,23.57208851,-4983.584777
O=C(OCC(CCCC)CC)c(ccc(c1C(=O)OCC(CCCC)CC)C(=O)OCC(CCCC)CC)c1,30.73606395,-13185.97298
O=C(OCC)CCCCCCC,24.08745134,-6095.121615
C=CC(=O)OC,22.78742954,-4007.918493
C=CC(=O)OCC,22.96844175,-4300.918364
CCCOC(=O)C=C,23.29583029,-4672.704197
CCCCOC(=O)C=C,23.2806136,-4999.560164
CCCCCCCCC(=O)OCCCC,23.86077388,-6404.351364
CCCCC(=O)OCCCC,24.18088453,-5888.152376
CC(C)CC(=O)OCC,23.2906018,-4866.902259
C=C(C)C(=O)OC,22.58034377,-4166.528669
CCOC(=O)C(C)=C,22.573418,-4343.092934
CCCOC(=O)C(C)=C,23.13074442,-4873.10042
c1cc(C(=O)OCC(CC)CCCC)c(C(=O)OCC(CC)CCCC)cc1,27.08189964,-10624.28766
c1cc(C(=O)OCCCCCC(C)C)c(C(=O)OCCCCCC(C)C)cc1,27.6664017,-11298.0951
C1(C)CCC(C[OH])CC1,24.83667896,-6268.605625
C1(C)CCC(C[OH])CC1,26.1322293,-6980.851482
c1(C)ccc(C(O)(C))cc1,24.49491257,-6471.023743
OCC#C,23.75064171,-4754.390243
c1ccccc1(CO),23.90478127,-6033.200922
c1(O)cc(C)ccc1,23.71856884,-5862.532906
c1(O)c(CC)cccc1,23.65549955,-5853.160856
c1(O)c(CCCCCCCCC)cccc1,25.98619146,-8660.673034
OCCO,24.97634173,-6416.128499
OCCOCCO,25.16423158,-7216.826838
OCCOCCOCCO,25.33400275,-7890.974503
OCCOCCOCCOCCO,26.54600899,-9242.650127
CC(C)(C)OCC(O)COC(C)(C)C,24.12733443,-6292.831384
CC(O)COC(C)COC(C)COC(C)CO,26.03737352,-8511.210838
CC(O)COC(C)COC(C)COC(C)COC(C)CO,26.53829229,-9315.206349
OC(C)CO,25.50261321,-6564.00434
OCCCO,25.65639201,-7019.220469
CC(O)COCC(O)C,25.13246989,-6993.821366
CC(O)COC(C)COCC(O)C,25.92874856,-7890.99994
OCCCC(O)C,25.23833012,-6909.613452
OCC(C)CO,26.06684018,-7265.591558
OCC(O)CC,25.32608407,-6592.513582
OCCC(O)C,26.24313732,-7260.7084
CC(O)(C)CC(O)C,27.348234,-7488.106792
CC(C)(O)CO,26.83734841,-7014.835943
OC(CO)COC(C)(C)C,26.03446004,-7492.876569
OCC(O)CO,25.49026678,-7998.051643
CC(O)C(O)CO,32.54265983,-11951.29209
C(O)C(O)CCO,32.64872325,-11687.53565
CCC(O)C(C)CO,29.39528799,-8896.798601
CC(O)C(O)C,24.79836332,-6125.068321
OC/C=CCO,27.17400446,-7952.395092
OCCCCO,25.62812492,-7187.859852
OCCCCCO,26.05633034,-7613.879035
C(=O)O,22.6404316,-4154.716695
CC(=O)O,23.41893601,-4657.815426
CCC(=O)O,24.23674794,-5299.646502
CCCC(=O)O,24.59600771,-5742.837671
CCC(C)C(=O)O,24.8330518,-6096.696193
CCCCC(=O)O,25.19391346,-6358.975701
CCCCCCCCC(=O)O,25.55298049,-7546.418583
CC(C)C(=O)O,24.66141781,-5698.439924
CC(C)CC(=O)O,24.97413402,-6122.542168
CCCCCC(=O)O,25.28092081,-6679.226467
CCCCC(C)C(=O)O,25.12206684,-6667.176726
CCCCCCCC(=O)O,25.3602694,-7199.004585
C1CCCC1(CC(=O)O),24.77565592,-6748.910208
C/C=CC(=O)O,24.24338513,-5705.432198
CCCCCCC(C)C(=O)O,25.56059143,-7377.407798
C=CC(=O)O,24.03644397,-5195.482328
C=COC=C,22.4974212,-3333.294495
CCOCCC,22.77514356,-3843.38111
C1OCc2ccccc12,22.98542704,-5367.372935
CC=Cc1ccc(OC)cc1,23.34139921,-6067.57024
C1OCCOC1,22.44314788,-4088.361614
CC(C)(C)OC(C)(C)C,22.28472801,-4139.138461
CCCCCCCCOCCCCCCCC,25.76598974,-8062.499534
CCCCCOCCCCC,23.62936842,-5599.89823
COC(C)CC,22.54183749,-3699.497889
COC(C)(C)CC,22.28478149,-3901.297031
CCOC(C)(C)C,22.47165713,-3822.256664
COCCCCC,22.73838203,-4219.689134
CCC(C)(C)OCC,22.48977366,-4144.112871
COCOC,22.59477095,-3524.169984
CCOC(C)OCC,23.27763511,-4452.949167
CC(C)OCC(C)C,22.84831256,-4251.251065
CCOCC(C)C,22.8579385,-4065.167097
C(Oc1ccccc1)C2CO2,24.17216208,-6608.436186
CCOC(OCC)OCC,23.79617773,-5201.723059
COO,24.59704424,-4795.252394
CCOO,24.77216061,-4974.521568
CC1C2=CC(C)=CC=C2OC=1,23.03201072,-5703.218533
CC1(C)CO1,22.27405024,-3493.640785
CC1OC1,22.52013223,-3410.393996
C1CCO1,22.29478926,-3479.620132
CCOC=C,22.40574237,-3389.65785
CCCOCCC,22.90287535,-4182.623225
CCCCOC=C,22.96113892,-4245.083986
CCCCOCC,22.90724584,-4200.777745
c1ccccc1C(C)OC(C)c2ccccc2,23.80068801,-7003.253201
c1c(CCCOO)cccc1,26.5923795,-8497.93524
c1c(CCCCOO)cccc1,26.81073284,-8922.312818
C1CCCCO1,22.13579665,-3849.341248
C=CCOCC=C,22.45581546,-4065.071999
COCCOCCOCCOC,25.43994648,-6905.652296
COCCOC,22.82024462,-4068.877766
COCCOCCOC,24.05097244,-5519.844119
COCCOCCOCCOCCOC,25.81658091,-7900.542034
CCOCCOCCOCC,23.96104479,-5813.134046
CCCCOCCOCCOCCCC,24.51846642,-6874.166109
c1ccccc1(COCC),22.99964754,-5292.264283
c1ccccc1(OC),22.91876949,-4903.79596
c1ccccc1(OCC),23.12034815,-5186.071457
c1ccccc1(COCc1ccccc1),24.77492698,-7589.153013
C=CCOCC1(OC1),23.24906807,-5061.590882
c1c(C)cc(OC(C)C)cc1,22.9635982,-5400.714262
C1CC(C2CCOC2)CO1,23.11276276,-5824.682381
COC(C)OC,22.71051133,-3809.880569
COCCOCCOCCOCCOCCOC,27.58860192,-9996.708463
CCC1CO1,22.48863345,-3736.999266
C1NCCOC1,22.95941658,-4606.786221
C1CCCN1,22.75362021,-4067.322415
C1CCCN1(C),22.2009975,-3793.781515
[N+](=O)([O-])C([N+](=O)[O-])([N+](=O)[O-])[N+](=O)[O-],23.81792668,-4896.968656
CCCC[N+](=O)[O-],23.39773312,-5114.597806
C#N,22.93042597,-3407.424604
CC#N,22.59513726,-3935.602504
CCC#N,22.72975879,-4179.064596
C=CC#N,22.70251982,-3946.889324
C=C(C)C#N,22.12236128,-3859.706517
N#CCCCCC#N,24.32215879,-7326.098663
c1(C)c([N+](=O)[O-])cccc1,23.36304937,-5900.185617
c1(C)cc([N+](=O)[O-])ccc1,23.27696017,-5960.415391
N#CCCCC#N,23.75779869,-6864.906746
CCCC#N,22.94359965,-4509.838293
CCCCC#N,22.99679422,-4796.386905
CCCCCC#N,23.09688243,-5090.353046
CC(C)C#N,22.61755201,-4205.268911
C/C=C/C#N,22.85287415,-4487.554199
c1(C#N)ccccc1,22.83750707,-5288.419616
n1ccccc1,22.51468782,-4294.021168
c1(N)ccccc1,23.30529541,-5429.487946
C1=CC(=C(C=C1N=C=O)N=C=O)C,24.19671313,-6681.718911
C1CCCCCN1,22.81527872,-4682.1614
c1(NC)ccccc1,23.71695705,-5759.358737
c1(N(C)C)ccccc1,23.00013919,-5383.629812
n1c(C)cccc1,22.75659725,-4565.662706
C/C=CC#N,22.71910018,-4280.175449
CCS,22.37244034,-3381.900409
CCCS,22.38047946,-3743.355285
CC(C)(C)S,21.66305216,-3416.632873
CC(C)CS,22.62291227,-4077.637491
CC(S)CC,22.53962018,-4003.026279
CCCCCCS,22.86717947,-4886.184232
CCCCCCCCCS,23.44952377,-5940.250786
CCCCCCCCS,23.176864,-5568.01822
CC(S)C,22.32813559,-3563.357252
C1(S)CCCCC1,22.34459332,-4729.005592
c1(CS)ccccc1,22.80529396,-5392.885712
CSCC,22.2862632,-3699.042197
CSCCC,22.61296106,-4139.804772
CSC(C)(C)C,22.15479819,-3994.729591
CSC(C)(C)CC,22.36729715,-4634.446908
CCCSCCC,23.01448838,-4844.049247
CCSCC,22.50811111,-4041.151939
CCSCCCCCCCC,23.44734466,-6079.941113
CSC,22.15950232,-3323.873768
S1C=CC=C1,22.14785143,-3810.289788
CCSSCC,22.95460614,-4946.739397
CCCCCCCCCCCS,23.96465157,-6661.601471
c1(C)c(C)c(Cl)ccc1,22.61875665,-5159.847622
c1(C)c(C)cc(Cl)cc1,22.66467695,-5230.485789
c1ccccc1(Cl),22.34864975,-4415.16325
c1(Cl)ccccc1(Cl),22.30234902,-4934.888351
c1c(Cl)cccc1(Cl),22.44229225,-4905.624587
c1ccccc1(C(Cl)(Cl)(Cl)),22.13374637,-5206.376344
c1(C)ccccc1(Cl),22.54470391,-4800.458716
c1cc(C)ccc1(Cl),22.44362414,-4777.254243
c1c(Cl)c(C)ccc1(Cl),22.83371069,-5414.908849
Cl/C=CCl,21.99883722,-3518.68938
Cl/C=C/Cl,22.0576251,-3387.213713
C1(Cl)=C(Cl)C(Cl)(Cl)C(Cl)=C1(Cl),22.77283139,-5814.213289
C=C(Cl)C=C,23.27013834,-3872.083609
CCCCl,22.28733542,-3480.979165
CCCCCl,22.47503122,-3907.363156
CCC(Cl)C,22.43866764,-3754.115705
CCCCCCl,22.51668693,-4234.274521
c12c(Cl)cccc1cccc2,22.89161082,-6121.864572
ClC(Cl)C(Cl)(Cl)Cl,22.11669663,-4626.824499
C=C(Cl)Cl,22.3852919,-3342.094839
c1(Cl)c(Cl)cc(Cl)cc1,22.69386215,-5451.999954
ClC/C=CCCl,22.78405331,-4843.366416
c1c(Cl)cccc1C(=O)Cl,23.32666954,-5900.209381
C=CC(Cl)CCl,22.77574971,-4429.236845
ClC/C=C(C)Cl,22.5639455,-4504.134877
c1ccccc1C(Cl)Cl,22.44831827,-5343.386904
BrC(F)(F)C(F)(F)Br,22.14531232,-3438.46735
C(F)(F)(F)C(F)(F)C(F)(F)C(F)(F)C(F)(F)C(F)(F)(F),22.92129732,-3796.070681
FC(F)(F)C(F)(F)C(F)C(F)C(F)(F)F,23.23390649,-3859.849707
C(F)(F)(F)C(F)(F)C(F)(F)C(F)(F)C(F)(F)C(F)(F)C(F)(F)C(F)(F)(F),22.53052273,-4163.948402
FC(F)(F)C(F)(F)C(F)(F)C(F)(F)C(F)(F)C(F)(F)C(F)(F)C(F)(F)C(F)(F)F,22.52320493,-4406.782615
Fc1cc(F)ccc1,22.39342753,-3892.422816
Fc1c(F)cccc1,22.32270027,-3979.566914
CCBr,22.2558751,-3373.545253
BrC(Br)C(Br)Br,22.52856358,-5782.873531
CCCBr,22.41413961,-3782.944951
CC(Br)C,22.26543568,-3587.046314
BrCC(Br)C,22.46049357,-4571.234984
BrCCCBr,22.57976203,-4890.475797
CCCCBr,22.64733148,-4211.774727
CCCCCCCBr,23.08108459,-5265.406036
CC(Br)Br,22.44490075,-4209.317361
BrCCBr,22.1366305,-4295.118602
c1(Br)cc(Br)ccc1,22.56636235,-5457.515153
ClC(Cl)(Cl)C(F)(F)F,21.76146526,-3273.864517
c1(Br)ccccc1,22.31767214,-4666.590448
CI,21.91385697,-3286.842501
CCI,22.09240516,-3685.739513
CCCI,22.19663294,-4044.282104
CC(I)C,22.18560253,-3891.306111
C2CCC1CCCC(CC)C1C2,22.93939081,-5758.714264
C1CCCCC1CC(C)C,22.83623514,-5099.983319
C1CCCCC1C(C)(C)C,22.30187385,-4844.649389
CCCCCCCCCCC,23.33436647,-5597.789243
CCCCCCCCCCCC,23.49968558,-5919.465428
CCCCCCCCCCCCC,23.7463988,-6280.983838
CCCCCCCCCCCCCC,23.86665382,-6572.27068
CCCCCCCCCCCCCCC,24.09109676,-6909.376951
CCCCCCCCCCCCCCCC,24.1727763,-7161.256477
CCCCCCCCCCCCCCCCC,24.350557,-7462.649302
CC(C)(C)CCCCCC,22.87233831,-4933.107052
CCC(C)CCCCCC,23.31089916,-5265.559807
CC(C)CCCCCCC,23.32677462,-5265.768879
CCCC(C)CCCCC,23.3133807,-5240.66144
CCCCC(C)CCCC,23.29968228,-5235.056098
CC(C)(C)CC(C)(C)CC(C)CC(C)(C)C,23.97283628,-6551.937854
CC(C)CCCCCC,23.16361811,-4902.291272
CCC(C)CCCCC,23.12508916,-4911.712567
CCCC(C)CCCC,23.14001141,-4897.437022
CCC(CC)CCCC,23.11433298,-4890.307929
CC(C)(C)CCCCC,22.87050009,-4664.465703
CCC(C)CCCCCCC,23.47323052,-5608.877357
CCC(C)CCCCCCCCC,23.87747308,-6282.821714
CCC(C)CCCCCCCCCC,24.17027402,-6669.956926
CCC(C)CCCCCCCC,23.57810392,-5896.974264
C1CCCC1,21.98873695,-3393.645109
C1(C)CCCC1,22.35709881,-3788.941046
C1(CC)CCCC1,22.56984025,-4222.088935
C1(C)(C)CCCC1,22.08996759,-3836.286053
C1[C@@](C)([H])([C@]([H])(C)(CC1)),22.08674406,-3959.396801
C1[C@](C)([H])([C@]([H])(C)(CC1)),22.36955556,-4005.079159
C1[C@@](C)([H])(C[C@]([H])(C)(C1)),22.42723324,-4014.190023
C1[C@](C)([H])(C[C@]([H])(C)(C1)),22.47126945,-4048.494398
C1CCCC1(CCC),22.75126118,-4602.559877
C1CCCC1(C(C)C),22.50431983,-4440.181225
C1CCCC1(C)(CC),22.74589742,-4488.530153
C[C@@H]1CC[C@@H](C)[C@H]1C,22.42399292,-4317.109453
C1(C)(C)CC(C)CC1,22.41265494,-4204.330245
C[C@@H]1C[C@@H](C)[C@@H](C)C1,22.56066422,-4374.605322
C1(C)(C)C(C)CCC1,21.81699631,-4001.479357
C1CCCC1(CCCC),22.94788356,-4979.809021
C(CCCC1)(C1)CCCCC,23.12071599,-5591.827705
CC(C)CCCCCCCC,23.47349259,-5593.568287
CC(C)CCCCCCCCC,23.70154663,-5953.88454
CC(C)CCCCCCCCCC,23.77993109,-6223.503041
CCCCCCCCCC(CC)CC,23.74047102,-6439.790147
CC(C)CCCCCCCCCCC,24.05385755,-6597.305248
C1C2C(CCC1)CC[C@@H](C2)CCCCCC,23.1736039,-6701.918484
C(CCCC1)(C1)CCCCCCCC,23.85139396,-6677.5325
C1CCCCC1,21.78096967,-3628.751086
c1ccccc1(C(C)(C)OO),36.94675129,-11225.4889
CC(C)(C)OO,24.53195998,-5076.501821
C1(OO)CCCCC1,25.69654202,-7050.662649
CC1CCC(C(C)(C)OO)CC1,26.05285052,-7831.871076
C1OCC=C1,22.54534317,-3764.907681
C1=COC=C1,22.29158587,-3294.889938
C1COCC1,22.44640578,-3740.848829
CC(C)(C)OOC(C)(C)C,22.60771186,-4287.302913
OOCCCC,26.52040244,-6158.728792
c1(C(C)C)cccc(C(OO)(C)C)c1,26.88270403,-9672.324447
c1cccc2oc(C)cc21,22.69845097,-5278.260775
CC(C)(C)OOCC=C,22.86938698,-4467.913467
CC(C)(C)OCC(C)OCC(C)OC(C)(C)C,23.70913987,-6834.885901
CC(OC)COC,22.63598338,-4094.176736
CCC(C)OC(C)(C)C,22.37915396,-4235.091273
CC(C)COC(C)(C)C,23.08254288,-4530.734636
CC1OCCO1,22.99829652,-4115.698995
O1C(C)CCC1C,22.24647222,-3921.070522
Cc1ccc(C)o1,22.71761229,-4143.516533
O(CCO1)C1,23.19260323,-4097.162622
c2ccc1occc1c2,22.68284491,-5020.818386
C(Cl)(Cl)(Cl)Cl,21.82575264,-3609.439337
ClC/C=C/CCl,22.56921798,-4771.229211
C(Cl)/C=CCl,22.2962639,-4092.854782
C(Cl)/C=C/Cl,22.20825578,-4128.64339
ClCCCCCl,22.68699987,-4821.622221
ClCCCCCCl,23.1354549,-5370.558234
ClCCl,22.35592249,-3416.070243
ClC(Cl)(CC(Cl)Cl)Cl,22.52524901,-5004.770136
C(Cl)(Cl)Cl,22.26507295,-3606.944966
CC(Cl)Cl,22.43736619,-3629.461459
ClCCCl,22.44249466,-3906.761212
C(Cl)(Cl)CCl,22.37244832,-4225.892868
C(Cl)C(Cl)C,22.47494561,-4087.156612
C(Cl)(Cl)(Cl)C,21.92121309,-3617.883964
C(Cl)(Cl)(Cl)C(Cl),22.38162786,-4434.087416
C(Cl)(Cl)C(Cl)(Cl),22.56988649,-4669.195145
C(Cl)(C)C,22.15899705,-3312.202047
C#CCCl,21.84712596,-3430.50565
C(Cl)C(Cl)C(Cl),22.51593844,-4760.897728
CC(C)CCl,22.44556346,-3787.870717
C(C)(Cl)(C)C,21.64470477,-3276.922533
C(Cl)C(Cl)CC,22.48174577,-4385.019409
CC(Cl)C(Cl)C,22.3876039,-4306.927557
C(Cl)=C(Cl)Cl,22.31874745,-3912.37061
C(Cl)(Cl)=C(Cl)Cl,22.16175227,-4211.894973
C=CC(Cl),22.0620288,-3400.33054
C1CCCCC1(Cl),22.17801626,-4458.369754
C(Cl)(Cl)=C(Cl)C(Cl)=C(Cl)(Cl),22.24803591,-5319.685302
c1ccccc1(CCl),22.74257969,-5139.158014
CCCCCCCCCOC(=O)c1ccccc1C(=O)OCCCCCCC,27.42122829,-11015.8104
CC(=O)OCCCCC,23.30316539,-5022.636341
CC(=O)OCC(CC)CCCC,24.11358836,-6024.721244
CC(=O)OCc1ccccc1,23.69238864,-6009.212179
CC(C)COC(=O)C(C)C,23.22226469,-4997.931658
CC(C)CC(=O)OCCC(C)C,23.24537382,-5488.876943
CCCCCCCC/C=CCCCCCCCC(=O)OC,26.11936155,-9169.533622
CCCCCCOC(=O)C,23.81719507,-5529.510699
c1ccccc1(C(=O)OCc2ccccc2),23.95419541,-7502.831635
CCCCOC(=O)c1ccccc1,23.79813919,-6475.590697
CC(=O)OCCCCCCC,23.92931344,-5835.718868
CC(=O)OCCCCCCCC,24.14007963,-6165.171148
CC(=O)OCCCCCCCCC,24.50464678,-6527.593878
CC(=O)OCCCCCCCCCC,24.70320295,-6889.467539
c1c(C(=O)OCCCCCCCC(C)C)c(C(=O)OCCCCCCCC(C)C)ccc1,25.17272521,-10150.234
c1c(C(=O)OCCCCCCC)c(C(=O)OCCCCCCC)ccc1,27.53760575,-10882.70004
c1cc(C(=O)OC)c(O)cc1,23.56134259,-5975.396804
c1c(C(=O)OCCCCCCCCC)c(C(=O)OCCCCCCCCC)ccc1,27.92560599,-11747.99776
c1c(C(=O)OCCC)c(C(=O)OCCC)ccc1,25.20899794,-8224.67
c1c(C(=O)OCC(C)C)c(C(=O)OCC(C)C)ccc1,26.51734724,-9015.607338
c1c(C(=O)OCCCCCCCCCC)c(C(=O)OCCCCCCCCCC)ccc1,29.06156389,-12878.77132
c1c(C(=O)OCCCCCCCCCCC)c(C(=O)OCCCCCCCCCCC)ccc1,29.05682132,-13251.70662
c1c(C(=O)OCCCCCC)c(C(=O)OCCCCCC)ccc1,26.94347347,-10188.0167
CCCCOC(=O)CCCCCCCCC(=O)OCCCC,26.99594269,-9729.543157
CCCCOC(=O)CCC,23.54583103,-5335.817043
C=CC(=O)OCC(CC)CCCC,24.16393323,-6231.850495
CC(=O)OCCOC(C)=O,24.10829317,-5917.071791
CC(C)COC(=O)C(=C)C,22.91844629,-4926.945989
C=C(C)C(=O)OCCCC,23.4410993,-5270.835046
c1c(C(=O)OC)cccc1,23.10113398,-5521.677265
c1c(C(=O)OCC)cccc1,23.33696518,-5788.091119
CCOC(=O)OCC,23.16640277,-4687.637131
CCOC(=O)C(=O)OCC,24.73337081,-6064.036621
CCOC(=O)CC(=O)OCC,24.2725419,-6081.139827
CCCCCCCCCC(=O)OC,23.84115059,-6319.166244
CCCCCCCCCCCCCC(=O)OC(C)C,25.61923656,-8350.705565
CCCCCCCOC(=O)c1cc(C(=O)OCCCCCCC)ccc1(C(=O)OCCCCCCC),28.25019635,-11775.96355
CCCCCCCCCCCOC(=O)c1ccccc1C(=O)OCCCCCCC,26.88532409,-11107.94489
O(C(CC1)C)C1,22.63548075,-3971.872395
CCOCC,22.44814779,-3394.764003
CC(C)OC(C)C,22.40560548,-3739.284998
CCCCOCCCC,23.35150971,-4965.580544
COC(C)(C)C,22.25703872,-3562.699594
CCC(C)OC(C)CC,23.11984397,-4631.21629
COCCC,22.57955182,-3498.468565
CCCCOC(C)C,23.04588251,-4457.289304
COCC(C)C,22.42556291,-3644.808075
COC(C)C,22.50894334,-3380.51247
CCCCCCOCCCCCC,24.66707528,-6640.287219
CCCCOC,22.65580074,-3864.975271
CO,24.76529536,-4504.829263
CCO,25.37208795,-4931.266153
CCCO,25.79053496,-5399.516291
CC(O)C,25.54852298,-5068.648323
CCCCO,25.45090835,-5569.601706
OCC(C)C,25.90095093,-5633.296525
CCC(O)C,25.7712577,-5463.602838
CCCCCO,25.17028835,-5736.817424
CCCC(O)C,25.13698754,-5468.979805
CC(C)(O)CC,23.76302011,-4632.340993
OCC(C)CC,25.2335497,-5651.435694
CCCCCCO,24.88611647,-5876.292358
CC(O)CCCC,24.75513937,-5567.019488
CCC(O)CCC,24.7435979,-5504.728685
OCC(C)CCC,24.51834779,-5593.972112
CCC(C)CCO,25.65012787,-6124.46764
CCC(C)(O)CC,23.23667993,-4669.054255
CCC(O)CC,24.79148476,-5266.532644
OCC(CC)CCCC,25.15407038,-6410.850934
OCC(C)CCCC,25.46678548,-6180.256628
OCCC(C)C,25.99624399,-6021.857981
CC(O)C(C)C,24.9403082,-5282.239976
OCCCCCCC,24.84037628,-6122.399022
CC(O)CCCCC,24.84989435,-5897.898241
CCC(O)CCCC,24.92427733,-5897.568345
OCCCCC(C)C,24.94412864,-6019.290622
CC(O)CC(C)C,24.61811903,-5387.816529
CCCCCCCCO,24.62980685,-6254.782331
CCCCCCC(O)C,24.64394071,-6059.448826
CCCCCCCCCO,24.59405653,-6480.468304
CCCCCCCC(O)C,24.79208858,-6387.796456
CCCCCCCCCCO,24.52462144,-6670.061461
CCCCCCCCCCCO,24.40232261,-6824.121992
CC(C)CCCCCCCO,25.57395913,-7125.899626
CCCCCCCCCCCCO,24.54359053,-7120.228225
OCC(CC)CC,25.14566679,-5835.081573
CCCCCC(C)CO,25.26240344,-6242.376187
OC1CCCCC1,23.36100513,-5188.981921
C1[C@](O)([H])([C@](C)([H])(CCC1)),24.22483996,-5576.70849
C1[C@](O)([H])([C@@](C)([H])(CCC1)),24.38949789,-5684.203281
C1[C@](O)([H])(C[C@](C)([H])(CC1)),24.90507629,-6036.44248
C1[C@](O)([H])(C[C@@](C)([H])(CC1)),24.7479529,-5966.99841
C1[C@](O)([H])(CC[C@](C)([H])(C1)),24.7811351,-5941.097483
C1[C@](O)([H])(CC[C@@](C)([H])(C1)),24.88902747,-6001.171164
CCCCCCCC(CO)CCCC,26.76765702,-8293.818032
CCCCCCCCCC(C)CO,26.56592469,-7929.309098
OCC1OCCC1,24.66635045,-5947.005483
C=CCO,25.25532443,-5180.07174
CCCCCCC(CCCC)CO,27.1244049,-8226.672409
c1c(O)c(C)cc(C)c1,23.78184299,-5971.631541
CCCCOCC(O)C,24.05751105,-5655.161258
CC(O)COC(C)COCCCC,25.87158974,-7269.392545
CCCCOS(=O)(=O)O,24.36566809,-7468.83587
CCCCC(CC)C(=O)OCCOCCOCCOC(=O)C(CC)CCCC,27.08173261,-10511.96379
C(C)(C)(C)OC(=O)CC(=O)C,24.04929179,-5798.149421
OCCOCCOCCOCCC,26.32689243,-7976.693485
OCCOCCOCCOCCCCCC,26.40490787,-8484.403077
NCCOCCN,24.76580186,-6128.355311
N1(CC)CCOCC1,22.77933774,-4681.353888
c1(C(C)OCC(O)C)ccccc1,24.13368554,-6702.196534
SCCC(=O)OC,23.46654565,-5257.894501
COC(F)(F)C(F)(F)C(F)(F)(F),22.831324,-3511.633395
COCC(C)OC(=O)CC,23.84562074,-5461.084381
CC(=O)CCC(=O)OCC,24.13337423,-6098.849618
CC(C)C(=O)OC1C(COC(=O)C)OC(OC2(COC(=O)C(C)C)C(OC(=O)C(C)C)C(OC(=O)C(C)C)C(COC(=O)C)O2)C(OC(=O)C(C)C)C1OC(=O)C(C)C,32.70137556,-18217.64538
COCCN1CCOCC1,23.63247358,-5732.59623
OCCN1CCOCC1,25.18659198,-6775.998314
CC1(CO)OC(C)CO1,23.86985732,-5420.648962
CC(C(=O)C)O,23.8458062,-5154.107284
C(CO)(CO)Cl,27.68945805,-8088.445098
C1N(C)C(=O)N(C)C1,23.01046292,-5766.061533
CCN1CCCC1=O,22.97252185,-5650.731069
CCN1C=C[N+](C)=C1.S(=O)(=O)([O-])OCC,23.71829267,-13559.11184
CCOC(=O)Oc1ccccc1,23.70352436,-6154.899912
c1c(N)c(OC)ccc1,23.55350114,-6055.135996
COCCOCCOCCOCCO,26.37971239,-8248.937304
CCOCCOCCOCCOCCO,25.93079621,-8127.91864
OC(C)(C)C(=O)OC,23.76802647,-5059.451609
COC(C)(C)C(=O)OC,22.99237407,-4734.617356
CN(C)N=O,22.71132609,-4786.615323
O=C1C[C@H](O)CO1,25.29834736,-7985.102691
OCCN(CCO)N=O,27.59012163,-10608.03888
OC1=CC=C(/C=C/C)C=C1OC,23.95066832,-6752.245231
CC1=CC=C(O1)C=O,23.64087468,-5635.343696
Oc1ccc(C)cc1OC,24.22228101,-6317.234354
CCCCCC[C@H](C/C=CCCCCCCCC(=O)OC)O,27.0038441,-10165.20695
O=C(c1ccccc1)OCCOCCOC(=O)c1ccccc1,26.86025061,-10389.43961
O=C(c1ccccc1)OCC(OC(C(C)OC(=O)c2ccccc2))C,27.64537092,-11062.82316
CC(=O)C(=C)OC,22.92037458,-4669.775808
C(C(N(C)C)=O)CCCCCC,23.99798622,-6935.59626
Fc1ccc(F)cc1,22.34735342,-3926.221847
c1(I)ccccc1,22.41756337,-5073.307193
ICI,21.95844466,-4784.159452
ClC(Cl)C(F)(F)F,22.35839804,-3286.960862
c12ccccc1cccc2(Br),23.06071886,-6469.506057
BrC(Br)Br,22.06921362,-4467.704936
O=C=NCCCCN=C=O,23.18466233,-5934.281137
CCC(C)(N)C,22.75596378,-3976.290406
CCN(CC)CC,22.5598258,-4038.183557
CCCNCCC,23.00248573,-4407.563132
CCCCN(C)C,22.47279238,-4050.928997
CCN(C)CC,22.62199451,-3797.880687
CCNCC,22.34444217,-3570.085523
CCCN,22.65174699,-3605.601438
CCCCN,22.64397551,-3926.228602
CCCCCN,22.89827756,-4342.763087
CC(C)CN,22.94117932,-3925.757426
C1CC1N,22.62284194,-3589.185265
NN,23.82184783,-4753.261204
CC(C)CNCC(C)C,23.19674147,-4850.943674
CC(C)N,22.67492437,-3432.332125
C1=CC=CN1,23.0734655,-4683.702214
CN(CCO)CCO,25.00984459,-7131.871345
NCCO,24.48061586,-5797.289333
OCCN(CCO)CCO,27.80107761,-9954.970808
CCC(N)C,22.56156058,-3748.844663
CC(C)(C)N,22.2891514,-3427.311424
C1(N)CCCCC1,22.44907368,-4480.703154
c1(CN)ccccc1,23.42101486,-5507.955501
c1(C)c(N)cccc1,23.26460133,-5620.212312
c1(C)cc(N)ccc1,23.60418529,-5832.743757
NCCNCCNCCN,24.70599264,-7303.260192
C=CCN,23.0435086,-3794.4513
NCCN,23.21468167,-4571.716474
C1CN1,22.83904447,-3758.88713
CC(C)NC(C)C,22.95259102,-4148.034491
CCCCNCCCC,23.41314039,-5181.963743
C1CCCCN1,22.2655319,-4085.35455
c1(cccn2)c2cccc1,22.99803472,-5905.140359
C1CNCCN1CCN,23.87689176,-6150.203869
CC(N)CN,23.82326756,-4861.718425
c1ccccc1N(CC)CC,23.48069702,-5940.814955
n1(C)cccc1,22.45073115,-4262.590197
c1(NN)ccccc1,23.70836283,-6330.152711
c1(ccc(C)n2)c2cccc1,23.0575584,-6062.034148
C[N+](=O)[O-],22.9106249,-4274.842203
CC[N+](=O)[O-],23.13352773,-4539.910249
CCC[N+](=O)[O-],23.28379065,-4806.251314
CC([N+](=O)[O-])C,23.01284693,-4561.187416
N#CCCO,25.34172594,-6860.813427
CCCCCCCCCCS,23.74450632,-6324.451133
CCCCCS,22.63048418,-4488.139513
CSSC,22.39839784,-4206.374059
CCCSSCCC,23.1275702,-5482.885741
CCCCCCCCSCCCCCCCC,25.0526237,-8177.56045
C1CCCCC1(SC1CCCCC1),22.84609502,-6395.500661
CCc1cc(C)sc1C,23.16513551,-5384.257049
c1cc2SCCc2cc1,22.69710512,-5706.975187
c1cc2SC(C)Cc2cc1,22.53901751,-5798.332885
CCCCCCCCCCCCS,24.01703505,-6953.763238
CC(S)(C)CC(C)(C)C,22.28136897,-4661.160718
CCCCCCCS,22.96602191,-5204.595511
C=CCSCC=C,21.76192703,-4304.824731
CCCCS,22.56559673,-4156.652802
c1(S)ccccc1,22.68207184,-4987.999243
S1CCCC1,22.41604741,-4348.341622
CS(=O)C,22.92748855,-5319.976684
S1(=O)(=O)CCC(C)C1,23.54836333,-6690.151737
CC(=O)Cl,22.82682012,-3690.281796
ClCC(=O)Cl,23.02882289,-4381.06314
ClC(Cl)C(=O)Cl,22.71054389,-4282.753944
ClC(Cl)(Cl)C(=O)Cl,22.39492637,-4284.422099
c1(C(=O)Cl)ccccc1,23.09527713,-5463.045649
c1(C(F)(F)F)ccc(Cl)cc1,22.68034081,-4632.299125
c1(C(F)(F)F)c(Cl)cc(Cl)cc1,23.07757727,-5267.337981
c1(N)c(Cl)cccc1,23.2337856,-5683.459745
c1(F)ccccc1,22.2328262,-3852.235316
ClCOC,22.71648442,-3760.33151
ClCC(O)CO,27.64975878,-7865.168234
ClCC(O)CCl,24.58845453,-5852.621631
c1(F)c(F)c(F)c(F)c(F)c1(F),22.56986034,-3906.073509
ClCC(Cl)CO,24.72605593,-6067.89192
ClCCOCCCl,23.18715926,-5329.912698
CSCCC=O,23.32030381,-5226.148536
FC(F)(F)C(=O)O,23.26807503,-4057.999781
SCCC(=O)O,24.40491545,-6491.281548
CN(C)C=O,22.89350231,-4884.163979
ClCC1CO1,22.88831069,-4466.436595
CC(C)(O)C#N,25.53967847,-6299.943661
c1([N+](=O)[O-])ccccc1,23.10343315,-5632.51293
CC(O)CC=O,25.60547913,-6304.31097
O1C=CC=C1(C=O),23.32360406,-5164.153776
c1(OC)c(N(=O)=O)cccc1,24.28807136,-7065.700861
CC(=O)OC1OC(C)OC(C)C1,24.89758199,-6305.111983
C=CC(=O)OCCOC(=O)C=C,24.24651396,-6447.034596
CC(=O)OC(C)COC,23.68104497,-5157.855383