smiles,Viscosity,temperature,pred_0,pred_1,pred_0,pred_1,pred_0,pred_1,pred_0,pred_1,pred_0,pred_1,pred_0,pred_1,pred_0,pred_1,pred_0,pred_1,pred_0,pred_1,pred_0,pred_1,,
[Br],0.170685558,2.46300904237641,-4.5190644,1.5127796,-3.7460585,1.3049822,-2.8159308,1.0585555,-4.3674893,1.7041515,-1.90587,0.5293543,-3.525317,2.0785217,-1.5711428,0.517376,-4.4319673,0.79810375,-2.8547685,1.1382583,-4.44144,1.1190068,-3.41790486,1.176108965
[Br],0.123925418,2.4209946546632,-4.5190644,1.5127796,-3.7460585,1.3049822,-2.8159308,1.0585555,-4.3674893,1.7041515,-1.90587,0.5293543,-3.525317,2.0785217,-1.5711428,0.517376,-4.4319673,0.79810375,-2.8547685,1.1382583,-4.44144,1.1190068,-3.41790486,1.176108965
[Br],0.076338206,2.37711624169363,-4.5190644,1.5127796,-3.7460585,1.3049822,-2.8159308,1.0585555,-4.3674893,1.7041515,-1.90587,0.5293543,-3.525317,2.0785217,-1.5711428,0.517376,-4.4319673,0.79810375,-2.8547685,1.1382583,-4.44144,1.1190068,-3.41790486,1.176108965
[Br],-0.014783419,2.2913131029852,-4.5190644,1.5127796,-3.7460585,1.3049822,-2.8159308,1.0585555,-4.3674893,1.7041515,-1.90587,0.5293543,-3.525317,2.0785217,-1.5711428,0.517376,-4.4319673,0.79810375,-2.8547685,1.1382583,-4.44144,1.1190068,-3.41790486,1.176108965
[Br],-0.094563534,2.21504918936811,-4.5190644,1.5127796,-3.7460585,1.3049822,-2.8159308,1.0585555,-4.3674893,1.7041515,-1.90587,0.5293543,-3.525317,2.0785217,-1.5711428,0.517376,-4.4319673,0.79810375,-2.8547685,1.1382583,-4.44144,1.1190068,-3.41790486,1.176108965
[F],-0.693562327,9.74205463447914,-3.4997566,1.1410757,-5.1446466,1.7642365,-4.407641,1.5431331,-3.6032848,1.2115073,-2.5546882,-0.25619045,-3.2186482,1.1502349,-2.1978533,0.35417688,-4.5268617,0.64265764,-4.866365,1.4271294,-4.9839807,1.3680513,-3.90037261,1.034601227
[F],-0.827626877,9.2097018301155,-3.4997566,1.1410757,-5.1446466,1.7642365,-4.407641,1.5431331,-3.6032848,1.2115073,-2.5546882,-0.25619045,-3.2186482,1.1502349,-2.1978533,0.35417688,-4.5268617,0.64265764,-4.866365,1.4271294,-4.9839807,1.3680513,-3.90037261,1.034601227
[F],-0.949002181,8.62084647645295,-3.4997566,1.1410757,-5.1446466,1.7642365,-4.407641,1.5431331,-3.6032848,1.2115073,-2.5546882,-0.25619045,-3.2186482,1.1502349,-2.1978533,0.35417688,-4.5268617,0.64265764,-4.866365,1.4271294,-4.9839807,1.3680513,-3.90037261,1.034601227
[F],-1.014680771,8.33312929054457,-3.4997566,1.1410757,-5.1446466,1.7642365,-4.407641,1.5431331,-3.6032848,1.2115073,-2.5546882,-0.25619045,-3.2186482,1.1502349,-2.1978533,0.35417688,-4.5268617,0.64265764,-4.866365,1.4271294,-4.9839807,1.3680513,-3.90037261,1.034601227
[F],-1.067817876,8.1027667797666,-3.4997566,1.1410757,-5.1446466,1.7642365,-4.407641,1.5431331,-3.6032848,1.2115073,-2.5546882,-0.25619045,-3.2186482,1.1502349,-2.1978533,0.35417688,-4.5268617,0.64265764,-4.866365,1.4271294,-4.9839807,1.3680513,-3.90037261,1.034601227
[O-]C(=O)CCCF,0.063434652,2.29967661015715,-2.9551058,1.3813608,-2.82465,1.358145,-2.8095417,1.3066237,-3.0946467,1.4738735,-2.9165606,1.3398992,-2.6024122,1.247158,-2.5578678,1.1892421,-3.1576557,1.4014947,-2.7774942,1.2809588,-2.9354177,1.424226,-2.86313524,1.34029818
[O-]C(=O)CCCF,-0.060825013,2.22381718664994,-2.9551053,1.3813607,-2.82465,1.3581448,-2.8095417,1.3066238,-3.0946465,1.4738734,-2.9165604,1.3398993,-2.6024125,1.247158,-2.557868,1.1892421,-3.1576557,1.4014945,-2.7774942,1.2809585,-2.9354177,1.424226,-2.8631352,1.34029811
[O-]C(=O)CCCF,-0.180415368,2.1528028805089,-2.9551055,1.3813609,-2.82465,1.3581449,-2.8095417,1.3066238,-3.0946467,1.4738734,-2.9165604,1.3398992,-2.6024125,1.247158,-2.557868,1.189242,-3.1576557,1.4014946,-2.7774942,1.2809588,-2.9354177,1.424226,-2.86313524,1.34029816
[O-]C(=O)CCCF,-0.284667353,2.08618335941171,-2.9551055,1.3813607,-2.8246498,1.3581449,-2.8095417,1.3066235,-3.0946467,1.4738734,-2.9165606,1.3398992,-2.6024125,1.247158,-2.5578678,1.1892421,-3.1576555,1.4014945,-2.7774942,1.2809588,-2.9354177,1.424226,-2.8631352,1.34029811
[O-]C(=O)CCCF,-0.379094276,2.02356357135104,-2.9551055,1.3813609,-2.82465,1.3581448,-2.8095417,1.3066236,-3.0946467,1.4738734,-2.9165606,1.3398992,-2.6024125,1.247158,-2.5578678,1.189242,-3.1576555,1.4014947,-2.7774942,1.2809587,-2.9354177,1.424226,-2.86313522,1.34029813
BrCCBr,0.175086563,2.14158704391212,-2.6997895,1.3493028,-2.5869522,1.244233,-2.575875,1.3575865,-2.6925726,1.3484232,-2.812117,1.314934,-2.6645842,1.4064107,-2.8138664,1.4290481,-2.3763194,1.2133346,-2.715531,1.3705199,-2.6062484,1.210741,-2.65438557,1.32445338
BrCCBr,-0.065070283,1.98017391726425,-2.6997898,1.3493029,-2.5869522,1.244233,-2.575875,1.3575865,-2.6925726,1.3484234,-2.812117,1.3149339,-2.6645842,1.4064107,-2.8138664,1.429048,-2.3763194,1.2133346,-2.715531,1.37052,-2.6062484,1.2107412,-2.6543856,1.32445342
BrCCBr,-0.214680438,1.87722848769912,-2.6997895,1.3493028,-2.5869522,1.2442329,-2.575875,1.3575865,-2.6925726,1.3484234,-2.812117,1.314934,-2.6645842,1.4064107,-2.8138666,1.4290481,-2.3763194,1.2133346,-2.7155313,1.37052,-2.6062484,1.210741,-2.65438562,1.3244534
BrCCBr,-0.432978006,1.72788130102896,-2.6997895,1.3493029,-2.5869522,1.244233,-2.575875,1.3575865,-2.6925726,1.3484234,-2.812117,1.3149339,-2.6645842,1.4064107,-2.8138666,1.4290478,-2.3763194,1.2133344,-2.715531,1.3705199,-2.6062484,1.210741,-2.65438559,1.32445335
BrCCBr,-0.496714872,1.68596533924248,-2.6997898,1.3493029,-2.5869522,1.2442329,-2.575875,1.3575865,-2.6925724,1.3484234,-2.812117,1.3149339,-2.6645842,1.4064107,-2.8138669,1.429048,-2.3763194,1.2133346,-2.7155316,1.37052,-2.6062484,1.210741,-2.65438569,1.32445339
C(=CBr)Br,-0.903363155,2.4154430279051,-2.252316,0.92531693,-2.332335,0.9756192,-2.0146947,0.7947105,-1.9321849,0.7623124,-2.2603655,0.94208586,-2.1853013,0.88868964,-1.8586923,0.7200061,-2.3502836,0.9785854,-2.0835917,0.8347227,-2.2036033,0.8953475,-2.14733683,0.871739623
C(=CBr)Br,-0.982249508,2.33585150898406,-2.252316,0.92531693,-2.332335,0.97561944,-2.0146947,0.7947104,-1.9321849,0.7623124,-2.2603652,0.9420858,-2.1853013,0.8886897,-1.8586923,0.7200061,-2.3502836,0.9785854,-2.0835917,0.8347227,-2.203603,0.8953474,-2.14733677,0.871739627
C(=CBr)Br,-1.023579534,2.29372993139174,-2.252316,0.925317,-2.332335,0.9756193,-2.0146947,0.7947105,-1.932185,0.76231235,-2.2603655,0.9420858,-2.1853013,0.88868976,-1.8586923,0.7200062,-2.3502836,0.9785854,-2.0835917,0.8347227,-2.203603,0.8953474,-2.14733681,0.871739641
C(=CBr)Br,-1.212643184,2.10731190030128,-2.252316,0.92531693,-2.332335,0.9756192,-2.0146947,0.79471046,-1.932185,0.7623124,-2.2603652,0.9420858,-2.1853013,0.88868964,-1.858692,0.7200061,-2.3502836,0.9785854,-2.0835917,0.8347227,-2.203603,0.89534736,-2.14733675,0.871739599
C(=CBr)Br,-1.27810943,2.04691141464349,-2.252316,0.92531693,-2.332335,0.9756192,-2.0146947,0.79471046,-1.9321849,0.76231235,-2.2603652,0.9420858,-2.1853013,0.88868964,-1.8586923,0.72000617,-2.3502836,0.9785854,-2.0835917,0.8347227,-2.203603,0.8953475,-2.14733677,0.871739615
C[C@@H]1CC[C@@H](C)CC1,-0.040761337,2.46805842724807,-3.0789452,1.1868114,-3.5012586,1.4115826,-2.878211,1.141469,-3.1174793,1.2257226,-2.7127168,1.0328941,-3.0345979,1.1945736,-2.7655642,1.0804156,-3.081358,1.1879466,-2.755536,1.0800527,-3.234041,1.2492834,-3.0159708,1.17907516
C[C@@H]1CC[C@@H](C)CC1,-0.228187497,2.33958090779715,-3.0789452,1.1868114,-3.5012586,1.4115826,-2.8782105,1.1414689,-3.1174796,1.2257227,-2.7127168,1.032894,-3.0345984,1.1945736,-2.7655647,1.0804156,-3.0813582,1.1879466,-2.755536,1.0800529,-3.234041,1.2492834,-3.0159709,1.17907517
C[C@@H]1CC[C@@H](C)CC1,-0.274596598,2.29967661015715,-3.0789452,1.1868114,-3.5012586,1.4115824,-2.8782105,1.1414689,-3.1174793,1.2257227,-2.7127168,1.0328941,-3.0345979,1.1945734,-2.7655647,1.0804156,-3.0813582,1.1879466,-2.7555356,1.0800527,-3.2340412,1.2492834,-3.0159708,1.17907512
C[C@@H]1CC[C@@H](C)CC1,-0.384191363,2.22381718664994,-3.0789452,1.1868113,-3.5012589,1.4115826,-2.878211,1.1414689,-3.1174796,1.2257226,-2.7127168,1.0328941,-3.0345984,1.1945736,-2.7655647,1.0804157,-3.0813584,1.1879466,-2.7555356,1.0800527,-3.234041,1.2492836,-3.01597096,1.17907517
C[C@@H]1CC[C@@H](C)CC1,-0.474889131,2.1528028805089,-3.0789452,1.1868113,-3.5012589,1.4115826,-2.8782108,1.1414689,-3.1174796,1.2257226,-2.7127168,1.0328941,-3.0345984,1.1945736,-2.7655647,1.0804155,-3.0813582,1.1879466,-2.7555358,1.0800527,-3.234041,1.2492836,-3.01597094,1.17907515
C1CCCC1,-0.463492218,2.46804292179386,-0.56951594,0.021479512,-0.91610914,0.17756888,-0.9617335,0.19843885,-1.1625526,0.29226205,-0.59410954,0.03490755,-1.3113794,0.3510239,-0.042560924,-0.21115938,-1.2918651,0.34565789,-0.7141763,0.060639925,-0.7799954,0.10570641,-0.8343997844,0.1376525587
C1CCCC1,-0.559667247,2.3808941793199,-0.56951594,0.021479512,-0.91610914,0.17756888,-0.9617335,0.19843885,-1.1625526,0.29226205,-0.59410954,0.03490755,-1.3113794,0.3510239,-0.042560924,-0.21115938,-1.2918651,0.34565789,-0.7141763,0.060639925,-0.7799954,0.10570641,-0.8343997844,0.1376525587
C1CCCC1,-0.61085974,2.33957146969459,-0.56951594,0.021479512,-0.91610914,0.17756888,-0.9617335,0.19843885,-1.1625526,0.29226205,-0.59410954,0.03490755,-1.3113794,0.3510239,-0.042560924,-0.21115938,-1.2918651,0.34565789,-0.7141763,0.060639925,-0.7799954,0.10570641,-0.8343997844,0.1376525587
C1CCCC1,-0.734423895,2.22381718664994,-0.56951594,0.021479512,-0.91610914,0.17756888,-0.9617335,0.19843885,-1.1625526,0.29226205,-0.59410954,0.03490755,-1.3113794,0.3510239,-0.042560924,-0.21115938,-1.2918651,0.34565789,-0.7141763,0.060639925,-0.7799954,0.10570641,-0.8343997844,0.1376525587
C1CCCC1,-0.81646099,2.1528028805089,-0.56951594,0.021479512,-0.91610914,0.17756888,-0.9617335,0.19843885,-1.1625526,0.29226205,-0.59410954,0.03490755,-1.3113794,0.3510239,-0.042560924,-0.21115938,-1.2918651,0.34565789,-0.7141763,0.060639925,-0.7799954,0.10570641,-0.8343997844,0.1376525587
C1CCCC2(CC1)CCCCC2,1.631028242,2.46805842724807,-3.6013217,1.9509424,-4.0757155,2.1874068,-3.8993783,2.0491157,-4.0119553,2.1138577,-3.4392495,1.853713,-3.5689857,1.908339,-3.343595,1.8262049,-3.776606,2.0160813,-3.6017733,1.9569489,-3.2671015,1.7754154,-3.65856818,1.96380251
C1CCCC2(CC1)CCCCC2,1.180518941,2.29967661015715,-3.6013217,1.9509422,-4.0757155,2.1874068,-3.8993778,2.0491157,-4.0119557,2.113858,-3.4392495,1.8537133,-3.5689857,1.908339,-3.343595,1.826205,-3.7766066,2.0160813,-3.6017733,1.9569489,-3.2671018,1.7754155,-3.65856826,1.96380257
C1CCCC2(CC1)CCCCC2,0.863380916,2.16803395559642,-3.6013217,1.9509424,-4.075715,2.1874068,-3.899378,2.049116,-4.0119553,2.1138577,-3.4392495,1.8537132,-3.568986,1.908339,-3.343595,1.8262049,-3.7766066,2.016081,-3.6017733,1.9569489,-3.2671015,1.7754154,-3.65856819,1.96380253
C1CCCC2(CC1)CCCCC2,0.539614242,2.02356357135104,-3.6013217,1.9509423,-4.075715,2.1874068,-3.899378,2.049116,-4.0119557,2.113858,-3.4392493,1.8537132,-3.568986,1.908339,-3.343595,1.8262048,-3.7766066,2.0160813,-3.6017733,1.956949,-3.2671018,1.7754154,-3.65856824,1.96380258
C1CCCC2(CC1)CCCCC2,0.100147571,1.81198827787662,-3.6013215,1.9509423,-4.075715,2.1874068,-3.899378,2.0491161,-4.0119553,2.113858,-3.4392495,1.8537132,-3.568986,1.9083393,-3.3435953,1.826205,-3.7766066,2.0160813,-3.601773,1.9569489,-3.2671015,1.7754154,-3.65856817,1.96380263
CC(=O)OC(C)=O,-0.291453694,2.1528028805089,-3.5328472,1.4339935,-4.017318,1.764782,-3.6776588,1.5453371,-4.080732,1.7487108,-3.5860524,1.5993936,-3.8855586,1.5733604,-3.2214518,1.3589427,-3.7450275,1.6033434,-3.5747738,1.6000986,-3.889679,1.7194294,-3.72110991,1.59473915
CC(=O)OC(C)=O,-0.656529584,1.88536548040953,-3.5328467,1.4339933,-4.017318,1.7647818,-3.6776588,1.5453371,-4.080732,1.7487108,-3.5860524,1.5993934,-3.8855588,1.5733604,-3.2214513,1.3589427,-3.7450275,1.6033432,-3.574774,1.6000986,-3.889679,1.7194293,-3.72110985,1.59473906
CC(=O)OC(C)=O,-0.732429108,1.83073572031936,-3.5328472,1.4339935,-4.0173173,1.7647818,-3.6776588,1.5453371,-4.0807314,1.7487108,-3.586052,1.5993934,-3.8855588,1.5733604,-3.221452,1.3589427,-3.7450275,1.6033434,-3.5747738,1.6000986,-3.889679,1.7194294,-3.72110978,1.59473911
CC(=O)OC(C)=O,-0.823141444,1.76446743146758,-3.5328472,1.4339933,-4.0173173,1.7647818,-3.677659,1.5453373,-4.0807314,1.7487108,-3.5860524,1.5993936,-3.8855588,1.5733604,-3.2214515,1.3589427,-3.7450275,1.6033434,-3.5747736,1.6000986,-3.889679,1.7194295,-3.72110977,1.59473914
CC(=O)OC(C)=O,-0.895721893,1.71373763018683,-3.532847,1.4339935,-4.0173173,1.764782,-3.6776588,1.5453372,-4.0807314,1.7487108,-3.5860524,1.5993936,-3.8855588,1.5733604,-3.2214513,1.3589427,-3.7450275,1.6033434,-3.5747733,1.6000986,-3.889679,1.7194294,-3.72110968,1.59473916
CC(=O)Oc1ccccc1,0.698815862,2.26285654960498,-2.5408723,1.2426232,-3.7684827,1.8998461,-2.9333315,1.4896386,-3.1767802,1.5993686,-3.3664598,1.7390736,-2.9347937,1.380764,-3.046032,1.5025736,-3.2031908,1.6161811,-3.130271,1.6626207,-2.7944524,1.415571,-3.08946664,1.55482605
CC(=O)Oc1ccccc1,0.511861049,2.15067391423057,-2.540872,1.2426233,-3.7684827,1.8998462,-2.9333313,1.4896386,-3.1767805,1.5993686,-3.3664596,1.7390734,-2.9347937,1.380764,-3.046032,1.5025735,-3.2031908,1.6161811,-3.1302707,1.6626207,-2.794452,1.4155706,-3.08946653,1.554826
CC(=O)Oc1ccccc1,0.196179788,1.95666764867877,-2.540872,1.2426232,-3.7684827,1.8998461,-2.9333315,1.4896386,-3.1767805,1.5993687,-3.3664598,1.7390735,-2.9347937,1.380764,-3.046032,1.5025735,-3.203191,1.6161811,-3.130271,1.6626207,-2.794452,1.4155706,-3.08946662,1.554826
CC(=O)Oc1ccccc1,-0.062384604,1.79481430196131,-2.5408719,1.2426231,-3.7684824,1.8998463,-2.9333315,1.4896387,-3.1767802,1.5993687,-3.3664596,1.7390734,-2.9347937,1.3807642,-3.0460322,1.5025736,-3.2031913,1.6161811,-3.130271,1.6626208,-2.794452,1.4155706,-3.08946658,1.55482605
CC(=O)Oc1ccccc1,-0.175755039,1.72350808879097,-2.5408719,1.2426232,-3.7684824,1.8998461,-2.9333315,1.4896387,-3.1767802,1.5993687,-3.3664598,1.7390736,-2.9347937,1.380764,-3.0460322,1.5025737,-3.2031915,1.6161811,-3.130271,1.6626208,-2.7944522,1.4155706,-3.08946664,1.55482605
CC(C)=O,0.315373227,3.49029324858816,-3.2526665,0.95538354,-3.1440208,0.9429566,-3.044443,0.89370257,-3.4040437,1.056088,-3.1150575,0.85658807,-3.531814,1.105082,-3.3159258,1.014589,-2.9774652,0.90081245,-2.4344828,0.6647511,-3.4151807,1.1056775,-3.16351,0.949563083
CC(C)=O,-0.186652616,3.0210631483218,-3.2526665,0.9553835,-3.1440206,0.9429566,-3.044443,0.8937026,-3.4040437,1.056088,-3.1150575,0.8565881,-3.5318139,1.1050818,-3.3159258,1.0145888,-2.9774654,0.90081257,-2.4344828,0.66475105,-3.415181,1.1056777,-3.16351002,0.949563072
CC(C)=O,-0.537598966,2.66304625546652,-3.2526667,0.9553835,-3.1440208,0.94295657,-3.044443,0.8937026,-3.4040437,1.056088,-3.1150575,0.8565881,-3.5318143,1.105082,-3.3159256,1.0145888,-2.9774652,0.90081257,-2.4344828,0.66475105,-3.4151812,1.1056775,-3.16351008,0.949563069
CC(C)=O,-0.826503113,2.36651860081478,-3.2526667,0.95538354,-3.1440213,0.94295675,-3.044443,0.8937026,-3.4040437,1.056088,-3.1150575,0.856588,-3.531814,1.105082,-3.3159258,1.014589,-2.9774652,0.90081245,-2.4344826,0.66475105,-3.4151807,1.1056775,-3.16351005,0.949563089
CC(C)=O,-0.912832492,2.27630382330793,-3.2526665,0.9553835,-3.1440206,0.9429566,-3.044443,0.8937027,-3.4040437,1.056088,-3.1150575,0.85658795,-3.531814,1.105082,-3.3159256,1.014589,-2.9774652,0.90081257,-2.4344828,0.664751,-3.415181,1.1056775,-3.16350999,0.949563082
CC(C)Br,-0.44421328,2.42264767091224,-2.3438563,0.6827387,-2.7140832,0.92898804,-2.6739583,0.8306294,-2.6861591,0.83908415,-2.6236706,0.8341343,-2.7411907,0.8817767,-2.8560584,0.91292727,-2.5295808,0.8044525,-2.46656,0.79675704,-2.6859803,0.84777355,-2.63210977,0.835926165
CC(C)Br,-0.651122339,2.22381718664994,-2.3438563,0.68273884,-2.7140827,0.928988,-2.6739583,0.8306293,-2.6861591,0.8390843,-2.6236706,0.8341342,-2.7411907,0.88177675,-2.8560584,0.91292715,-2.529581,0.8044525,-2.46656,0.79675704,-2.6859803,0.84777373,-2.63210974,0.835926181
CC(C)Br,-0.702141086,2.18136257886714,-2.3438563,0.68273884,-2.7140827,0.928988,-2.6739585,0.8306293,-2.6861591,0.8390843,-2.6236706,0.8341343,-2.7411907,0.88177675,-2.8560584,0.91292715,-2.529581,0.8044524,-2.46656,0.796757,-2.6859803,0.8477737,-2.63210976,0.835926174
CC(C)Br,-0.741647399,2.144789257282,-2.3438563,0.6827387,-2.7140832,0.92898804,-2.6739583,0.8306294,-2.6861591,0.8390843,-2.6236703,0.83413416,-2.7411907,0.8817767,-2.8560584,0.91292715,-2.5295813,0.8044525,-2.46656,0.79675704,-2.6859803,0.84777373,-2.63210979,0.835926172
CC(C)Br,-0.780913346,2.10994984996788,-2.3438563,0.6827387,-2.7140827,0.92898804,-2.673958,0.8306293,-2.6861591,0.83908427,-2.6236708,0.8341343,-2.7411907,0.8817767,-2.8560584,0.9129271,-2.529581,0.80445254,-2.46656,0.79675704,-2.6859803,0.84777373,-2.63210973,0.835926172
CC(C)C(C)O,1.316282884,2.31388432526668,-5.7581577,2.9439251,-5.556774,2.862541,-5.670318,2.9326952,-5.411731,2.7129476,-5.577109,2.8729146,-5.781928,3.0104887,-5.5569167,2.8117242,-5.5866117,2.8607283,-5.767089,3.0004723,-5.609138,2.8653963,-5.62757731,2.88738333
CC(C)C(C)O,0.878111247,2.21796421475998,-5.7581577,2.9439251,-5.556774,2.8625412,-5.670318,2.9326952,-5.41173,2.7129476,-5.577109,2.8729143,-5.781929,3.010489,-5.556917,2.8117242,-5.5866113,2.8607283,-5.7670894,3.000472,-5.609138,2.8653958,-5.62757734,2.88738327
CC(C)C(C)O,0.404030734,2.10244858088016,-5.7581577,2.9439251,-5.556774,2.862541,-5.670318,2.932695,-5.41173,2.7129476,-5.577109,2.8729143,-5.781928,3.0104887,-5.5569167,2.8117242,-5.5866117,2.8607283,-5.7670903,3.000472,-5.6091375,2.8653963,-5.62757729,2.88738325
CC(C)C(C)O,-0.356558319,1.87446177534754,-5.7581577,2.9439251,-5.556774,2.8625412,-5.6703186,2.9326952,-5.41173,2.7129476,-5.577109,2.8729143,-5.781928,3.0104885,-5.5569167,2.8117244,-5.5866117,2.8607283,-5.76709,3.000472,-5.609138,2.8653963,-5.62757737,2.88738329
CC(C)C(C)O,-0.652200812,1.77431272074205,-5.7581577,2.9439251,-5.5567746,2.8625412,-5.6703186,2.9326952,-5.41173,2.7129474,-5.577109,2.872914,-5.78193,3.0104892,-5.5569167,2.8117242,-5.5866113,2.8607278,-5.7670894,3.0004718,-5.6091375,2.8653963,-5.62757748,2.88738322
CC(C)CC(C)=O,-0.418421537,2.29962807134397,-3.9149628,1.5584728,-3.5663362,1.4097455,-3.5376806,1.3863506,-3.7781897,1.4860977,-3.436268,1.3115431,-3.4750807,1.3027203,-3.4358313,1.3372191,-3.3511505,1.3172203,-3.3764658,1.3620303,-3.635442,1.419518,-3.55074076,1.38909177
CC(C)CC(C)=O,-0.475894279,2.26111050063067,-3.9149625,1.5584728,-3.5663357,1.4097456,-3.5376804,1.3863506,-3.7781894,1.4860976,-3.436268,1.3115431,-3.4750807,1.3027203,-3.4358313,1.3372191,-3.3511508,1.3172202,-3.3764658,1.3620303,-3.6354423,1.4195179,-3.55074069,1.38909175
CC(C)CC(C)=O,-0.550133341,2.22380302949609,-3.9149623,1.5584726,-3.5663362,1.4097455,-3.5376804,1.3863506,-3.7781892,1.4860976,-3.436268,1.3115433,-3.4750807,1.3027203,-3.4358313,1.3372191,-3.3511505,1.3172203,-3.3764658,1.3620304,-3.6354423,1.419518,-3.55074067,1.38909177
CC(C)CC(C)=O,-0.565926966,2.18773397224793,-3.9149628,1.5584729,-3.5663364,1.4097459,-3.5376809,1.3863506,-3.7781892,1.4860976,-3.436268,1.3115432,-3.4750807,1.3027203,-3.435831,1.3372191,-3.3511508,1.3172204,-3.376466,1.3620304,-3.635442,1.419518,-3.55074078,1.38909184
CC(C)CC(C)=O,-0.640418329,2.1528028805089,-3.9149628,1.5584729,-3.5663362,1.4097456,-3.5376806,1.3863508,-3.7781892,1.4860977,-3.4362676,1.3115433,-3.4750807,1.3027203,-3.4358313,1.3372191,-3.3511503,1.3172202,-3.3764658,1.3620304,-3.635442,1.419518,-3.55074065,1.38909183
CC(C)CCO,3.621307752,3.0210631483218,-4.7252913,2.3545358,-5.289786,2.6329346,-4.965555,2.4670007,-5.027211,2.5664866,-4.857905,2.4764209,-4.55476,2.261555,-4.9598064,2.5223975,-4.933687,2.466476,-5.0922675,2.5366726,-5.029565,2.5331492,-4.94358342,2.48176289
CC(C)CCO,3.185914429,2.89148676407238,-4.7252913,2.3545358,-5.2897863,2.6329346,-4.965555,2.4670007,-5.027211,2.5664866,-4.857905,2.4764209,-4.55476,2.261555,-4.9598064,2.5223973,-4.933687,2.466476,-5.0922675,2.5366726,-5.029565,2.533149,-4.94358345,2.48176285
CC(C)CCO,2.743254095,2.77256936836847,-4.7252913,2.3545358,-5.2897863,2.6329346,-4.965555,2.4670007,-5.027211,2.5664866,-4.857905,2.4764209,-4.55476,2.261555,-4.959806,2.5223973,-4.933687,2.466476,-5.092268,2.5366726,-5.029565,2.5331492,-4.94358346,2.48176287
CC(C)CCO,1.418089146,2.3808941793199,-4.7252913,2.3545358,-5.2897863,2.6329346,-4.965555,2.4670007,-5.027211,2.5664866,-4.8579044,2.4764206,-4.55476,2.2615547,-4.959806,2.5223973,-4.933687,2.466476,-5.0922675,2.5366726,-5.029565,2.533149,-4.94358335,2.48176279
CC(C)CCO,0.308897109,2.03124551268784,-4.7252917,2.3545358,-5.2897863,2.6329348,-4.965556,2.4670007,-5.027211,2.5664866,-4.857905,2.4764206,-4.55476,2.261555,-4.9598064,2.5223973,-4.9336867,2.466476,-5.0922675,2.5366726,-5.029565,2.5331492,-4.94358356,2.48176286
CC(C)CO,1.622158561,2.46399936899543,-5.9599986,3.0599399,-5.4806676,2.824752,-5.919908,3.1403668,-5.2868433,2.7280426,-5.4275713,2.8676667,-5.3780704,2.8174384,-5.630488,2.9465883,-5.496005,2.9616354,-5.7386117,2.9906614,-5.216659,2.6812334,-5.55348229,2.90183249
CC(C)CO,1.347235332,2.38173551874845,-5.9599986,3.0599399,-5.4806676,2.8247519,-5.919908,3.1403663,-5.286844,2.7280426,-5.4275713,2.867667,-5.3780704,2.8174384,-5.6304884,2.946588,-5.496005,2.9616354,-5.7386117,2.9906619,-5.216659,2.6812334,-5.5534824,2.90183248
CC(C)CO,0.708440192,2.18773397224793,-5.959999,3.05994,-5.4806676,2.824752,-5.919908,3.1403668,-5.2868433,2.7280426,-5.4275713,2.8676667,-5.3780704,2.8174381,-5.6304884,2.9465883,-5.496005,2.9616354,-5.7386117,2.9906619,-5.2166586,2.6812334,-5.55348233,2.90183252
CC(C)CO,-0.262132458,1.88784702723365,-5.9599986,3.0599399,-5.4806676,2.824752,-5.919908,3.1403663,-5.2868433,2.7280426,-5.4275713,2.8676665,-5.3780704,2.8174384,-5.630488,2.9465883,-5.4960055,2.9616354,-5.738611,2.9906619,-5.216659,2.6812334,-5.55348227,2.90183247
CC(C)CO,-0.420293328,1.83692172239979,-5.959999,3.0599399,-5.4806676,2.824752,-5.919908,3.1403668,-5.2868433,2.7280426,-5.4275713,2.867667,-5.3780704,2.8174384,-5.630488,2.9465883,-5.496005,2.9616354,-5.738611,2.9906619,-5.216659,2.6812334,-5.55348226,2.90183257
CC(C)I,-0.32273992,2.27308071128238,-2.5535758,0.9316002,-2.474337,0.8681596,-2.8055947,0.99907374,-2.664687,0.9943573,-2.7462323,0.989328,-3.112518,1.1887801,-2.7010074,0.9631875,-2.490233,0.8706247,-2.5849993,0.97444683,-2.6047313,0.9227304,-2.67379158,0.970228837
CC(C)I,-0.400989257,2.20570007462843,-2.5535758,0.93160015,-2.4743369,0.86815953,-2.8055947,0.99907374,-2.6646872,0.9943573,-2.7462323,0.989328,-3.1125183,1.1887801,-2.7010074,0.96318746,-2.490233,0.8706247,-2.5849993,0.9744468,-2.6047313,0.92273027,-2.67379162,0.970228805
CC(C)I,-0.531406045,2.08986961261308,-2.5535758,0.93160033,-2.4743369,0.8681596,-2.8055947,0.99907386,-2.6646872,0.9943573,-2.746232,0.98932797,-3.112518,1.1887801,-2.7010074,0.9631874,-2.4902332,0.87062484,-2.5849993,0.9744469,-2.6047313,0.92273015,-2.67379158,0.970228845
CC(C)I,-0.645752088,1.99105133046909,-2.5535758,0.9316002,-2.474337,0.86815965,-2.8055947,0.99907374,-2.664687,0.9943572,-2.7462323,0.989328,-3.112518,1.1887798,-2.7010074,0.96318746,-2.490233,0.8706247,-2.5849993,0.9744468,-2.6047313,0.92273027,-2.67379158,0.970228782
CC(C)I,-0.74447459,1.90653312200972,-2.5535758,0.9316003,-2.474337,0.86815965,-2.8055947,0.99907386,-2.664687,0.9943573,-2.7462323,0.989328,-3.112518,1.1887801,-2.7010071,0.96318746,-2.490233,0.87062484,-2.584999,0.9744468,-2.6047313,0.9227301,-2.67379152,0.970228841
CC(C)OB(OC(C)C)OC(C)C,-0.340675549,2.1528028805089,-3.1674552,1.3426405,-3.4658923,1.4264661,-3.2257664,1.3554922,-3.525122,1.4666783,-3.134985,1.3117087,-3.7962081,1.6787026,-3.4271834,1.4937733,-3.1048234,1.1793878,-3.039674,1.2888827,-3.820294,1.7462432,-3.37074038,1.42899754
CC(C)OB(OC(C)C)OC(C)C,-0.709072244,1.90896275926973,-3.1674554,1.3426405,-3.4658926,1.4264661,-3.2257664,1.3554924,-3.525122,1.4666781,-3.134985,1.3117088,-3.7962081,1.6787024,-3.4271834,1.4937735,-3.1048234,1.1793877,-3.0396743,1.2888827,-3.820294,1.7462435,-3.37074046,1.42899757
CC(C)OB(OC(C)C)OC(C)C,-0.793086646,1.85639589873995,-3.1674554,1.3426406,-3.4658928,1.4264662,-3.2257667,1.3554922,-3.5251222,1.4666783,-3.134985,1.3117087,-3.7962089,1.6787026,-3.4271832,1.4937733,-3.1048234,1.1793878,-3.039674,1.2888826,-3.8202934,1.7462432,-3.3707405,1.42899755
CC(C)OB(OC(C)C)OC(C)C,-0.944029994,1.75949422556661,-3.1674554,1.3426405,-3.4658923,1.4264662,-3.2257664,1.3554922,-3.5251224,1.4666784,-3.134985,1.3117088,-3.7962081,1.6787026,-3.4271834,1.4937733,-3.1048234,1.1793878,-3.039674,1.2888827,-3.820294,1.7462435,-3.37074044,1.4289976
CC(C)OB(OC(C)C)OC(C)C,-1.081994796,1.67220660815493,-3.167456,1.3426405,-3.465893,1.4264662,-3.2257667,1.3554922,-3.525123,1.4666784,-3.134985,1.3117087,-3.7962081,1.6787026,-3.4271834,1.4937733,-3.1048234,1.1793877,-3.039674,1.2888826,-3.820294,1.7462435,-3.37074066,1.42899757
Cc1ccc(O)cc1,1.472759554,2.1528028805089,-5.202262,3.1117349,-5.2157474,3.0332603,-4.6758733,2.7169006,-4.7885776,2.7320797,-4.7635303,2.7873151,-5.009409,2.882531,-4.80566,2.8523023,-4.6426144,2.6992984,-5.0361633,2.9405642,-5.202873,3.0673168,-4.93427103,2.88233033
Cc1ccc(O)cc1,0.973007456,2.02623320607625,-5.2022624,3.1117349,-5.2157474,3.0332606,-4.6758733,2.7169008,-4.7885776,2.7320797,-4.76353,2.787315,-5.009409,2.8825307,-4.80566,2.852302,-4.642614,2.6992981,-5.0361633,2.9405642,-5.2028728,3.0673168,-4.93427098,2.88233028
Cc1ccc(O)cc1,0.931071447,2.02356357135104,-5.202262,3.1117349,-5.215748,3.0332606,-4.6758738,2.7169008,-4.7885776,2.7320797,-4.76353,2.7873151,-5.009409,2.8825305,-4.805659,2.852302,-4.6426144,2.6992981,-5.0361633,2.9405642,-5.2028728,3.0673168,-4.93427099,2.88233027
Cc1ccc(O)cc1,-0.175500208,1.67220660815493,-5.202262,3.1117346,-5.2157474,3.0332606,-4.6758733,2.7169003,-4.788577,2.7320795,-4.76353,2.787315,-5.009409,2.8825307,-4.805659,2.852302,-4.6426144,2.6992981,-5.0361633,2.9405642,-5.2028728,3.067317,-4.93427082,2.8823302
Cc1ccc(O)cc1,-0.801090877,1.42571707669604,-5.2022624,3.1117349,-5.2157474,3.03326,-4.6758733,2.7169003,-4.7885776,2.7320797,-4.7635303,2.787315,-5.009409,2.8825307,-4.80566,2.8523023,-4.6426144,2.6992984,-5.0361633,2.9405642,-5.2028728,3.0673168,-4.93427105,2.88233023
Cc1cccc(c1)C#N,0.245785679,2.22381718664994,-3.597574,1.7832477,-3.2774174,1.6048493,-3.239876,1.6008108,-3.3009672,1.6538503,-3.0622628,1.5180784,-3.5038686,1.7137961,-3.222635,1.5489248,-3.0764399,1.5122374,-3.4100044,1.6935354,-3.3362458,1.658328,-3.30272911,1.62876582
Cc1cccc(c1)C#N,-0.291453694,1.90896275926973,-3.5975742,1.7832477,-3.2774177,1.6048493,-3.239876,1.6008109,-3.3009672,1.6538504,-3.0622628,1.5180784,-3.5038688,1.7137959,-3.222635,1.5489248,-3.0764399,1.5122375,-3.4100046,1.6935354,-3.3362455,1.658328,-3.30272917,1.62876583
Cc1cccc(c1)C#N,-0.450865426,1.80664631182547,-3.597574,1.7832476,-3.277418,1.6048493,-3.2398758,1.6008106,-3.3009677,1.6538506,-3.0622628,1.5180784,-3.5038688,1.7137961,-3.222635,1.5489248,-3.0764399,1.5122373,-3.4100046,1.6935356,-3.3362455,1.658328,-3.30272921,1.62876583
Cc1cccc(c1)C#N,-0.597325808,1.71474009150915,-3.597574,1.7832477,-3.2774177,1.6048493,-3.239876,1.6008109,-3.3009672,1.6538506,-3.0622628,1.5180784,-3.5038686,1.7137959,-3.222635,1.5489247,-3.0764399,1.5122373,-3.4100044,1.6935353,-3.3362455,1.6583282,-3.30272911,1.62876583
Cc1cccc(c1)C#N,-0.722530507,1.63173197945999,-3.597574,1.7832477,-3.277418,1.6048493,-3.239876,1.6008108,-3.3009672,1.6538504,-3.0622628,1.5180784,-3.5038688,1.7137961,-3.222635,1.5489248,-3.0764403,1.5122375,-3.4100046,1.6935354,-3.3362458,1.6583279,-3.30272925,1.62876583
Cc1cccc(F)c1,-0.391899594,2.29967661015715,-3.015893,1.2069864,-3.0094879,1.1858298,-2.965827,1.1548249,-3.0725348,1.2144742,-2.9374943,1.1380992,-2.9327004,1.1339567,-2.907553,1.1194927,-2.930439,1.1593096,-3.0426195,1.2073799,-2.9341342,1.1550153,-2.97486831,1.16753687
Cc1cccc(F)c1,-0.49376947,2.22381718664994,-3.015893,1.2069864,-3.0094879,1.1858298,-2.965827,1.1548249,-3.0725348,1.2144741,-2.9374943,1.1380993,-2.9327002,1.1339564,-2.9075532,1.1194928,-2.930439,1.1593096,-3.0426195,1.2073799,-2.9341345,1.1550155,-2.97486834,1.16753687
Cc1cccc(F)c1,-0.575819022,2.1528028805089,-3.015893,1.2069864,-3.0094879,1.1858296,-2.9658275,1.154825,-3.0725348,1.2144742,-2.9374943,1.1380994,-2.9327002,1.1339567,-2.9075532,1.1194927,-2.930439,1.1593097,-3.0426195,1.2073799,-2.9341345,1.1550155,-2.97486839,1.16753691
Cc1cccc(F)c1,-0.621684418,2.08618335941171,-3.0158927,1.2069864,-3.0094879,1.1858298,-2.965827,1.1548249,-3.0725348,1.2144741,-2.937494,1.1380993,-2.9327002,1.1339567,-2.907553,1.1194925,-2.9304395,1.1593096,-3.0426195,1.2073799,-2.9341345,1.1550156,-2.97486831,1.16753688
Cc1cccc(F)c1,-0.729446399,2.02356357135104,-3.015893,1.2069865,-3.0094879,1.1858296,-2.965827,1.1548249,-3.0725348,1.2144741,-2.9374943,1.1380992,-2.9327002,1.1339564,-2.9075532,1.1194927,-2.930439,1.1593097,-3.0426195,1.20738,-2.9341342,1.1550156,-2.97486831,1.16753687
Cc1cccc(N)c1,1.047656038,2.29967661015715,-4.6344666,2.5884314,-4.7227583,2.6307046,-4.420454,2.4594073,-4.716475,2.6464965,-4.472605,2.475598,-4.814663,2.6853971,-4.5697985,2.5156984,-4.7042227,2.7253623,-4.7972226,2.7651823,-4.3923345,2.430834,-4.62450002,2.59231119
Cc1cccc(N)c1,0.001887144,1.90896275926973,-4.6344666,2.588431,-4.722758,2.6307044,-4.420454,2.4594069,-4.716475,2.6464965,-4.472605,2.475598,-4.814663,2.6853974,-4.5697985,2.5156984,-4.7042227,2.725362,-4.7972226,2.765182,-4.392335,2.4308345,-4.62450004,2.59231111
Cc1cccc(N)c1,-0.459260679,1.68685117258312,-4.6344666,2.5884311,-4.7227583,2.6307046,-4.4204535,2.4594069,-4.7164755,2.6464965,-4.472605,2.475598,-4.814663,2.6853974,-4.569798,2.5156984,-4.7042227,2.7253625,-4.7972226,2.765182,-4.3923345,2.4308343,-4.62449997,2.59231117
Cc1cccc(N)c1,-0.739634193,1.54250146122052,-4.6344666,2.5884311,-4.7227583,2.6307046,-4.420454,2.459407,-4.716475,2.6464965,-4.4726048,2.475598,-4.814663,2.6853971,-4.5697985,2.5156984,-4.704222,2.7253623,-4.7972226,2.7651823,-4.3923345,2.4308343,-4.62449993,2.59231116
Cc1cccc(N)c1,-0.887911395,1.46506587458515,-4.6344666,2.5884314,-4.7227583,2.6307046,-4.420454,2.459407,-4.716475,2.6464965,-4.4726048,2.475598,-4.814663,2.6853976,-4.5697985,2.5156984,-4.704222,2.7253623,-4.7972226,2.7651823,-4.3923345,2.4308343,-4.62449993,2.59231124
CC1CCCCC1=O,0.479440176,2.3395391104858,-3.3534832,1.6594914,-2.8769996,1.420985,-2.3986392,1.2100927,-2.9518828,1.4927896,-2.7778301,1.4062983,-2.7666154,1.3478012,-3.0347855,1.4994195,-3.095926,1.5554596,-2.7378316,1.4037372,-3.0385385,1.5711563,-2.90325319,1.45672308
CC1CCCCC1=O,0.469679564,2.32101481175367,-3.3534832,1.6594914,-2.877,1.4209851,-2.3986394,1.2100929,-2.9518833,1.4927897,-2.7778304,1.4062983,-2.7666156,1.347801,-3.0347848,1.4994195,-3.0959263,1.5554597,-2.7378316,1.4037371,-3.0385385,1.5711561,-2.90325331,1.45672308
CC1CCCCC1=O,0.266145717,2.22381718664994,-3.3534834,1.6594915,-2.8769996,1.4209849,-2.3986392,1.2100928,-2.9518828,1.4927895,-2.7778301,1.4062983,-2.7666154,1.3478012,-3.0347853,1.4994193,-3.0959263,1.5554597,-2.7378316,1.4037371,-3.0385385,1.5711563,-2.90325322,1.45672306
CC1CCCCC1=O,0.152637036,2.15900775879446,-3.3534834,1.6594915,-2.8769996,1.4209849,-2.3986392,1.2100928,-2.9518826,1.4927895,-2.7778301,1.4062983,-2.7666154,1.3478012,-3.0347853,1.499419,-3.0959263,1.5554597,-2.7378314,1.4037372,-3.0385387,1.5711563,-2.9032532,1.45672304
CC1CCCCC1=O,-0.140147838,1.98835001068528,-3.3534832,1.6594914,-2.877,1.4209849,-2.3986392,1.2100927,-2.9518828,1.4927896,-2.7778301,1.4062983,-2.7666154,1.347801,-3.0347855,1.4994191,-3.0959265,1.5554599,-2.737831,1.4037372,-3.0385387,1.5711564,-2.90325324,1.45672305
Cc1ccccc1F,-0.304627164,2.29967661015715,-2.9572947,1.2600639,-3.0912888,1.2756091,-2.9758108,1.2281383,-2.964121,1.1951683,-3.0575128,1.2864377,-2.814355,1.1512213,-2.8383846,1.1492177,-2.9686806,1.2266989,-2.9158518,1.1941745,-2.811944,1.1724991,-2.93952441,1.21392288
Cc1ccccc1F,-0.401642564,2.22381718664994,-2.9572947,1.2600639,-3.0912888,1.2756091,-2.9758108,1.2281382,-2.964121,1.1951683,-3.057513,1.2864376,-2.814355,1.1512213,-2.8383846,1.1492177,-2.9686809,1.2266989,-2.915852,1.1941745,-2.8119435,1.1724992,-2.93952443,1.21392287
Cc1ccccc1F,-0.488641463,2.1528028805089,-2.957295,1.260064,-3.0912888,1.2756091,-2.9758108,1.2281382,-2.964121,1.1951683,-3.057513,1.2864377,-2.8143551,1.1512213,-2.8383844,1.1492177,-2.9686806,1.2266989,-2.9158518,1.1941744,-2.8119438,1.1724992,-2.93952443,1.21392288
Cc1ccccc1F,-0.575819022,2.08618335941171,-2.9572947,1.2600639,-3.0912893,1.2756091,-2.9758105,1.2281383,-2.964121,1.1951683,-3.057513,1.2864377,-2.8143551,1.1512213,-2.8383846,1.1492177,-2.9686806,1.226699,-2.9158518,1.1941744,-2.8119435,1.1724992,-2.93952441,1.21392289
Cc1ccccc1F,-0.656529584,2.02356357135104,-2.9572947,1.2600639,-3.0912886,1.2756091,-2.9758105,1.2281382,-2.964121,1.1951683,-3.0575132,1.2864377,-2.814355,1.1512215,-2.8383846,1.1492177,-2.9686809,1.226699,-2.915852,1.1941745,-2.8119438,1.1724992,-2.93952443,1.21392291
CCC(=O)CC,-0.413628757,2.46387330291118,-3.4317467,1.302819,-3.0664313,1.1242499,-3.0890265,1.122957,-3.2839243,1.2350935,-3.551119,1.3588558,-3.272629,1.1919742,-3.5741167,1.378004,-3.3018825,1.2479333,-3.181382,1.1578898,-3.3088415,1.2441394,-3.30610995,1.23639159
CCC(=O)CC,-0.676681062,2.1528028805089,-3.4317467,1.302819,-3.0664313,1.1242497,-3.0890265,1.122957,-3.2839243,1.2350935,-3.551119,1.358856,-3.2726293,1.1919742,-3.5741167,1.3780041,-3.3018827,1.2479333,-3.1813822,1.1578898,-3.3088415,1.2441396,-3.30611002,1.23639162
CCC(=O)CC,-0.798269269,2.12096950886137,-3.4317465,1.3028189,-3.0664308,1.1242496,-3.0890265,1.122957,-3.2839243,1.2350934,-3.551119,1.3588557,-3.272629,1.1919742,-3.5741167,1.378004,-3.3018827,1.2479334,-3.1813822,1.1578898,-3.3088415,1.2441394,-3.30610992,1.23639154
CCC(=O)CC,-0.991063059,1.952078034232,-3.4317465,1.3028189,-3.0664313,1.1242497,-3.0890265,1.122957,-3.2839246,1.2350935,-3.551119,1.3588557,-3.272629,1.1919742,-3.5741165,1.3780037,-3.3018827,1.2479331,-3.1813822,1.1578898,-3.3088415,1.2441396,-3.30610998,1.23639152
CCC(=O)CC,-1.11307965,1.85145033299648,-3.4317467,1.302819,-3.0664313,1.1242497,-3.0890265,1.1229571,-3.2839243,1.2350934,-3.551119,1.358856,-3.2726293,1.1919742,-3.5741167,1.378004,-3.3018827,1.2479331,-3.1813822,1.1578898,-3.3088415,1.2441396,-3.30611002,1.23639159
CCC(C)(C)S,-0.204446283,2.3808941793199,-2.5651217,0.9799552,-2.8674998,1.0693091,-3.2373323,1.2168006,-2.833454,1.0589999,-3.0570142,1.244744,-2.9560554,1.1664577,-2.7517884,1.0611018,-2.6605275,1.0142959,-2.985332,1.1884416,-3.1078932,1.2281159,-2.90220185,1.12282217
CCC(C)(C)S,-0.321558657,2.29967661015715,-2.5651217,0.97995514,-2.8674998,1.0693092,-3.237332,1.2168007,-2.833454,1.059,-3.0570147,1.244744,-2.9560554,1.1664577,-2.7517886,1.0611019,-2.6605275,1.0142959,-2.985332,1.1884418,-3.1078932,1.2281158,-2.90220189,1.122822214
CCC(C)(C)S,-0.435703525,2.22381718664994,-2.5651217,0.9799554,-2.8674996,1.0693091,-3.237332,1.2168007,-2.833454,1.0589999,-3.0570147,1.244744,-2.9560552,1.1664577,-2.7517886,1.061102,-2.6605275,1.0142959,-2.985332,1.1884418,-3.107893,1.2281157,-2.90220183,1.12282222
CCC(C)(C)S,-0.522207324,2.1528028805089,-2.5651217,0.9799553,-2.8674996,1.0693091,-3.2373323,1.2168008,-2.8334546,1.0590001,-3.0570147,1.2447441,-2.9560559,1.1664579,-2.7517886,1.0611018,-2.6605272,1.0142958,-2.9853318,1.1884415,-3.107893,1.2281158,-2.90220194,1.12282222
CCC(C)(C)S,-0.624631121,2.08618335941171,-2.5651217,0.97995526,-2.8674996,1.0693091,-3.2373323,1.2168009,-2.8334541,1.0590001,-3.057015,1.244744,-2.9560554,1.1664579,-2.7517881,1.0611018,-2.6605272,1.0142958,-2.985332,1.1884414,-3.1078928,1.2281158,-2.90220182,1.122822206
CCC(C)CC(O)CC,0.565924367,2.46769708274991,-7.6579833,3.8467596,-7.4243712,3.7141922,-7.653413,3.9289477,-7.6145463,3.7615504,-7.6878796,3.8096793,-8.306391,4.26655,-7.6313205,3.6971717,-7.670311,3.8105307,-7.8496976,3.8993862,-7.343594,3.708069,-7.68395075,3.84428368
CCC(C)CC(O)CC,0.373664017,2.3808941793199,-7.6579833,3.8467596,-7.4243712,3.7141922,-7.653413,3.9289474,-7.614546,3.7615504,-7.68788,3.8096793,-8.306391,4.26655,-7.6313205,3.6971717,-7.670311,3.8105311,-7.8496966,3.8993862,-7.3435936,3.708069,-7.68395062,3.84428369
CCC(C)CC(O)CC,0.051270309,2.22381718664994,-7.6579833,3.8467593,-7.4243712,3.7141922,-7.653413,3.928947,-7.6145463,3.7615507,-7.687879,3.8096793,-8.306391,4.26655,-7.6313205,3.697172,-7.670311,3.8105307,-7.8496976,3.8993864,-7.343594,3.708069,-7.68395069,3.84428366
CCC(C)CC(O)CC,-0.329388042,2.02356357135104,-7.6579833,3.8467596,-7.4243712,3.7141922,-7.653413,3.9289474,-7.614546,3.76155,-7.6878796,3.8096793,-8.306391,4.26655,-7.631321,3.6971717,-7.670311,3.8105304,-7.8496966,3.8993864,-7.343594,3.708069,-7.68395067,3.8442836
CCC(C)CC(O)CC,-0.720173303,1.80640429190973,-7.6579833,3.8467596,-7.4243712,3.7141922,-7.653413,3.9289472,-7.614546,3.7615507,-7.6878796,3.8096793,-8.306391,4.26655,-7.63132,3.6971717,-7.670311,3.8105311,-7.8496966,3.899386,-7.343594,3.708069,-7.68395057,3.84428368
CCC(O)CC,0.935129272,2.2252854857488,-6.215072,2.9955912,-6.202831,2.925521,-5.830624,2.8248181,-6.281348,2.9459136,-6.564629,3.0409837,-6.2847323,2.9568067,-6.8344746,3.1885352,-6.0198374,2.8987134,-6.1864295,2.925843,-6.4345927,3.1347353,-6.28545705,2.98374612
CCC(O)CC,0.694978106,2.17432714755597,-6.215072,2.995591,-6.202831,2.925521,-5.8306246,2.8248181,-6.2813478,2.9459136,-6.56463,3.0409837,-6.284732,2.9568064,-6.8344746,3.188535,-6.019837,2.8987134,-6.1864285,2.9258435,-6.4345927,3.134735,-6.28545702,2.98374607
CCC(O)CC,0.379290913,2.10441777356509,-6.215072,2.9955912,-6.202831,2.925521,-5.830624,2.8248181,-6.2813487,2.9459138,-6.564629,3.0409837,-6.2847314,2.9568064,-6.8344746,3.188535,-6.0198374,2.8987134,-6.186429,2.9258432,-6.4345927,3.134735,-6.28545698,2.98374608
CCC(O)CC,-0.17746258,1.95831594587653,-6.215072,2.9955912,-6.202831,2.9255211,-5.8306246,2.8248181,-6.2813487,2.9459138,-6.564629,3.0409837,-6.2847314,2.956807,-6.8344746,3.188535,-6.0198374,2.8987136,-6.1864285,2.925843,-6.4345927,3.1347353,-6.28545699,2.98374618
CCC(O)CC,-0.335852501,1.91166947225501,-6.215072,2.9955912,-6.202831,2.925521,-5.830624,2.8248184,-6.2813478,2.9459138,-6.5646296,3.0409837,-6.2847314,2.9568064,-6.8344746,3.1885347,-6.0198374,2.8987136,-6.1864285,2.925843,-6.4345927,3.1347353,-6.2854569,2.98374611
CCc1ccccc1,-0.233445043,2.36909655111508,-3.1323183,1.1998748,-3.02868,1.1856065,-3.2936049,1.331634,-3.2082155,1.2546682,-3.2514505,1.3181022,-3.0229437,1.1983032,-3.175029,1.2330283,-3.1268501,1.206625,-3.267722,1.3379216,-3.2400963,1.2538445,-3.17469103,1.25196083
CCc1ccccc1,-0.284667353,2.33958090779715,-3.1323183,1.1998748,-3.02868,1.1856062,-3.2936049,1.3316339,-3.2082152,1.2546684,-3.2514505,1.3181021,-3.0229437,1.198303,-3.175029,1.2330285,-3.1268501,1.2066251,-3.267722,1.3379216,-3.2400963,1.2538445,-3.174691,1.25196081
CCc1ccccc1,-0.334651356,2.28672753343953,-3.1323183,1.1998748,-3.0286798,1.1856064,-3.2936049,1.331634,-3.2082152,1.2546682,-3.2514505,1.3181021,-3.0229437,1.1983032,-3.175029,1.2330284,-3.1268501,1.206625,-3.267722,1.3379216,-3.2400963,1.2538444,-3.17469098,1.25196081
CCc1ccccc1,-0.427555197,2.21650535376368,-3.1323183,1.1998748,-3.02868,1.1856064,-3.2936049,1.3316339,-3.2082155,1.2546684,-3.2514505,1.3181022,-3.0229437,1.1983032,-3.1750293,1.2330285,-3.1268501,1.2066251,-3.267722,1.3379216,-3.2400963,1.2538445,-3.17469106,1.25196086
CCc1ccccc1,-0.827626877,1.88959307620796,-3.1323183,1.1998748,-3.0286798,1.1856064,-3.2936049,1.3316342,-3.2082157,1.2546684,-3.2514505,1.3181021,-3.0229437,1.1983032,-3.175029,1.2330285,-3.1268501,1.206625,-3.267722,1.3379216,-3.2400963,1.2538445,-3.17469103,1.25196087
CCCC(Cl)=O,-0.437753892,2.29497913168108,-3.16099,1.3082927,-2.7903702,1.1918548,-2.8054194,1.130103,-3.101992,1.2583044,-2.926912,1.1728604,-2.839784,1.1514368,-2.7123463,1.0909098,-2.952269,1.167664,-2.5887384,0.98226595,-3.0654213,1.2059656,-2.89442426,1.165965745
CCCC(Cl)=O,-0.644326205,2.11963603979913,-3.1609902,1.3082927,-2.79037,1.1918547,-2.8054197,1.130103,-3.1019921,1.2583044,-2.926912,1.1728601,-2.8397837,1.1514366,-2.7123463,1.0909097,-2.9522693,1.1676639,-2.5887384,0.98226595,-3.0654213,1.2059656,-2.8944243,1.165965665
CCCC(Cl)=O,-0.866352099,1.93304744871234,-3.1609902,1.3082929,-2.79037,1.1918546,-2.8054194,1.130103,-3.1019921,1.2583044,-2.9269123,1.1728604,-2.839784,1.1514366,-2.7123463,1.0909097,-2.9522693,1.167664,-2.5887382,0.9822658,-3.0654213,1.2059656,-2.89442431,1.1659657
CCCC(Cl)=O,-0.927509585,1.88021227640967,-3.16099,1.3082929,-2.79037,1.1918546,-2.8054194,1.130103,-3.1019921,1.2583044,-2.9269118,1.1728604,-2.8397837,1.1514366,-2.7123463,1.0909098,-2.9522693,1.167664,-2.5887384,0.98226595,-3.0654216,1.2059656,-2.89442426,1.165965725
CCCC(Cl)=O,-0.986919382,1.82969213583587,-3.1609902,1.3082927,-2.79037,1.1918546,-2.8054194,1.130103,-3.101992,1.2583044,-2.9269123,1.1728604,-2.8397837,1.1514366,-2.7123463,1.0909098,-2.952269,1.1676642,-2.5887384,0.98226583,-3.0654213,1.2059655,-2.89442426,1.165965703
CCCc1ccccc1N,-0.344555439,1.77571495312297,-4.49752,2.6395867,-4.515109,2.6952996,-4.324425,2.46016,-4.5744762,2.6232657,-4.192739,2.424345,-4.5744505,2.6728392,-4.3987145,2.5246837,-4.270402,2.4402294,-4.6461782,2.6914546,-4.607125,2.7628384,-4.46011394,2.59347023
CCCc1ccccc1N,-0.685451529,1.5897890516662,-4.49752,2.6395867,-4.515109,2.6952991,-4.324425,2.4601605,-4.5744762,2.623266,-4.192739,2.424345,-4.5744505,2.6728392,-4.3987145,2.5246835,-4.2704024,2.4402297,-4.6461782,2.691455,-4.607125,2.7628384,-4.46011398,2.59347031
CCCc1ccccc1N,-0.782185892,1.53617456175182,-4.49752,2.6395867,-4.515109,2.6952996,-4.3244247,2.4601603,-4.5744762,2.6232657,-4.192739,2.424345,-4.574451,2.6728392,-4.3987145,2.5246835,-4.2704024,2.4402297,-4.6461782,2.691455,-4.607125,2.7628384,-4.460114,2.59347031
CCCc1ccccc1N,-0.866824817,1.48868337795084,-4.49752,2.6395864,-4.515109,2.6952991,-4.324425,2.4601603,-4.5744762,2.6232657,-4.192739,2.424345,-4.574451,2.6728392,-4.3987145,2.5246835,-4.2704024,2.4402297,-4.646178,2.691455,-4.6071253,2.7628384,-4.46011404,2.59347023
CCCc1ccccc1N,-1.095799204,1.36150696835337,-4.49752,2.6395867,-4.5151086,2.6952996,-4.324425,2.4601603,-4.574476,2.6232657,-4.1927395,2.424345,-4.574451,2.6728392,-4.3987145,2.5246835,-4.270402,2.4402297,-4.6461782,2.6914546,-4.6071253,2.7628386,-4.46011401,2.59347029
CCCCC#N,-0.242998288,2.29967661015715,-3.0100343,1.1811424,-3.0182624,1.1911993,-3.0652146,1.2038794,-3.078811,1.2020757,-3.0291767,1.1874245,-2.9834492,1.1780541,-2.9673624,1.1538323,-3.1215675,1.2170769,-2.8860521,1.1155527,-2.800947,1.0824434,-2.99608772,1.17126807
CCCCC#N,-0.745892014,1.90896275926973,-3.0100346,1.1811426,-3.0182624,1.1911993,-3.0652146,1.2038795,-3.078811,1.2020758,-3.0291767,1.1874245,-2.9834495,1.1780541,-2.9673624,1.1538324,-3.1215675,1.217077,-2.8860524,1.1155525,-2.800947,1.0824434,-2.99608781,1.17126811
CCCCC#N,-0.787083186,1.87707141070645,-3.0100346,1.1811424,-3.0182621,1.1911992,-3.0652146,1.2038795,-3.0788112,1.2020757,-3.029177,1.1874247,-2.983449,1.1780541,-2.9673624,1.1538324,-3.1215675,1.2170769,-2.886052,1.1155527,-2.800947,1.0824434,-2.99608774,1.1712681
CCCCC#N,-0.88451859,1.80664631182547,-3.0100346,1.1811426,-3.018262,1.1911992,-3.0652146,1.2038794,-3.078811,1.2020757,-3.0291767,1.1874247,-2.983449,1.1780541,-2.9673624,1.1538324,-3.1215675,1.2170769,-2.8860524,1.1155527,-2.800947,1.0824434,-2.99608772,1.17126811
CCCCC#N,-1.121537529,1.63173197945999,-3.0100343,1.1811426,-3.0182624,1.1911993,-3.0652146,1.2038795,-3.078811,1.2020757,-3.0291767,1.1874247,-2.983449,1.1780541,-2.9673624,1.1538323,-3.1215675,1.2170769,-2.886052,1.1155527,-2.800947,1.0824432,-2.99608769,1.1712681
CCCCCC(C)S,0.168918224,2.47040986308684,-3.4072542,1.4358106,-3.632709,1.5398158,-3.5381289,1.5007305,-3.4204726,1.4441892,-3.2836907,1.3785245,-3.5709887,1.5149083,-3.4575338,1.4482584,-3.3828342,1.4134588,-3.4116652,1.4284034,-3.3690925,1.4250063,-3.44743698,1.45291058
CCCCCC(C)S,0.033451738,2.3808941793199,-3.4072547,1.4358107,-3.632709,1.5398158,-3.5381289,1.5007305,-3.4204724,1.4441893,-3.2836907,1.3785245,-3.5709884,1.5149083,-3.4575338,1.4482583,-3.3828342,1.413459,-3.4116657,1.4284036,-3.3690932,1.4250064,-3.4474371,1.45291064
CCCCCC(C)S,-0.196152715,2.22381718664994,-3.4072547,1.4358106,-3.632709,1.5398158,-3.5381289,1.5007304,-3.4204724,1.4441893,-3.283691,1.3785245,-3.5709887,1.5149083,-3.4575336,1.4482583,-3.3828347,1.4134591,-3.411666,1.4284037,-3.369093,1.4250064,-3.4474372,1.45291064
CCCCCC(C)S,-0.475176184,2.02356357135104,-3.4072547,1.4358106,-3.6327085,1.5398158,-3.5381289,1.5007304,-3.4204721,1.4441892,-3.283691,1.3785244,-3.5709884,1.5149083,-3.4575338,1.4482584,-3.3828347,1.4134591,-3.411666,1.4284036,-3.369093,1.4250063,-3.44743711,1.45291061
CCCCCC(C)S,-0.618921121,1.90896275926973,-3.4072545,1.4358107,-3.632709,1.5398158,-3.538129,1.5007304,-3.4204724,1.4441894,-3.283691,1.3785244,-3.5709884,1.5149083,-3.4575343,1.4482584,-3.3828342,1.413459,-3.4116654,1.4284037,-3.3690925,1.4250063,-3.44743707,1.45291064
CCCCCCC1CCCC2CCC(CCCC)CC12,3.382957741,2.46805842724807,-7.5450983,4.526227,-7.70911,4.5672,-7.2134585,4.352709,-7.380068,4.415755,-7.218386,4.334178,-6.941924,4.185652,-7.313568,4.404316,-7.099608,4.286827,-7.819783,4.6395726,-7.507275,4.480096,-7.37482788,4.41925326
CCCCCCC1CCCC2CCC(CCCC)CC12,2.494264863,2.29967661015715,-7.545098,4.526228,-7.7091093,4.567199,-7.2134585,4.352709,-7.3800683,4.415755,-7.218387,4.334178,-6.941924,4.185652,-7.313568,4.404316,-7.099608,4.286827,-7.819783,4.639572,-7.5072746,4.480096,-7.37482787,4.4192532
CCCCCCC1CCCC2CCC(CCCC)CC12,1.897841928,2.16803395559642,-7.545098,4.526227,-7.709109,4.5671997,-7.2134595,4.352709,-7.380069,4.4157557,-7.218387,4.3341775,-6.941924,4.1856513,-7.313569,4.404316,-7.099608,4.2868266,-7.8197827,4.639572,-7.5072746,4.4800963,-7.37482808,4.41925311
CCCCCCC1CCCC2CCC(CCCC)CC12,1.335529523,2.02356357135104,-7.545098,4.526227,-7.709109,4.5671997,-7.213459,4.3527093,-7.380069,4.4157557,-7.218386,4.334178,-6.941924,4.1856513,-7.3135686,4.404316,-7.099608,4.286827,-7.819783,4.639572,-7.5072746,4.4800963,-7.37482792,4.41925323
CCCCCCC1CCCC2CCC(CCCC)CC12,0.64664293,1.81198827787662,-7.545097,4.526227,-7.7091093,4.567199,-7.2134595,4.352709,-7.380068,4.415755,-7.218386,4.334178,-6.941924,4.185652,-7.313568,4.404316,-7.099608,4.286827,-7.819783,4.639572,-7.5072746,4.4800963,-7.37482774,4.41925313
CCCCCCCC(C)S,0.629471604,2.46805842724807,-3.6046052,1.7278538,-3.8347168,1.8359951,-3.801187,1.8296763,-3.6780336,1.7421347,-3.5434897,1.6884464,-3.7958622,1.8109016,-3.6660862,1.754466,-3.6137247,1.7215103,-3.633161,1.731985,-3.6577299,1.746397,-3.68285963,1.75893662
CCCCCCCC(C)S,0.307309429,2.29967661015715,-3.6046057,1.7278539,-3.8347168,1.8359952,-3.8011878,1.8296765,-3.6780336,1.7421347,-3.5434902,1.6884466,-3.7958622,1.8109019,-3.6660862,1.7544659,-3.6137247,1.7215103,-3.633161,1.731985,-3.6577294,1.7463969,-3.68285976,1.75893669
CCCCCCCC(C)S,0.172448923,2.22381718664994,-3.6046057,1.7278539,-3.8347168,1.8359951,-3.801187,1.8296763,-3.6780336,1.7421347,-3.5434902,1.6884466,-3.7958622,1.8109016,-3.6660864,1.754466,-3.6137247,1.7215103,-3.633161,1.7319851,-3.6577296,1.746397,-3.68285972,1.75893666
CCCCCCCC(C)S,0.050976623,2.1528028805089,-3.6046052,1.7278539,-3.8347168,1.8359952,-3.801187,1.8296762,-3.6780336,1.7421346,-3.5434902,1.6884465,-3.7958627,1.8109016,-3.6660864,1.754466,-3.6137247,1.7215103,-3.6331613,1.7319851,-3.6577299,1.746397,-3.68285978,1.75893664
CCCCCCCC(C)S,-0.161321609,2.02356357135104,-3.6046054,1.7278539,-3.8347168,1.8359951,-3.801187,1.8296763,-3.6780334,1.7421347,-3.5434902,1.6884465,-3.7958622,1.8109019,-3.6660862,1.7544659,-3.6137247,1.7215102,-3.633161,1.731985,-3.6577299,1.746397,-3.68285968,1.75893665
CCCCCCCCCCCC(=O)OCC(COC(=O)CCCCCCCCCCC)OC(=O)CCCCCCCCCCC,2.424270919,2.11896930526801,-6.2741218,3.8281467,-6.050769,3.6799304,-6.0463133,3.7294118,-6.1674113,3.7370527,-6.237958,3.832786,-5.8528376,3.580266,-5.921896,3.7059476,-6.173598,3.7830002,-6.260787,3.9295459,-6.162115,3.742703,-6.1147807,3.75487903
CCCCCCCCCCCC(=O)OCC(COC(=O)CCCCCCCCCCC)OC(=O)CCCCCCCCCCC,2.046868643,2.02356357135104,-6.274122,3.8281472,-6.05077,3.6799312,-6.0463133,3.7294118,-6.1674113,3.737053,-6.237958,3.8327866,-5.8528376,3.5802658,-5.921896,3.7059472,-6.173598,3.783,-6.260787,3.9295456,-6.162115,3.7427032,-6.11478082,3.75487916
CCCCCCCCCCCC(=O)OCC(COC(=O)CCCCCCCCCCC)OC(=O)CCCCCCCCCCC,1.732919417,1.9363784247672,-6.2741218,3.8281462,-6.05077,3.6799314,-6.046314,3.7294123,-6.1674113,3.7370524,-6.237958,3.832786,-5.8528376,3.5802662,-5.921896,3.7059472,-6.173598,3.7830007,-6.260787,3.9295459,-6.162115,3.7427034,-6.11478087,3.75487917
CCCCCCCCCCCC(=O)OCC(COC(=O)CCCCCCCCCCC)OC(=O)CCCCCCCCCCC,1.639711498,1.90896275926973,-6.2741213,3.8281462,-6.0507693,3.6799312,-6.046314,3.7294123,-6.1674113,3.737053,-6.237958,3.8327863,-5.852837,3.5802655,-5.921896,3.7059474,-6.173598,3.7830002,-6.260787,3.9295459,-6.162115,3.742703,-6.11478069,3.7548791
CCCCCCCCCCCC(=O)OCC(COC(=O)CCCCCCCCCCC)OC(=O)CCCCCCCCCCC,1.550404932,1.88231225423012,-6.2741213,3.8281457,-6.05077,3.679931,-6.0463133,3.7294118,-6.1674113,3.7370524,-6.237958,3.8327863,-5.8528385,3.5802658,-5.921896,3.7059474,-6.1735973,3.783,-6.260787,3.9295456,-6.162115,3.7427032,-6.11478077,3.75487892
CCCCCCCCCCCC(CO)CCC,2.807544455,2.29967661015715,-7.0691013,4.305107,-6.803325,4.099233,-6.681462,4.0917463,-6.939344,4.203007,-6.9705415,4.2525506,-6.691616,4.0801125,-6.901671,4.219705,-6.6751466,4.070075,-6.9643774,4.2071195,-6.730468,4.0797954,-6.84270528,4.16084513
CCCCCCCCCCCC(CO)CCC,2.42007069,2.22381718664994,-7.0691004,4.305106,-6.803325,4.099233,-6.681462,4.091746,-6.939344,4.2030077,-6.9705415,4.2525506,-6.691616,4.0801125,-6.9016714,4.219706,-6.6751466,4.070075,-6.964378,4.2071195,-6.730468,4.079795,-6.84270529,4.16084513
CCCCCCCCCCCC(CO)CCC,2.073930589,2.1528028805089,-7.0691004,4.305107,-6.803325,4.099233,-6.681462,4.091746,-6.939344,4.203007,-6.9705415,4.2525506,-6.6916156,4.080112,-6.9016714,4.2197056,-6.6751466,4.070075,-6.964377,4.2071195,-6.730468,4.0797954,-6.84270515,4.16084511
CCCCCCCCCCCC(CO)CCC,1.476387845,2.02356357135104,-7.0691004,4.305107,-6.803325,4.099233,-6.6814623,4.091746,-6.9393444,4.203007,-6.9705415,4.2525506,-6.691616,4.0801125,-6.9016714,4.2197056,-6.6751475,4.070075,-6.964377,4.20712,-6.730468,4.079796,-6.84270535,4.16084527
CCCCCCCCCCCC(CO)CCC,0.602770949,1.80664631182547,-7.0691013,4.305107,-6.803325,4.0992336,-6.681462,4.091746,-6.9393444,4.2030077,-6.9705415,4.2525506,-6.6916156,4.080112,-6.901671,4.2197056,-6.6751466,4.070075,-6.964377,4.20712,-6.7304673,4.0797954,-6.84270517,4.16084529
CCCCN1CCOC1=O,1.731556853,2.4236926036961,-4.183358,2.2859657,-4.0916815,2.2133696,-3.0728273,1.75269,-3.8295746,2.1093473,-4.053913,2.232988,-3.8063393,2.1088736,-4.1678395,2.2665844,-4.057622,2.2313921,-4.2657943,2.371493,-4.4263105,2.4102101,-3.995526,2.19829138
CCCCN1CCOC1=O,1.475694616,2.33958090779715,-4.183358,2.2859657,-4.091682,2.2133698,-3.0728273,1.7526898,-3.8295746,2.109347,-4.0539126,2.232988,-3.8063385,2.1088731,-4.1678405,2.2665846,-4.0576224,2.2313921,-4.2657948,2.371493,-4.4263105,2.4102104,-3.99552612,2.19829135
CCCCN1CCOC1=O,1.04862497,2.18773397224793,-4.183358,2.2859657,-4.0916815,2.2133698,-3.0728273,1.7526897,-3.8295748,2.1093473,-4.053913,2.232988,-3.8063393,2.1088734,-4.1678395,2.2665846,-4.0576224,2.231392,-4.2657948,2.371493,-4.4263105,2.4102104,-3.99552611,2.19829139
CCCCN1CCOC1=O,0.869979126,2.11896930526801,-4.183358,2.2859657,-4.091682,2.2133698,-3.0728273,1.7526898,-3.8295746,2.1093473,-4.053913,2.232988,-3.8063393,2.1088734,-4.1678395,2.2665844,-4.057622,2.231392,-4.2657943,2.371493,-4.4263105,2.4102101,-3.99552605,2.19829135
CCCCN1CCOC1=O,0.568017412,1.99364208962287,-4.183358,2.2859657,-4.0916815,2.2133698,-3.0728273,1.7526901,-3.8295748,2.109347,-4.0539126,2.2329879,-3.8063393,2.1088734,-4.1678395,2.2665844,-4.0576224,2.2313921,-4.2657948,2.3714933,-4.42631,2.4102101,-3.99552602,2.19829138
CCCCNCCCC,-0.183379306,2.18773397224793,-4.031301,1.7525269,-3.7954488,1.6618329,-3.6509686,1.5701618,-3.7204158,1.6044431,-3.8237388,1.6794604,-3.8691132,1.6953454,-3.9163368,1.7037091,-3.7288518,1.5971948,-3.7128618,1.6073785,-3.7550902,1.6549412,-3.80041268,1.65269941
CCCCNCCCC,-0.424857777,2.05439650412681,-4.031301,1.7525268,-3.7954488,1.6618329,-3.6509683,1.570162,-3.7204158,1.6044431,-3.8237386,1.6794604,-3.8691132,1.6953452,-3.9163368,1.7037092,-3.7288516,1.5971946,-3.712861,1.6073785,-3.7550902,1.6549413,-3.80041253,1.6526994
CCCCNCCCC,-0.85882707,1.80037469267179,-4.031301,1.7525265,-3.7954488,1.6618329,-3.6509686,1.570162,-3.720416,1.6044432,-3.823739,1.6794605,-3.869113,1.6953452,-3.9163368,1.7037091,-3.7288518,1.5971946,-3.7128615,1.6073787,-3.7550902,1.654941,-3.80041267,1.65269937
CCCCNCCCC,-1.050897621,1.67096347521723,-4.0313015,1.7525266,-3.795449,1.6618329,-3.6509686,1.570162,-3.7204156,1.6044432,-3.8237386,1.6794605,-3.869113,1.6953454,-3.9163368,1.7037091,-3.7288516,1.5971946,-3.7128615,1.6073786,-3.7550902,1.654941,-3.80041264,1.65269939
CCCCNCCCC,-1.108241243,1.63291780963212,-4.0313015,1.7525268,-3.7954493,1.661833,-3.6509686,1.570162,-3.7204156,1.6044431,-3.8237388,1.6794605,-3.8691132,1.6953452,-3.9163368,1.7037091,-3.7288518,1.5971946,-3.7128615,1.6073787,-3.7550902,1.6549411,-3.80041273,1.65269941
CCCO[P](=O)(OCCC)OCCC,0.816043119,2.29967661015715,-5.1389227,2.5832305,-5.683223,2.786617,-5.32886,2.6403205,-5.395526,2.6337569,-4.964004,2.5004754,-5.276712,2.6286626,-5.58478,2.8227983,-5.3040543,2.6554778,-5.41479,2.7318678,-6.0362573,3.009441,-5.41271293,2.69926478
CCCO[P](=O)(OCCC)OCCC,0.721362745,2.26111050063067,-5.1389227,2.5832305,-5.683223,2.7866168,-5.32886,2.6403203,-5.395526,2.6337566,-4.9640036,2.5004752,-5.276711,2.6286626,-5.5847807,2.8227983,-5.3040543,2.6554778,-5.41479,2.7318678,-6.0362573,3.009441,-5.41271286,2.69926469
CCCO[P](=O)(OCCC)OCCC,0.633887148,2.22381718664994,-5.1389227,2.58323,-5.683223,2.786617,-5.328859,2.6403203,-5.3955245,2.6337564,-4.9640036,2.5004754,-5.2767115,2.6286628,-5.5847807,2.8227983,-5.3040543,2.6554778,-5.4147906,2.731868,-6.0362573,3.0094407,-5.41271272,2.69926467
CCCO[P](=O)(OCCC)OCCC,0.554447128,2.18773397224793,-5.138923,2.5832303,-5.683223,2.786617,-5.3288593,2.6403203,-5.395525,2.6337566,-4.9640036,2.5004754,-5.276711,2.6286626,-5.58478,2.8227985,-5.3040547,2.655478,-5.4147906,2.7318683,-6.0362573,3.0094407,-5.41271275,2.69926477
CCCO[P](=O)(OCCC)OCCC,0.475559034,2.1528028805089,-5.1389227,2.5832303,-5.683223,2.7866173,-5.328859,2.6403203,-5.3955245,2.6337564,-4.9640036,2.5004754,-5.276712,2.6286628,-5.58478,2.822798,-5.3040543,2.6554778,-5.4147906,2.731868,-6.0362573,3.009441,-5.4127127,2.69926473
CCCOC(N)=O,0.806032271,1.99364208962287,-3.1323752,1.9278301,-3.6346135,2.0535805,-2.99206,1.6908561,-3.3490264,1.8394629,-3.2768276,1.914941,-3.0560458,1.8009272,-3.2361658,1.900838,-2.9815643,1.759008,-3.4045076,2.0835888,-3.2534978,1.9474771,-3.2316684,1.89185097
CCCOC(N)=O,0.611125199,1.9363784247672,-3.1323752,1.9278301,-3.6346135,2.0535805,-2.99206,1.690856,-3.3490264,1.8394629,-3.2768276,1.914941,-3.0560453,1.8009269,-3.236166,1.900838,-2.9815645,1.7590079,-3.4045074,2.0835888,-3.2534974,1.947477,-3.23166833,1.89185091
CCCOC(N)=O,0.436598274,1.88231225423012,-3.1323752,1.9278302,-3.6346135,2.0535805,-2.99206,1.6908561,-3.3490264,1.8394629,-3.2768276,1.914941,-3.056046,1.8009269,-3.2361658,1.900838,-2.9815643,1.7590078,-3.4045074,2.0835888,-3.2534974,1.9474771,-3.23166836,1.89185093
CCCOC(N)=O,0.278882376,1.83118335604096,-3.132375,1.9278301,-3.6346135,2.0535803,-2.99206,1.6908562,-3.3490264,1.8394629,-3.2768276,1.9149411,-3.0560458,1.8009269,-3.2361658,1.900838,-2.9815645,1.7590076,-3.4045076,2.0835888,-3.2534974,1.9474769,-3.23166836,1.89185088
CCCOC(N)=O,0.141788482,1.78275847423634,-3.1323752,1.9278303,-3.6346135,2.0535803,-2.9920604,1.6908562,-3.3490264,1.8394629,-3.2768276,1.914941,-3.0560458,1.8009269,-3.236166,1.9008379,-2.9815645,1.7590078,-3.4045076,2.0835888,-3.2534974,1.9474769,-3.23166844,1.8918509
CCO,0.79557932,2.66304625546652,-4.1707864,1.9509063,-4.316164,2.0267,-4.3668265,2.0357213,-4.0787296,1.9889277,-4.2103877,1.9511734,-3.9395764,1.8188987,-4.691586,2.250551,-4.4868727,2.0578635,-4.622392,1.9716107,-4.30986,2.0707982,-4.31931813,2.01231508
CCO,-0.004470656,2.22381718664994,-4.1707864,1.9509063,-4.316164,2.0267,-4.3668265,2.035721,-4.0787296,1.9889277,-4.2103877,1.9511731,-3.9395766,1.8188987,-4.691586,2.250551,-4.4868727,2.0578635,-4.622392,1.9716107,-4.30986,2.0707982,-4.31931815,2.01231502
CCO,-0.036645184,2.21003890520707,-4.1707864,1.9509063,-4.316164,2.0267,-4.3668265,2.035721,-4.0787296,1.9889277,-4.2103877,1.9511732,-3.9395761,1.8188987,-4.691586,2.250551,-4.4868727,2.0578635,-4.622392,1.9716107,-4.30986,2.0707982,-4.3193181,2.01231503
CCO,-0.115707002,2.17005775444619,-4.1707864,1.9509063,-4.316164,2.0267,-4.3668265,2.035721,-4.0787296,1.9889277,-4.2103877,1.9511732,-3.9395764,1.8188987,-4.691586,2.250551,-4.4868727,2.0578635,-4.622392,1.9716107,-4.30986,2.0707982,-4.31931813,2.01231503
CCO,-0.188842431,2.13345409610281,-4.1707864,1.9509063,-4.316164,2.0267,-4.3668265,2.035721,-4.0787296,1.9889277,-4.2103877,1.9511734,-3.9395766,1.8188987,-4.691586,2.250551,-4.4868727,2.0578635,-4.622392,1.9716107,-4.30986,2.0707982,-4.31931815,2.01231505
CF,0.527942815,5.15405342909862,-3.1866357,0.6458382,-3.3419237,0.7199637,-3.574171,0.82878166,-3.4859285,0.7970029,-3.2556696,0.7372095,-3.264165,0.7330352,-3.556811,0.8446404,-3.1457257,0.69431806,-3.4692502,0.7715905,-3.2422447,0.5612034,-3.35225251,0.733358352
CF,0.18906781,4.81020447649205,-3.1866357,0.6458382,-3.3419237,0.7199637,-3.574171,0.82878166,-3.4859285,0.7970029,-3.2556696,0.7372095,-3.264165,0.7330352,-3.556811,0.8446404,-3.1457257,0.69431806,-3.4692502,0.7715905,-3.2422447,0.5612034,-3.35225251,0.733358352
CF,-0.164562015,4.37958902456536,-3.1866357,0.6458382,-3.3419237,0.7199637,-3.574171,0.82878166,-3.4859285,0.7970029,-3.2556696,0.7372095,-3.264165,0.7330352,-3.556811,0.8446404,-3.1457257,0.69431806,-3.4692502,0.7715905,-3.2422447,0.5612034,-3.35225251,0.733358352
CF,-0.247743654,4.27055736714691,-3.1866357,0.6458382,-3.3419237,0.7199637,-3.574171,0.82878166,-3.4859285,0.7970029,-3.2556696,0.7372095,-3.264165,0.7330352,-3.556811,0.8446404,-3.1457257,0.69431806,-3.4692502,0.7715905,-3.2422447,0.5612034,-3.35225251,0.733358352
CF,-0.695517652,3.6553171236169,-3.1866357,0.6458382,-3.3419237,0.7199637,-3.574171,0.82878166,-3.4859285,0.7970029,-3.2556696,0.7372095,-3.264165,0.7330352,-3.556811,0.8446404,-3.1457257,0.69431806,-3.4692502,0.7715905,-3.2422447,0.5612034,-3.35225251,0.733358352
ClC(Cl)Cl,0.527502743,3.20900071392504,-3.1798728,1.1819459,-2.8929412,1.097078,-2.9839466,1.1298432,-2.9243813,1.0736849,-3.1897304,1.2010014,-3.208573,1.2006874,-2.9476862,1.125645,-2.9855604,1.092175,-2.906689,1.118243,-3.0225537,1.1079451,-3.02419346,1.13282489
ClC(Cl)Cl,-0.418688663,2.33213491902445,-3.1798725,1.1819459,-2.892941,1.097078,-2.9839466,1.1298432,-2.9243813,1.073685,-3.1897304,1.2010015,-3.208573,1.2006876,-2.9476862,1.1256452,-2.9855602,1.0921749,-2.906689,1.118243,-3.0225537,1.1079451,-3.02419339,1.13282494
ClC(Cl)Cl,-0.548555555,2.18773397224793,-3.1798725,1.1819459,-2.8929412,1.097078,-2.9839468,1.1298432,-2.9243813,1.073685,-3.1897304,1.2010015,-3.208573,1.2006876,-2.9476862,1.1256452,-2.9855607,1.092175,-2.906689,1.118243,-3.022554,1.1079451,-3.02419351,1.13282495
ClC(Cl)Cl,-0.690534557,2.06877006018139,-3.1798728,1.1819459,-2.8929412,1.097078,-2.9839466,1.1298432,-2.9243813,1.073685,-3.1897304,1.2010015,-3.208573,1.2006874,-2.9476862,1.1256452,-2.9855607,1.0921749,-2.906689,1.118243,-3.0225537,1.1079451,-3.02419349,1.13282492
ClC(Cl)Cl,-0.719389138,2.0423224743469,-3.1798725,1.1819459,-2.892941,1.097078,-2.9839466,1.1298432,-2.9243813,1.073685,-3.1897304,1.2010015,-3.208573,1.2006876,-2.9476862,1.1256452,-2.9855604,1.0921749,-2.906689,1.118243,-3.0225537,1.1079451,-3.02419341,1.13282494
CN(C)C=O,0.04980078,2.4236926036961,-2.400305,1.2074097,-1.8579078,0.8715654,-2.282192,0.9718963,-1.7339774,0.9279606,-2.1077173,0.9213978,-2.543517,1.2628412,-2.1320238,1.0665791,-2.3784845,1.218831,-2.0398996,0.9968338,-2.3985312,1.0526121,-2.18745556,1.0497927
CN(C)C=O,-0.079244843,2.33958090779715,-2.400305,1.2074097,-1.8579078,0.87156534,-2.282192,0.9718964,-1.7339772,0.9279605,-2.1077173,0.92139786,-2.543517,1.2628412,-2.1320238,1.0665793,-2.3784845,1.2188311,-2.0398993,0.9968337,-2.3985312,1.0526121,-2.18745551,1.04979272
CN(C)C=O,-0.185163056,2.26111050063067,-2.400305,1.2074097,-1.857908,0.87156534,-2.2821918,0.9718963,-1.7339774,0.9279605,-2.107717,0.92139775,-2.543517,1.2628412,-2.1320238,1.0665791,-2.3784845,1.218831,-2.0398996,0.9968337,-2.3985314,1.0526121,-2.18745555,1.049792669
CN(C)C=O,-0.262898849,2.18773397224793,-2.400305,1.2074097,-1.8579078,0.87156534,-2.282192,0.97189623,-1.7339774,0.9279605,-2.1077173,0.9213978,-2.543517,1.2628412,-2.1320238,1.0665793,-2.3784845,1.2188311,-2.0398996,0.9968337,-2.3985312,1.0526121,-2.18745556,1.049792697
CN(C)C=O,-0.342613096,2.11896930526801,-2.400305,1.2074097,-1.857908,0.87156534,-2.282192,0.9718963,-1.7339772,0.9279605,-2.107717,0.92139775,-2.543517,1.2628412,-2.1320238,1.0665791,-2.3784845,1.218831,-2.0398996,0.9968337,-2.3985312,1.0526121,-2.18745553,1.049792669
CN(C)c1ccc(C)cc1,-0.715285078,1.66765676856896,-3.2609327,1.5468642,-3.5203216,1.6554053,-3.283554,1.5685762,-3.4291892,1.6664084,-3.1343765,1.4949025,-3.4218621,1.659287,-3.1868458,1.5144187,-3.3147979,1.5826837,-3.64129,1.8155047,-3.4901626,1.7238259,-3.36833324,1.62278766
CN(C)c1ccc(C)cc1,-0.803050255,1.61183578510519,-3.2609327,1.5468643,-3.5203216,1.6554053,-3.283554,1.568576,-3.4291894,1.6664087,-3.1343763,1.4949024,-3.4218621,1.659287,-3.1868463,1.5144188,-3.314798,1.5826837,-3.6412902,1.8155048,-3.4901626,1.7238258,-3.36833332,1.62278768
CN(C)c1ccc(C)cc1,-1.044941988,1.45557653660737,-3.2609327,1.5468642,-3.5203216,1.6554053,-3.283554,1.5685761,-3.4291887,1.6664084,-3.1343765,1.4949024,-3.4218621,1.6592872,-3.1868465,1.5144187,-3.314798,1.5826837,-3.6412902,1.815505,-3.4901626,1.723826,-3.36833329,1.6227877
CN(C)c1ccc(C)cc1,-1.114050921,1.41227654449492,-3.2609324,1.5468644,-3.5203218,1.6554055,-3.283554,1.5685761,-3.4291887,1.6664085,-3.1343765,1.4949024,-3.4218621,1.6592872,-3.1868458,1.5144188,-3.3147979,1.5826838,-3.6412902,1.8155049,-3.4901624,1.7238258,-3.36833318,1.62278774
CN(C)c1ccc(C)cc1,-1.14107533,1.39388033429759,-3.2609322,1.5468642,-3.5203216,1.6554053,-3.283554,1.5685761,-3.4291892,1.6664087,-3.1343765,1.4949025,-3.4218621,1.659287,-3.1868463,1.5144187,-3.314798,1.5826838,-3.6412902,1.8155049,-3.4901626,1.723826,-3.36833327,1.62278772
CN1CCCN(C)C1=O,0.843567936,2.26111050063067,-3.0175924,1.5560092,-2.800031,1.4471134,-2.2315807,1.1325219,-2.8511205,1.4747906,-2.475589,1.258752,-2.5270548,1.312804,-2.375034,1.2601933,-2.5812542,1.3863006,-3.2307124,1.6685967,-2.3310323,1.2302657,-2.64210013,1.37273474
CN1CCCN(C)C1=O,0.676330815,2.18773397224793,-3.0175924,1.5560092,-2.8000307,1.4471132,-2.231581,1.132522,-2.8511205,1.4747905,-2.475589,1.2587519,-2.527055,1.312804,-2.3750343,1.2601933,-2.5812545,1.3863004,-3.2307131,1.6685966,-2.331032,1.2302656,-2.64210025,1.37273467
CN1CCCN(C)C1=O,0.526902246,2.11896930526801,-3.0175924,1.556009,-2.800031,1.4471134,-2.231581,1.1325219,-2.8511207,1.4747905,-2.4755888,1.258752,-2.527055,1.312804,-2.375034,1.2601933,-2.5812542,1.3863006,-3.2307131,1.6685966,-2.331032,1.2302656,-2.64210022,1.37273469
CN1CCCN(C)C1=O,0.391758288,2.05439650412681,-3.017592,1.5560093,-2.8000307,1.4471133,-2.231581,1.1325217,-2.8511202,1.4747905,-2.475589,1.258752,-2.5270548,1.3128037,-2.375034,1.2601933,-2.5812542,1.3863003,-3.2307122,1.6685966,-2.331032,1.2302657,-2.64210001,1.37273464
CN1CCCN(C)C1=O,0.163083091,1.9363784247672,-3.0175922,1.556009,-2.800031,1.4471133,-2.2315812,1.132522,-2.8511202,1.4747905,-2.4755888,1.2587519,-2.527055,1.3128037,-2.3750343,1.2601933,-2.5812542,1.3863006,-3.2307127,1.6685966,-2.3310323,1.2302657,-2.64210019,1.37273466
CO,0.950010147,3.22652524793558,-4.218309,1.734452,-5.0642376,2.2156456,-4.3838587,1.8904696,-4.143521,1.9000552,-4.0769286,1.6173524,-3.9063616,1.6263971,-4.874198,2.07309,-4.3474593,1.6466088,-3.7832656,1.5614928,-3.578158,1.3910668,-4.23762974,1.76566303
CO,0.303751973,2.79116512702001,-4.218309,1.734452,-5.0642376,2.2156456,-4.3838587,1.8904696,-4.143521,1.9000552,-4.0769286,1.6173524,-3.9063616,1.6263971,-4.874198,2.07309,-4.3474593,1.6466088,-3.7832656,1.5614928,-3.578158,1.3910668,-4.23762974,1.76566303
CO,-0.092779981,2.52065899528702,-4.218309,1.734452,-5.0642376,2.2156456,-4.3838587,1.8904696,-4.143521,1.9000552,-4.0769286,1.6173524,-3.9063616,1.6263971,-4.874198,2.07309,-4.3474593,1.6466088,-3.7832656,1.5614928,-3.578158,1.3910668,-4.23762974,1.76566303
CO,-0.133645319,2.49306670244157,-4.218309,1.734452,-5.0642376,2.2156456,-4.3838587,1.8904696,-4.143521,1.9000552,-4.0769286,1.6173524,-3.9063616,1.6263971,-4.874198,2.07309,-4.3474593,1.6466088,-3.7832656,1.5614928,-3.578158,1.3910668,-4.23762974,1.76566303
CO,-0.792656302,2.05420841622572,-4.218309,1.734452,-5.0642376,2.2156456,-4.3838587,1.8904696,-4.143521,1.9000552,-4.0769286,1.6173524,-3.9063616,1.6263971,-4.874198,2.07309,-4.3474593,1.6466088,-3.7832656,1.5614928,-3.578158,1.3910668,-4.23762974,1.76566303
COc1ccccc1[N+]([O-])=O,0.35723346,1.90734210222948,-2.8742254,1.6376357,-3.0442388,1.7482959,-3.0093794,1.6734157,-2.9201217,1.6698303,-3.1791883,1.744011,-3.1152055,1.7816596,-3.0064704,1.7533079,-3.1162004,1.7797382,-3.2315695,1.7868445,-3.0899603,1.7189531,-3.05865597,1.72936919
COc1ccccc1[N+]([O-])=O,-0.041256729,1.71474009150915,-2.8742251,1.6376358,-3.0442386,1.7482959,-3.0093794,1.6734158,-2.920122,1.6698303,-3.179188,1.7440109,-3.1152055,1.7816596,-3.0064704,1.7533077,-3.116201,1.7797383,-3.2315695,1.7868445,-3.0899603,1.7189529,-3.05865598,1.72936917
COc1ccccc1[N+]([O-])=O,-0.201908458,1.63291780963212,-2.874225,1.6376358,-3.0442386,1.7482957,-3.0093794,1.6734159,-2.9201217,1.6698302,-3.179188,1.7440109,-3.1152058,1.7816596,-3.0064704,1.7533078,-3.1162004,1.7797382,-3.2315698,1.7868445,-3.0899603,1.718953,-3.05865594,1.72936916
COc1ccccc1[N+]([O-])=O,-0.281296058,1.59317058898479,-2.874225,1.6376358,-3.0442383,1.7482957,-3.0093791,1.6734157,-2.920122,1.6698304,-3.179188,1.744011,-3.1152055,1.7816598,-3.006471,1.7533079,-3.1162007,1.7797381,-3.2315695,1.7868446,-3.0899606,1.718953,-3.05865597,1.7293692
COc1ccccc1[N+]([O-])=O,-0.66106425,1.3982164682755,-2.8742256,1.6376361,-3.0442383,1.7482955,-3.0093794,1.6734158,-2.920122,1.6698302,-3.1791883,1.7440107,-3.1152055,1.7816598,-3.0064704,1.7533077,-3.1162007,1.779738,-3.2315695,1.7868444,-3.0899603,1.7189531,-3.058656,1.72936913
N#Cc1ccccc1,0.312484004,2.33956607649313,-3.125317,1.5554821,-3.0062802,1.4637144,-2.8611872,1.4025427,-2.9094799,1.4421004,-2.779914,1.3748621,-3.0882735,1.5028594,-2.9059806,1.4443659,-2.6905367,1.3109843,-2.855878,1.4223841,-2.893165,1.404116,-2.91160121,1.43234114
N#Cc1ccccc1,0.301620408,2.30203209089702,-3.1253176,1.5554823,-3.0062802,1.4637146,-2.8611872,1.4025427,-2.9094799,1.4421004,-2.7799141,1.3748621,-3.0882738,1.5028594,-2.9059806,1.444366,-2.6905365,1.3109843,-2.855878,1.422384,-2.8931649,1.4041159,-2.91160128,1.43234117
N#Cc1ccccc1,-0.01414486,2.1528028805089,-3.1253169,1.5554821,-3.0062802,1.4637146,-2.8611872,1.4025428,-2.9094799,1.4421004,-2.7799141,1.3748621,-3.0882738,1.5028596,-2.9059806,1.4443657,-2.6905367,1.3109843,-2.855878,1.4223843,-2.8931649,1.404116,-2.91160123,1.43234119
N#Cc1ccccc1,-0.373147188,1.90896275926973,-3.125317,1.5554823,-3.0062802,1.4637145,-2.8611872,1.4025426,-2.90948,1.4421005,-2.7799144,1.3748621,-3.0882738,1.5028594,-2.9059806,1.444366,-2.6905363,1.3109843,-2.855878,1.4223841,-2.893165,1.404116,-2.91160125,1.43234118
N#Cc1ccccc1,-0.606435565,1.71474009150915,-3.125317,1.5554821,-3.0062802,1.4637146,-2.8611872,1.4025427,-2.9094799,1.4421005,-2.7799141,1.3748621,-3.0882735,1.5028594,-2.9059806,1.4443659,-2.6905367,1.3109843,-2.855878,1.4223843,-2.893165,1.4041159,-2.91160122,1.43234118
N#CCc1ccccc1,0.200379826,2.08618335941171,-3.4412813,1.9064347,-3.220171,1.8072218,-3.093386,1.6388801,-3.3708477,1.8679117,-3.1600096,1.7990004,-4.0150375,2.259732,-3.139794,1.8521699,-3.2234862,1.766612,-3.7256231,2.1295679,-2.9454293,1.6440114,-3.33350657,1.86715419
N#CCc1ccccc1,0.091129062,2.02356357135104,-3.4412816,1.9064347,-3.2201707,1.8072218,-3.093386,1.63888,-3.3708482,1.8679116,-3.1600096,1.7990003,-4.0150375,2.2597322,-3.139794,1.85217,-3.223486,1.7666118,-3.7256231,2.1295679,-2.945429,1.6440114,-3.33350657,1.86715417
N#CCc1ccccc1,-0.10166719,1.90896275926973,-3.4412816,1.9064348,-3.220171,1.8072218,-3.093386,1.6388801,-3.3708477,1.8679117,-3.1600096,1.7990003,-4.0150375,2.2597322,-3.1397939,1.8521699,-3.2234857,1.766612,-3.7256231,2.1295679,-2.945429,1.6440114,-3.33350651,1.86715421
N#CCc1ccccc1,-0.420828946,1.71474009150915,-3.4412816,1.9064347,-3.220171,1.8072218,-3.0933855,1.6388801,-3.3708482,1.8679118,-3.1600096,1.7990004,-4.0150375,2.2597322,-3.1397939,1.85217,-3.223486,1.7666119,-3.7256231,2.1295679,-2.945429,1.6440113,-3.33350654,1.86715421
N#CCc1ccccc1,-0.532486286,1.63054817173841,-3.4412816,1.9064347,-3.220171,1.8072218,-3.093386,1.6388801,-3.3708477,1.8679117,-3.1600094,1.7990003,-4.0150375,2.2597322,-3.1397939,1.8521699,-3.223486,1.766612,-3.7256236,2.129568,-2.945429,1.6440114,-3.33350657,1.86715421
Nc1ccccc1Cl,0.84276492,2.22491807389899,-3.759957,2.0461051,-3.626957,1.8927385,-3.7900546,1.9926143,-3.909329,2.0751908,-3.7374434,1.9823818,-3.5734913,1.857873,-3.4959397,1.8193799,-3.9711807,2.1260064,-3.8013875,1.9882464,-3.4138167,1.7930626,-3.70795569,1.95735988
Nc1ccccc1Cl,0.756513289,2.18879912953728,-3.759958,2.0461047,-3.6269574,1.8927389,-3.7900546,1.9926143,-3.909329,2.0751908,-3.7374442,1.982382,-3.5734913,1.8578727,-3.49594,1.81938,-3.9711807,2.126006,-3.8013868,1.9882467,-3.4138167,1.7930629,-3.70795587,1.9573599
Nc1ccccc1Cl,0.599528333,2.1199690699896,-3.7599576,2.0461051,-3.6269572,1.8927387,-3.7900548,1.9926143,-3.909329,2.0751908,-3.7374434,1.982382,-3.573491,1.8578727,-3.4959402,1.81938,-3.9711807,2.126006,-3.801387,1.9882467,-3.4138167,1.793063,-3.70795576,1.95735993
Nc1ccccc1Cl,0.518446704,2.11233027426452,-3.7599578,2.046105,-3.6269574,1.8927387,-3.790055,1.9926145,-3.909329,2.075191,-3.737444,1.9823823,-3.5734918,1.8578727,-3.4959407,1.8193802,-3.971181,2.126006,-3.8013866,1.9882467,-3.413817,1.7930628,-3.70795603,1.95735999
Nc1ccccc1Cl,-0.480361185,1.59543303699938,-3.7599578,2.0461047,-3.6269572,1.8927387,-3.7900546,1.9926143,-3.909329,2.075191,-3.737444,1.9823822,-3.5734913,1.8578727,-3.49594,1.8193802,-3.9711807,2.1260061,-3.8013868,1.9882467,-3.4138167,1.7930629,-3.70795581,1.95735995
Nc1ccccc1F,0.738064409,2.2975604527323,-3.59402,1.9329163,-3.6328833,1.8495414,-3.6814947,1.8683509,-3.8225865,1.9623034,-3.7256956,1.9530962,-3.378162,1.7137234,-3.470692,1.7913383,-3.9286613,2.0147495,-3.6366627,1.8530021,-3.093252,1.6078047,-3.59641101,1.85468262
Nc1ccccc1F,0.577311325,2.22345044895031,-3.5940192,1.9329165,-3.632883,1.8495414,-3.6814942,1.8683505,-3.8225865,1.9623034,-3.7256956,1.953096,-3.3781621,1.7137234,-3.470692,1.7913383,-3.928661,2.0147495,-3.6366625,1.853002,-3.093252,1.6078047,-3.59641081,1.85468257
Nc1ccccc1F,0.415191329,2.1528028805089,-3.59402,1.9329164,-3.6328833,1.8495415,-3.6814947,1.8683506,-3.8225865,1.9623036,-3.7256954,1.9530959,-3.3781621,1.7137234,-3.4706917,1.7913383,-3.9286613,2.0147495,-3.6366625,1.8530021,-3.093252,1.6078047,-3.59641095,1.8546826
Nc1ccccc1F,0.265587234,2.08618335941171,-3.5940194,1.9329165,-3.6328833,1.8495412,-3.6814942,1.8683506,-3.8225868,1.9623036,-3.7256956,1.953096,-3.378162,1.7137234,-3.4706922,1.7913384,-3.9286613,2.0147493,-3.6366627,1.8530021,-3.093252,1.6078047,-3.59641095,1.85468258
Nc1ccccc1F,0.140479143,2.02356357135104,-3.5940194,1.9329163,-3.632883,1.8495414,-3.6814942,1.8683506,-3.8225865,1.9623036,-3.7256956,1.9530958,-3.3781621,1.7137234,-3.4706922,1.7913384,-3.9286613,2.0147495,-3.6366627,1.8530021,-3.093252,1.6078048,-3.5964109,1.85468259
Oc1ccccc1,0.584861481,1.97900224424596,-4.8302217,2.9205177,-5.282793,3.1399148,-4.411631,2.5284586,-4.5923448,2.7086034,-4.827161,2.7754703,-4.8003244,2.732024,-5.022084,2.9468517,-4.3556623,2.5528693,-4.6082115,2.685926,-5.182259,3.0762491,-4.79126927,2.80668849
Oc1ccccc1,0.537285894,1.96459295823168,-4.830221,2.9205177,-5.282793,3.1399148,-4.4116316,2.5284586,-4.592344,2.708603,-4.82716,2.7754703,-4.800325,2.7320242,-5.0220847,2.946852,-4.3556623,2.5528696,-4.6082115,2.6859257,-5.182259,3.0762494,-4.79126921,2.80668853
Oc1ccccc1,0.447795764,1.9363784247672,-4.8302207,2.9205177,-5.282793,3.1399148,-4.4116316,2.5284588,-4.5923443,2.708603,-4.827161,2.7754703,-4.800324,2.7320242,-5.0220838,2.9468517,-4.355663,2.5528693,-4.608211,2.6859257,-5.182259,3.0762496,-4.79126914,2.80668851
Oc1ccccc1,0.371519082,1.90788209652617,-4.8302217,2.9205174,-5.282793,3.1399145,-4.411631,2.5284588,-4.5923443,2.708603,-4.82716,2.7754703,-4.8003244,2.732024,-5.0220838,2.9468517,-4.3556623,2.5528693,-4.608212,2.685926,-5.182259,3.0762496,-4.79126915,2.80668846
Oc1ccccc1,-0.348454601,1.63252275762481,-4.830221,2.9205177,-5.282793,3.1399143,-4.4116316,2.5284586,-4.5923448,2.7086036,-4.827161,2.7754703,-4.8003244,2.732024,-5.0220838,2.9468517,-4.355663,2.5528696,-4.6082115,2.685926,-5.182259,3.0762494,-4.79126931,2.80668852
OCC(F)F,0.763654644,2.29967661015715,-6.190235,3.29093,-5.914659,3.0744183,-6.2921157,3.2362514,-6.2506065,3.2903218,-6.3811297,3.24682,-4.982665,2.5821855,-6.7257843,3.4576528,-5.984025,3.2288144,-6.7674513,3.3708038,-6.2949553,3.2672417,-6.17836268,3.20454397
OCC(F)F,0.554447128,2.22381718664994,-6.190235,3.2909298,-5.9146585,3.074418,-6.292115,3.2362514,-6.2506065,3.2903218,-6.3811297,3.2468195,-4.982665,2.582185,-6.7257843,3.4576528,-5.984025,3.2288144,-6.7674513,3.3708038,-6.2949553,3.2672417,-6.17836256,3.20454382
OCC(F)F,0.35773042,2.13914055289753,-6.1902347,3.2909296,-5.9146585,3.0744185,-6.2921157,3.2362514,-6.250607,3.2903218,-6.3811297,3.24682,-4.982665,2.582185,-6.725785,3.4576526,-5.984025,3.2288144,-6.7674513,3.3708038,-6.2949557,3.2672415,-6.17836276,3.20454386
OCC(F)F,0.189375694,2.08618335941171,-6.190235,3.2909296,-5.914659,3.0744185,-6.292115,3.236251,-6.2506065,3.290322,-6.3811297,3.24682,-4.982665,2.5821855,-6.725785,3.4576523,-5.984025,3.2288144,-6.7674513,3.3708038,-6.2949557,3.2672417,-6.17836272,3.20454388
OCC(F)F,0.030969744,2.02356357135104,-6.190235,3.2909296,-5.9146585,3.0744185,-6.2921157,3.2362514,-6.2506075,3.2903218,-6.3811293,3.24682,-4.982665,2.582185,-6.7257843,3.4576528,-5.984025,3.2288144,-6.7674513,3.3708038,-6.2949553,3.2672417,-6.17836269,3.2045439
