smiles,Temp,Eta,lnEta,LnA,splits,Train_order,temp_input,lnA_input,target,,Temp_max,372.039
CCCCCCCCCC[C@H](CCCCCCCCCCC)CCCC,273.15,4.823827852,1.57356777305016,-3.240221879,0,179,1.36203185063152,-5.99419129856044,0.83172887626311,,target_mean,0.98701420146958
CCCCCCCCCC[C@H](CCCCCCCCCCC)CCCC,298.15,3.264102915,1.18298496693567,-3.240221879,0,7,1.24782492034211,-5.99419129856044,0.277885179528131,,target_stdev,0.705222084167516
CCCCCCCCCC[C@H](CCCCCCCCCCC)CCCC,310.928,2.493815464,0.913813852539549,-3.240221879,0,67,1.19654389440642,-5.99419129856044,-0.103797584581374,,,
CCCCCCCCCC[C@H](CCCCCCCCCCC)CCCC,333.15,1.915385138,0.649918718860494,-3.240221879,0,53,1.11673120216119,-5.99419129856044,-0.4779990448073,,,
CCCCCCCCCC[C@H](CCCCCCCCCCC)CCCC,372.039,1.378187498,0.320769228647468,-3.240221879,0,126,1,-5.99419129856044,-0.944730727780008,,,
CCCCCCCC[C@@H](CCCCCCCCCCCCC)CCCC,273.15,4.619584363,1.53030473632797,-3.105502907,1,157,1.36203185063152,-5.80316073524643,0.77038219173144,,,
CCCCCCCC[C@@H](CCCCCCCCCCCCC)CCCC,298.15,3.297368079,1.1931245984406,-3.105502907,1,133,1.24782492034211,-5.80316073524643,0.292263106329576,,,
CCCCCCCC[C@@H](CCCCCCCCCCCCC)CCCC,310.928,2.518617637,0.923710194265003,-3.105502907,1,22,1.19654389440642,-5.80316073524643,-0.0897646409915034,,,
CCCCCCCC[C@@H](CCCCCCCCCCCCC)CCCC,333.15,1.932790556,0.658964842570925,-3.105502907,1,153,1.11673120216119,-5.80316073524643,-0.465171704436771,,,
CCCCCCCC[C@@H](CCCCCCCCCCCCC)CCCC,372.039,1.385880754,0.32633586099136,-3.105502907,1,72,1,-5.80316073524643,-0.936837281915415,,,
CCCCCC[C@@H](CCCCCCCCCCCCCCC)CCCC,273.15,5.018351619,1.61310151703178,-3.269187812,2,69,1.36203185063152,-6.03526478966387,0.887787449681572,,,
CCCCCC[C@@H](CCCCCCCCCCCCCCC)CCCC,298.15,3.373334811,1.21590181323459,-3.269187812,2,10,1.24782492034211,-6.03526478966387,0.324561038151839,,,
CCCCCC[C@@H](CCCCCCCCCCCCCCC)CCCC,310.928,2.568180394,0.943197630245253,-3.269187812,2,80,1.19654389440642,-6.03526478966387,-0.0621315925976002,,,
CCCCCC[C@@H](CCCCCCCCCCCCCCC)CCCC,333.15,1.96556226,0.675778341796305,-3.269187812,2,121,1.11673120216119,-6.03526478966387,-0.441330279724117,,,
CCCCCC[C@@H](CCCCCCCCCCCCCCC)CCCC,372.039,1.408355457,0.342422681130067,-3.269187812,2,16,1,-6.03526478966387,-0.914026283082762,,,
CCCCCCCCCCC(CCCCCCCCCCC)CCCCCCCCCC,273.15,6.247949752,1.83225337025152,-3.381425562,3,142,1.36203185063152,-6.19441713687445,1.19854325007379,,,
CCCCCCCCCCC(CCCCCCCCCCC)CCCCCCCCCC,298.15,4.103285542,1.41178800450673,-3.381425562,3,161,1.24782492034211,-6.19441713687445,0.602326292062418,,,
CCCCCCCCCCC(CCCCCCCCCCC)CCCCCCCCCC,310.928,3.067622457,1.12090281758851,-3.381425562,3,14,1.19654389440642,-6.19441713687445,0.189853124462179,,,
CCCCCCCCCCC(CCCCCCCCCCC)CCCCCCCCCC,333.15,2.30786791,0.836324115638925,-3.381425562,3,35,1.11673120216119,-6.19441713687445,-0.21367749140831,,,
CCCCCCCCCCC(CCCCCCCCCCC)CCCCCCCCCC,372.039,1.606754433,0.474216264250982,-3.381425562,3,71,1,-6.19441713687445,-0.727143900809534,,,
CCCCCCCCCCC(CCCCCCCCCC)CCCCCCCCCC,273.15,5.642906423,1.7303992560035,-3.216403411,test,38,1.36203185063152,-5.96041687694952,1.05411482598628,,,
CCCCCCCCCCC(CCCCCCCCCC)CCCCCCCCCC,298.15,3.941738727,1.37162192723411,-3.216403411,test,25,1.24782492034211,-5.96041687694952,0.545371074444646,,,
CCCCCCCCCCC(CCCCCCCCCC)CCCCCCCCCC,310.928,2.948649615,1.0813473079216,-3.216403411,test,62,1.19654389440642,-5.96041687694952,0.13376368745369,,,
CCCCCCCCCCC(CCCCCCCCCC)CCCCCCCCCC,333.15,2.228667136,0.801403709919066,-3.216403411,test,52,1.11673120216119,-5.96041687694952,-0.263194383326238,,,
CCCCCCCCCCC(CCCCCCCCCC)CCCCCCCCCC,372.039,1.561433334,0.445604203265719,-3.216403411,test,152,1,-5.96041687694952,-0.767715603862536,,,
c1cccc(c1)C(CCCCCCCCCC)CCCCCCCCCC,273.15,6.032816634,1.79721400516281,-3.443157602,5,158,1.36203185063152,-6.28195273932637,1.14885767459996,,,
c1cccc(c1)C(CCCCCCCCCC)CCCCCCCCCC,298.15,4.139668742,1.42061577062627,-3.443157602,5,100,1.24782492034211,-6.28195273932637,0.614844002891001,,,
c1cccc(c1)C(CCCCCCCCCC)CCCCCCCCCC,310.928,3.030007285,1.10856502380882,-3.443157602,5,12,1.19654389440642,-6.28195273932637,0.172358218876146,,,
c1cccc(c1)C(CCCCCCCCCC)CCCCCCCCCC,333.15,2.24237378,0.807535027970968,-3.443157602,5,75,1.11673120216119,-6.28195273932637,-0.254500217063507,,,
c1cccc(c1)C(CCCCCCCCCC)CCCCCCCCCC,372.039,1.551671433,0.439332693807009,-3.443157602,5,58,1,-6.28195273932637,-0.776608560562997,,,
c1ccc(cc1)C(c1ccccc1)CCCCCCCCCCCCC,273.15,7.248646607,1.9808147765441,-3.725528668,6,127,1.36203185063152,-6.68235294280742,1.40920228873386,,,
c1ccc(cc1)C(c1ccccc1)CCCCCCCCCCCCC,298.15,4.8444627,1.57783634136029,-3.725528668,6,34,1.24782492034211,-6.68235294280742,0.837781676375256,,,
c1ccc(cc1)C(c1ccccc1)CCCCCCCCCCCCC,310.928,3.406099222,1.22556771334877,-3.725528668,6,114,1.19654389440642,-6.68235294280742,0.338267217143084,,,
c1ccc(cc1)C(c1ccccc1)CCCCCCCCCCCCC,333.15,2.452424196,0.897077003111191,-3.725528668,6,89,1.11673120216119,-6.68235294280742,-0.127530320416094,,,
c1ccc(cc1)C(c1ccccc1)CCCCCCCCCCCCC,372.039,1.659481215,0.506505032439224,-3.725528668,6,43,1,-6.68235294280742,-0.681358652569107,,,
[C@H]1(CCC[C@@H]1CCCCCCCCCCCCCCCC)C1CCCC1,273.15,5.729762525,1.74567408571424,-3.094908276,7,146,1.36203185063152,-5.78813762233228,1.07577442805159,,,
[C@H]1(CCC[C@@H]1CCCCCCCCCCCCCCCC)C1CCCC1,298.15,4.032762725,1.39445168078582,-3.094908276,7,177,1.24782492034211,-5.78813762233228,0.577743505859156,,,
[C@H]1(CCC[C@@H]1CCCCCCCCCCCCCCCC)C1CCCC1,310.928,3.037170247,1.1109262421151,-3.094908276,7,29,1.19654389440642,-5.78813762233228,0.175706409976921,,,
[C@H]1(CCC[C@@H]1CCCCCCCCCCCCCCCC)C1CCCC1,333.15,2.30786791,0.836324115638925,-3.094908276,7,28,1.11673120216119,-5.78813762233228,-0.21367749140831,,,
[C@H]1(CCC[C@@H]1CCCCCCCCCCCCCCCC)C1CCCC1,372.039,1.629952244,0.488550716229962,-3.094908276,7,6,1,-5.78813762233228,-0.706817747813488,,,
C1CCC(CC1)CCC(CCCCCCCC)CCC1CCCCC1,273.15,11.75747898,2.46448954704044,-4.688438283,test,46,1.36203185063152,-8.04775206546347,2.0950497421177,,,
C1CCC(CC1)CCC(CCCCCCCC)CCC1CCCCC1,298.15,6.438978678,1.86236993716681,-4.688438283,test,65,1.24782492034211,-8.04775206546347,1.24124833204926,,,
C1CCC(CC1)CCC(CCCCCCCC)CCC1CCCCC1,310.928,4.288385151,1.45591024039718,-4.688438283,test,159,1.19654389440642,-8.04775206546347,0.66489131502612,,,
C1CCC(CC1)CCC(CCCCCCCC)CCC1CCCCC1,333.15,2.90793394,1.0674428427695,-4.688438283,test,138,1.11673120216119,-8.04775206546347,0.114047252781182,,,
C1CCC(CC1)CCC(CCCCCCCC)CCC1CCCCC1,372.039,1.835753499,0.607455023380723,-4.688438283,test,57,1,-8.04775206546347,-0.538212269028571,,,
C(CCCCCCCCCCCCC)(CC(CC)CC)CC(CC)CC,273.15,5.565504173,1.71658757774872,-3.57376623,test,44,1.36203185063152,-6.4671548634972,1.03452996248745,,,
C(CCCCCCCCCCCCC)(CC(CC)CC)CC(CC)CC,298.15,3.567416294,1.27184160660374,-3.57376623,test,107,1.24782492034211,-6.4671548634972,0.403883275252774,,,
C(CCCCCCCCCCCCC)(CC(CC)CC)CC(CC)CC,310.928,2.651580768,0.975155978379463,-3.57376623,test,40,1.19654389440642,-6.4671548634972,-0.016814877690784,,,
C(CCCCCCCCCCCCC)(CC(CC)CC)CC(CC)CC,333.15,1.994106499,0.690196079842585,-3.57376623,test,134,1.11673120216119,-6.4671548634972,-0.420886027665137,,,
C(CCCCCCCCCCCCC)(CC(CC)CC)CC(CC)CC,372.039,1.405571687,0.340444114688447,-3.57376623,test,148,1,-6.4671548634972,-0.916831876506507,,,
CCCCCCCCC(CCCCCCCC)CCCCCCCC,273.15,4.431294255,1.48869169827241,-3.193482058,10,112,1.36203185063152,-5.92791455815578,0.711375193808681,,,
CCCCCCCCC(CCCCCCCC)CCCCCCCC,298.15,3.026930682,1.10754912987648,-3.193482058,10,76,1.24782492034211,-5.92791455815578,0.170917688360808,,,
CCCCCCCCC(CCCCCCCC)CCCCCCCC,310.928,2.333974619,0.847572659340798,-3.193482058,10,129,1.19654389440642,-5.92791455815578,-0.197727134840631,,,
CCCCCCCCC(CCCCCCCC)CCCCCCCC,333.15,1.805909977,0.59106460713004,-3.193482058,10,141,1.11673120216119,-5.92791455815578,-0.561453765031964,,,
CCCCCCCCC(CCCCCCCC)CCCCCCCC,372.039,1.30932658,0.269512943969668,-3.193482058,10,94,1,-5.92791455815578,-1.01741178220034,,,
CCCCCCCC=C(CCCCCCCC)CCCCCCCC,273.15,4.024276549,1.39234515533659,-3.033726391,11,164,1.36203185063152,-5.70138213583582,0.574756467454479,,,
CCCCCCCC=C(CCCCCCCC)CCCCCCCC,298.15,2.793651741,1.02734960775452,-3.033726391,11,103,1.24782492034211,-5.70138213583582,0.0571953249770256,,,
CCCCCCCC=C(CCCCCCCC)CCCCCCCC,310.928,2.188439409,0.783188691179186,-3.033726391,11,119,1.19654389440642,-5.70138213583582,-0.289023152941958,,,
CCCCCCCC=C(CCCCCCCC)CCCCCCCC,333.15,1.725138119,0.54530711626348,-3.033726391,11,154,1.11673120216119,-5.70138213583582,-0.626337568154173,,,
CCCCCCCC=C(CCCCCCCC)CCCCCCCC,372.039,1.268767686,0.238046103415237,-3.033726391,11,55,1,-5.70138213583582,-1.06203154278481,,,
CCCCCCCCCCC(CCCCCCCCCC)CCCCC,273.15,4.781078096,1.56466606416858,-3.248538914,12,106,1.36203185063152,-6.00598479622127,0.819106315113333,,,
CCCCCCCCCCC(CCCCCCCCCC)CCCCC,298.15,3.228503798,1.1720188094814,-3.248538914,12,162,1.24782492034211,-6.00598479622127,0.262335244691338,,,
CCCCCCCCCCC(CCCCCCCCCC)CCCCC,310.928,2.462252831,0.901076715828411,-3.248538914,12,50,1.19654389440642,-6.00598479622127,-0.121858755660799,,,
CCCCCCCCCCC(CCCCCCCCCC)CCCCC,333.15,1.897394135,0.640481436899869,-3.248538914,12,63,1.11673120216119,-6.00598479622127,-0.491381044850259,,,
CCCCCCCCCCC(CCCCCCCCCC)CCCCC,372.039,1.365818471,0.311753861395416,-3.248538914,12,143,1,-6.00598479622127,-0.957514455706927,,,
CCCCCCC(CCCCCCCCCCCCC)CCCCCC,273.15,4.631901224,1.53296741534556,-3.101343152,13,41,1.36203185063152,-5.79726223164963,0.774157852019707,,,
CCCCCCC(CCCCCCCCCCCCC)CCCCCC,298.15,3.309273645,1.19672872270973,-3.101343152,13,5,1.24782492034211,-5.79726223164963,0.297373729422716,,,
CCCCCCC(CCCCCCCCCCCCC)CCCCCC,310.928,2.526165383,0.926702494073285,-3.101343152,13,132,1.19654389440642,-5.79726223164963,-0.0855215807194833,,,
CCCCCCC(CCCCCCCCCCCCC)CCCCCC,333.15,1.934630206,0.659916200207947,-3.101343152,13,137,1.11673120216119,-5.79726223164963,-0.463822685938371,,,
CCCCCCC(CCCCCCCCCCCCC)CCCCCC,372.039,1.391543793,0.330413773281611,-3.101343152,13,116,1,-5.79726223164963,-0.931054830710608,,,
CCCCCCCCCCC(CCCCCCCCCC)C(CC)CC,273.15,4.920979467,1.59350758934923,-3.307212861,14,70,1.36203185063152,-6.08918404411389,0.860003396796041,,,
CCCCCCCCCCC(CCCCCCCCCC)C(CC)CC,298.15,3.290934134,1.19117145578341,-3.307212861,14,36,1.24782492034211,-6.08918404411389,0.289493563654952,,,
CCCCCCCCCCC(CCCCCCCCCC)C(CC)CC,310.928,2.502644412,0.917347937635155,-3.307212861,14,122,1.19654389440642,-6.08918404411389,-0.0987862765481349,,,
CCCCCCCCCCC(CCCCCCCCCC)C(CC)CC,333.15,1.916129993,0.650307523280634,-3.307212861,14,165,1.11673120216119,-6.08918404411389,-0.477447722849482,,,
CCCCCCCCCCC(CCCCCCCCCC)C(CC)CC,372.039,1.37446331,0.318063334923856,-3.307212861,14,180,1,-6.08918404411389,-0.948567666220197,,,
c1ccccc1CC(CCCCCCCCCC)CCCCCCCCCC,273.15,5.848961304,1.76626409060724,-3.471161494,test,27,1.36203185063152,-6.32166206299717,1.10497091147894,,,
c1ccccc1CC(CCCCCCCCCC)CCCCCCCCCC,298.15,3.796393133,1.33405144045368,-3.471161494,test,24,1.24782492034211,-6.32166206299717,0.492096386053715,,,
c1ccccc1CC(CCCCCCCCCC)CCCCCCCCCC,310.928,2.826438171,1.03901732213719,-3.471161494,test,47,1.19654389440642,-6.32166206299717,0.073740062648483,,,
c1ccccc1CC(CCCCCCCCCC)CCCCCCCCCC,333.15,2.127525543,0.754959587503778,-3.471161494,test,150,1.11673120216119,-6.32166206299717,-0.32905182519877,,,
c1ccccc1CC(CCCCCCCCCC)CCCCCCCCCC,372.039,1.497770941,0.40397796352328,-3.471161494,test,42,1,-6.32166206299717,-0.826741321685279,,,
CCCCC(CCCCCCCCC(CCCC)CCCC)CCCC,273.15,5.278086849,1.66356369285291,-3.482183955,16,13,1.36203185063152,-6.33729183586937,0.959342463278034,,,
CCCCC(CCCCCCCCC(CCCC)CCCC)CCCC,298.15,3.650656121,1.29490691061774,-3.482183955,16,31,1.24782492034211,-6.33729183586937,0.436589715581031,,,
CCCCC(CCCCCCCCC(CCCC)CCCC)CCCC,310.928,2.679916448,0.985785617917377,-3.482183955,16,174,1.19654389440642,-6.33729183586937,-0.00174212291388034,,,
CCCCC(CCCCCCCCC(CCCC)CCCC)CCCC,333.15,1.997637241,0.691965102681096,-3.482183955,16,125,1.11673120216119,-6.33729183586937,-0.418377565610096,,,
CCCCC(CCCCCCCCC(CCCC)CCCC)CCCC,372.039,1.391543793,0.330413773281611,-3.482183955,16,167,1,-6.33729183586937,-0.931054830710608,,,
C1CCCC(C1)C(CCCCCCCCCC)CCCCCCCCCC,273.15,7.035701026,1.95099733393157,-3.749183116,test,139,1.36203185063152,-6.71589478520154,1.36692136293481,,,
C1CCCC(C1)C(CCCCCCCCCC)CCCCCCCCCC,298.15,4.389183628,1.47914324806285,-3.749183116,test,124,1.24782492034211,-6.71589478520154,0.697835557963564,,,
C1CCCC(C1)C(CCCCCCCCCC)CCCCCCCCCC,310.928,3.18855295,1.15956719319011,-3.749183116,test,171,1.19654389440642,-6.71589478520154,0.244678939577197,,,
C1CCCC(C1)C(CCCCCCCCCC)CCCCCCCCCC,333.15,2.338288879,0.84941941358657,-3.749183116,test,120,1.11673120216119,-6.71589478520154,-0.195108450191877,,,
C1CCCC(C1)C(CCCCCCCCCC)CCCCCCCCCC,372.039,1.597352115,0.468347330214477,-3.749183116,test,149,1,-6.71589478520154,-0.735466008367232,,,
C1[C@H]2[C@@H]([C@@H](CC1)C(CCCCCCCCCC)CCCCCCCCCC)CCCC2,273.15,13.54555907,2.6060587496945,-4.675642157,18,155,1.36203185063152,-8.02960724798359,2.29579388475352,,,
C1[C@H]2[C@@H]([C@@H](CC1)C(CCCCCCCCCC)CCCCCCCCCC)CCCC2,298.15,7.436988848,2.00646604219066,-4.675642157,18,2,1.24782492034211,-8.02960724798359,1.44557560463311,,,
C1[C@H]2[C@@H]([C@@H](CC1)C(CCCCCCCCCC)CCCCCCCCCC)CCCC2,310.928,4.913888927,1.59206567046542,-4.675642157,18,79,1.19654389440642,-8.02960724798359,0.857958765868884,,,
C1[C@H]2[C@@H]([C@@H](CC1)C(CCCCCCCCCC)CCCCCCCCCC)CCCC2,333.15,3.290934134,1.19117145578341,-4.675642157,18,168,1.11673120216119,-8.02960724798359,0.289493563654952,,,
C1[C@H]2[C@@H]([C@@H](CC1)C(CCCCCCCCCC)CCCCCCCCCC)CCCC2,372.039,2.046238733,0.716003343518226,-4.675642157,18,123,1,-8.02960724798359,-0.384291507647935,,,
CCCCCCCCC(CCCCCCCCCCC)CCCCCCCC,273.15,4.954985967,1.60039433568914,-3.143899753,19,11,1.36203185063152,-5.85760719525104,0.869768755105891,,,
CCCCCCCCC(CCCCCCCCCCC)CCCCCCCC,298.15,3.511332962,1.25599572664028,-3.143899753,19,87,1.24782492034211,-5.85760719525104,0.381413927909281,,,
CCCCCCCCC(CCCCCCCCCCC)CCCCCCCC,310.928,2.664222873,0.979912410214789,-3.143899753,19,97,1.19654389440642,-5.85760719525104,-0.010070290500295,,,
CCCCCCCCC(CCCCCCCCCCC)CCCCCCCC,333.15,2.027326201,0.706717782494719,-3.143899753,19,45,1.11673120216119,-5.85760719525104,-0.397458368459545,,,
CCCCCCCCC(CCCCCCCCCCC)CCCCCCCC,372.039,1.446599829,0.369215857224824,-3.143899753,19,86,1,-5.85760719525104,-0.876033746126995,,,
C1(CCCC1)C(CCCCCCCCCC)CCCCCCCCCC,273.15,5.642333167,1.73029766205932,-3.44657173,20,93,1.36203185063152,-6.28679394903413,1.05397076648153,,,
C1(CCCC1)C(CCCCCCCCCC)CCCCCCCCCC,298.15,3.691363429,1.30599588276065,-3.44657173,20,92,1.24782492034211,-6.28679394903413,0.452313800790312,,,
C1(CCCC1)C(CCCCCCCCCC)CCCCCCCCCC,310.928,2.748753018,1.01114736083985,-3.44657173,20,101,1.19654389440642,-6.28679394903413,0.0342206517805733,,,
C1(CCCC1)C(CCCCCCCCCC)CCCCCCCCCC,333.15,2.080053802,0.732393759724852,-3.44657173,20,74,1.11673120216119,-6.28679394903413,-0.361050011707015,,,
C1(CCCC1)C(CCCCCCCCCC)CCCCCCCCCC,372.039,1.467874397,0.383815365905102,-3.44657173,20,1,1,-6.28679394903413,-0.855331744575935,,,
C1CCC(CC1)CC(CCCCCCCCCCCCC)CC1CCCCC1,273.15,11.63387567,2.45392115865134,-4.492897675,val,64,1.36203185063152,-7.77047684622409,2.08006384104289,,,
C1CCC(CC1)CC(CCCCCCCCCCCCC)CC1CCCCC1,298.15,7.129632071,1.96425963014943,-4.492897675,val,56,1.24782492034211,-7.77047684622409,1.38572720653444,,,
C1CCC(CC1)CC(CCCCCCCCCCCCC)CC1CCCCC1,310.928,4.637396336,1.53415307426053,-4.492897675,val,156,1.19654389440642,-7.77047684622409,0.775839108097168,,,
C1CCC(CC1)CC(CCCCCCCCCCCCC)CC1CCCCC1,333.15,3.105638893,1.13321945686012,-4.492897675,val,30,1.11673120216119,-7.77047684622409,0.207318033103181,,,
C1CCC(CC1)CC(CCCCCCCCCCCCC)CC1CCCCC1,372.039,1.934630206,0.659916200207947,-4.492897675,val,77,1,-7.77047684622409,-0.463822685938371,,,
CCCCCCCCCCC(CCCCCCCCCC)CC(C)(C)C,273.15,5.39355183,1.68520413450257,-3.497413876,22,49,1.36203185063152,-6.35888775769586,0.990028458704856,,,
CCCCCCCCCCC(CCCCCCCCCC)CC(C)(C)C,298.15,3.518934318,1.25815819320362,-3.497413876,22,84,1.24782492034211,-6.35888775769586,0.38448029042385,,,
CCCCCCCCCCC(CCCCCCCCCC)CC(C)(C)C,310.928,2.626922353,0.965812952976893,-3.497413876,22,105,1.19654389440642,-6.35888775769586,-0.030063222591382,,,
CCCCCCCCCCC(CCCCCCCCCC)CC(C)(C)C,333.15,1.987020478,0.686636269505502,-3.497413876,22,18,1.11673120216119,-6.35888775769586,-0.425933813911488,,,
CCCCCCCCCCC(CCCCCCCCCC)CC(C)(C)C,372.039,1.399982496,0.336459733685909,-3.497413876,22,108,1,-6.35888775769586,-0.922481700997243,,,
C1CCCC(C1)C(CCCCCCCCCCCC)CCCCCCCCCCCC,273.15,8.316693218,2.11826472606941,-3.818030103,23,32,1.36203185063152,-6.81351933290876,1.60410535914403,,,
C1CCCC(C1)C(CCCCCCCCCCCC)CCCCCCCCCCCC,298.15,5.132455842,1.63558426626946,-3.818030103,23,23,1.24782492034211,-6.81351933290876,0.919667831397379,,,
C1CCCC(C1)C(CCCCCCCCCCCC)CCCCCCCCCCCC,310.928,3.661088513,1.2977605111198,-3.818030103,23,135,1.19654389440642,-6.81351933290876,0.44063610120356,,,
C1CCCC(C1)C(CCCCCCCCCCCC)CCCCCCCCCCCC,333.15,2.648774298,0.974097003941968,-3.818030103,23,172,1.11673120216119,-6.81351933290876,-0.0183164960621727,,,
C1CCCC(C1)C(CCCCCCCCCCCC)CCCCCCCCCCCC,372.039,1.777464383,0.575187844801112,-3.818030103,23,175,1,-6.81351933290876,-0.583966903354439,,,
C1CCCC(C1)[C@H](CC)CCCCCCCCCCCCCCCCC,273.15,5.915783039,1.77762387057904,-3.223111313,24,20,1.36203185063152,-5.96992863523191,1.12107900030206,,,
C1CCCC(C1)[C@H](CC)CCCCCCCCCCCCCCCCC,298.15,4.131467569,1.4186326874369,-3.223111313,24,0,1.24782492034211,-5.96992863523191,0.612032004750425,,,
C1CCCC(C1)[C@H](CC)CCCCCCCCCCCCCCCCC,310.928,3.062574461,1.11925588937119,-3.223111313,24,19,1.19654389440642,-5.96992863523191,0.18751779172899,,,
C1CCCC(C1)[C@H](CC)CCCCCCCCCCCCCCCCC,333.15,2.303479265,0.834420703833894,-3.223111313,24,140,1.11673120216119,-5.96992863523191,-0.216376516081194,,,
C1CCCC(C1)[C@H](CC)CCCCCCCCCCCCCCCCC,372.039,1.61840748,0.481442628709457,-3.223111313,24,3,1,-5.96992863523191,-0.716896966374681,,,
C1CCCCC1[C@@H](CCCCCCCC)CCCCCCCCCCC,273.15,6.72620859,1.90601162532605,-3.729582234,25,176,1.36203185063152,-6.68810087114234,1.30313194167949,,,
C1CCCCC1[C@@H](CCCCCCCC)CCCCCCCCCCC,298.15,4.239787739,1.44451320643414,-3.729582234,25,95,1.24782492034211,-6.68810087114234,0.648730400303075,,,
C1CCCCC1[C@@H](CCCCCCCC)CCCCCCCCCCC,310.928,3.079693717,1.12483014950828,-3.729582234,25,,,,,,,
C1CCCCC1[C@@H](CCCCCCCC)CCCCCCCCCCC,333.15,2.2664753,0.818225893479248,-3.729582234,25,,,,,,,
C1CCCCC1[C@@H](CCCCCCCC)CCCCCCCCCCC,372.039,1.554119399,0.44090908232726,-3.729582234,25,,,,,,,
c1cccc(c1)[C@H](CCCCCCCCCCCCC)CCCCCC,273.15,5.836129245,1.76406777657707,-3.428135887,test,,,,,,,
c1cccc(c1)[C@H](CCCCCCCCCCCCC)CCCCCC,298.15,4.020024707,1.39128804863194,-3.428135887,test,,,,,,,
c1cccc(c1)[C@H](CCCCCCCCCCCCC)CCCCCC,310.928,2.946524932,1.0806264868246,-3.428135887,test,,,,,,,
c1cccc(c1)[C@H](CCCCCCCCCCCCC)CCCCCC,333.15,2.191568051,0.784617292641935,-3.428135887,test,,,,,,,
c1cccc(c1)[C@H](CCCCCCCCCCCCC)CCCCCC,372.039,1.519378381,0.418301291342871,-3.428135887,test,,,,,,,
c1cccc(c1)[C@H](CCCCCCCCCCC)CCCCCCCC,273.15,5.737839909,1.74708281703054,-3.421129343,27,,,,,,,
c1cccc(c1)[C@H](CCCCCCCCCCC)CCCCCCCC,298.15,3.954081537,1.37474834593186,-3.421129343,27,,,,,,,
c1cccc(c1)[C@H](CCCCCCCCCCC)CCCCCCCC,310.928,2.90793394,1.0674428427695,-3.421129343,27,,,,,,,
c1cccc(c1)[C@H](CCCCCCCCCCC)CCCCCCCC,333.15,2.167959592,0.773786445027319,-3.421129343,27,,,,,,,
c1cccc(c1)[C@H](CCCCCCCCCCC)CCCCCCCC,372.039,1.501613476,0.40654018067717,-3.421129343,27,,,,,,,
c1cccc(c1)CCC(CCCCCCCC)CCCCCCCC,273.15,4.837225682,1.57634135018471,-3.302749883,28,,,,,,,
c1cccc(c1)CCC(CCCCCCCC)CCCCCCCC,298.15,3.226615971,1.17143390103001,-3.302749883,28,,,,,,,
c1cccc(c1)CCC(CCCCCCCC)CCCCCCCC,310.928,2.453773617,0.897627091422123,-3.302749883,28,,,,,,,
c1cccc(c1)CCC(CCCCCCCC)CCCCCCCC,333.15,1.89172617,0.637489729711251,-3.302749883,28,,,,,,,
c1cccc(c1)CCC(CCCCCCCC)CCCCCCCC,372.039,1.357101763,0.305351369198,-3.302749883,28,,,,,,,
C1CCCC(C1)CCC(CCCCCCCC)CCCCCCCC,273.15,6.330683066,1.84540813965499,-3.682258203,29,,,,,,,
C1CCCC(C1)CCC(CCCCCCCC)CCCCCCCC,298.15,4.031349978,1.3941013019986,-3.682258203,29,,,,,,,
C1CCCC(C1)CCC(CCCCCCCC)CCCCCCCC,310.928,2.947587523,1.08098704696648,-3.682258203,29,,,,,,,
C1CCCC(C1)CCC(CCCCCCCC)CCCCCCCC,333.15,2.1805922,0.77959649128659,-3.682258203,29,,,,,,,
C1CCCC(C1)CCC(CCCCCCCC)CCCCCCCC,372.039,1.504168066,0.408239965295166,-3.682258203,29,,,,,,,
c1ccc(cc1)CCC(CCc1ccccc1)CCc1ccccc1,273.15,14.36550636,2.66482994137492,-5.451479099,30,,,,,,,
c1ccc(cc1)CCC(CCc1ccccc1)CCc1ccccc1,298.15,6.492437014,1.87063796316,-5.451479099,30,,,,,,,
c1ccc(cc1)CCC(CCc1ccccc1)CCc1ccccc1,310.928,4.081808624,1.40654018038808,-5.451479099,30,,,,,,,
c1ccc(cc1)CCC(CCc1ccccc1)CCc1ccccc1,333.15,2.732400461,1.00518051259169,-5.451479099,30,,,,,,,
c1ccc(cc1)CCC(CCc1ccccc1)CCc1ccccc1,372.039,1.750509039,0.559906625066775,-5.451479099,30,,,,,,,
C1CCCC(C1)[C@H](CCCCCCCCCCCCCCCCCC)C,273.15,6.086729944,1.80611098250163,-3.174523188,31,,,,,,,
C1CCCC(C1)[C@H](CCCCCCCCCCCCCCCCCC)C,298.15,4.242433184,1.44513696879775,-3.174523188,31,,,,,,,
C1CCCC(C1)[C@H](CCCCCCCCCCCCCCCCCC)C,310.928,3.168330839,1.15320490000212,-3.174523188,31,,,,,,,
C1CCCC(C1)[C@H](CCCCCCCCCCCCCCCCCC)C,333.15,2.385077741,0.869231719616201,-3.174523188,31,,,,,,,
C1CCCC(C1)[C@H](CCCCCCCCCCCCCCCCCC)C,372.039,1.670658066,0.513217600307768,-3.174523188,31,,,,,,,
C1CCCCC1[C@@H](CCC)CCCCCCCCCCCCCCCC,273.15,6.301272115,1.84075153602965,-3.433245215,32,,,,,,,
C1CCCCC1[C@@H](CCC)CCCCCCCCCCCCCCCC,298.15,4.316943932,1.46254772876604,-3.433245215,32,,,,,,,
C1CCCCC1[C@@H](CCC)CCCCCCCCCCCCCCCC,310.928,3.146963864,1.14643813533442,-3.433245215,32,,,,,,,
C1CCCCC1[C@@H](CCC)CCCCCCCCCCCCCCCC,333.15,2.328206061,0.845098040127301,-3.433245215,32,,,,,,,
C1CCCCC1[C@@H](CCC)CCCCCCCCCCCCCCCC,372.039,1.606754433,0.474216264250982,-3.433245215,32,,,,,,,
C1(CCCC1)CCCC(CCCCCCCC)CCCCCCCC,273.15,5.266359569,1.66133933998119,-3.368301697,test,,,,,,,
C1(CCCC1)CCCC(CCCCCCCC)CCCCCCCC,298.15,3.504558161,1.25406445291127,-3.368301697,test,,,,,,,
C1(CCCC1)CCCC(CCCCCCCC)CCCCCCCC,310.928,2.646330736,0.973174052590571,-3.368301697,test,,,,,,,
C1(CCCC1)CCCC(CCCCCCCC)CCCCCCCC,333.15,2.008181011,0.697229342686992,-3.368301697,test,,,,,,,
C1(CCCC1)CCCC(CCCCCCCC)CCCCCCCC,372.039,1.422168071,0.352182517786353,-3.368301697,test,,,,,,,
C1(CCCC1)CCCC(CCCC1CCCC1)CCCCCCCC,273.15,6.672980827,1.8980666606969,-3.639547909,34,,,,,,,
C1(CCCC1)CCCC(CCCC1CCCC1)CCCCCCCC,298.15,4.240449301,1.44466923084672,-3.639547909,34,,,,,,,
C1(CCCC1)CCCC(CCCC1CCCC1)CCCCCCCC,310.928,3.101665717,1.13193929524658,-3.639547909,34,,,,,,,
C1(CCCC1)CCCC(CCCC1CCCC1)CCCCCCCC,333.15,2.294669143,0.830588668849689,-3.639547909,34,,,,,,,
C1(CCCC1)CCCC(CCCC1CCCC1)CCCCCCCC,372.039,1.580722304,0.457881897006005,-3.639547909,34,,,,,,,
C(CCCC1CCCC1)(CCCC1CCCC1)CCCC1CCCC1,273.15,9.456900718,2.24674470972301,-4.136341882,35,,,,,,,
C(CCCC1CCCC1)(CCCC1CCCC1)CCCC1CCCC1,298.15,5.534756674,1.71104760385733,-4.136341882,35,,,,,,,
C(CCCC1CCCC1)(CCCC1CCCC1)CCCC1CCCC1,310.928,3.862867379,1.35140975200499,-4.136341882,35,,,,,,,
C(CCCC1CCCC1)(CCCC1CCCC1)CCCC1CCCC1,333.15,2.733572728,1.00560944518153,-4.136341882,35,,,,,,,
C(CCCC1CCCC1)(CCCC1CCCC1)CCCC1CCCC1,372.039,1.799863745,0.587710964814717,-4.136341882,35,,,,,,,
C1CCC(CC1)CCC(=CCC1CCCCC1)CCC1CCCCC1,273.15,28.21485982,3.33984878312948,-6.216764718,36,,,,,,,
C1CCC(CC1)CCC(=CCC1CCCCC1)CCC1CCCCC1,298.15,12.35444825,2.51401618041019,-6.216764718,36,,,,,,,
C1CCC(CC1)CCC(=CCC1CCCCC1)CCC1CCCCC1,310.928,7.134672682,1.96496637489403,-6.216764718,36,,,,,,,
C1CCC(CC1)CCC(=CCC1CCCCC1)CCC1CCCCC1,333.15,4.277284476,1.45331834000927,-6.216764718,36,,,,,,,
C1CCC(CC1)CCC(=CCC1CCCCC1)CCC1CCCCC1,372.039,2.366789536,0.861534410651257,-6.216764718,36,,,,,,,
c1(ccc(cc1)C(c1ccc(cc1)C)CCCCCCCCCCC)C,273.15,10.31551174,2.33364875653838,-4.5553731,test,,,,,,,
c1(ccc(cc1)C(c1ccc(cc1)C)CCCCCCCCCCC)C,298.15,5.736159055,1.74678983216671,-4.5553731,test,,,,,,,
c1(ccc(cc1)C(c1ccc(cc1)C)CCCCCCCCCCC)C,310.928,3.845637784,1.34693946280418,-4.5553731,test,,,,,,,
c1(ccc(cc1)C(c1ccc(cc1)C)CCCCCCCCCCC)C,333.15,2.661555103,0.978910577154849,-4.5553731,test,,,,,,,
c1(ccc(cc1)C(c1ccc(cc1)C)CCCCCCCCCCC)C,372.039,1.728336044,0.54715912138245,-4.5553731,test,,,,,,,
c1ccc(cc1)CCC(=CCc1ccccc1)CCc1ccccc1,273.15,10.49426874,2.350829273856,-4.711857115,38,,,,,,,
c1ccc(cc1)CCC(=CCc1ccccc1)CCc1ccccc1,298.15,5.349800002,1.67705917740542,-4.711857115,38,,,,,,,
c1ccc(cc1)CCC(=CCc1ccccc1)CCc1ccccc1,310.928,3.574036352,1.27369558792222,-4.711857115,38,,,,,,,
c1ccc(cc1)CCC(=CCc1ccccc1)CCc1ccccc1,333.15,2.514832692,0.922206277283214,-4.711857115,38,,,,,,,
c1ccc(cc1)CCC(=CCc1ccccc1)CCc1ccccc1,372.039,1.677317679,0.517195897816844,-4.711857115,38,,,,,,,
C1CCC(CC1)CCC(CCCC1CCCC1)CCC1CCCCC1,273.15,22.12177546,3.0965624383517,-5.785644572,test,,,,,,,
C1CCC(CC1)CCC(CCCC1CCCC1)CCC1CCCCC1,298.15,10.26966511,2.32919441484015,-5.785644572,test,,,,,,,
C1CCC(CC1)CCC(CCCC1CCCC1)CCC1CCCCC1,310.928,6.158071327,1.81776363225433,-5.785644572,test,,,,,,,
C1CCC(CC1)CCC(CCCC1CCCC1)CCC1CCCCC1,333.15,3.842631054,1.34615730229012,-5.785644572,test,,,,,,,
C1CCC(CC1)CCC(CCCC1CCCC1)CCC1CCCCC1,372.039,2.207744047,0.791971200952767,-5.785644572,test,,,,,,,
c1(ccccc1)CCC(CCCC1CCCC1)CCCC1CCCC1,273.15,8.493058795,2.13924921753383,-4.045255385,40,,,,,,,
c1(ccccc1)CCC(CCCC1CCCC1)CCCC1CCCC1,298.15,4.984740596,1.6063813651491,-4.045255385,40,,,,,,,
c1(ccccc1)CCC(CCCC1CCCC1)CCCC1CCCC1,310.928,3.509640859,1.25551371286957,-4.045255385,40,,,,,,,
c1(ccccc1)CCC(CCCC1CCCC1)CCCC1CCCC1,333.15,2.525645792,0.926496789234433,-4.045255385,40,,,,,,,
c1(ccccc1)CCC(CCCC1CCCC1)CCCC1CCCC1,372.039,1.703184248,0.532499586080904,-4.045255385,40,,,,,,,
C1(CCCCC1)CCC(CCCC1CCCC1)CCCC1CCCC1,273.15,13.57320931,2.60809794625343,-4.816575445,41,,,,,,,
C1(CCCCC1)CCC(CCCC1CCCC1)CCCC1CCCC1,298.15,7.212382277,1.97579930962129,-4.816575445,41,,,,,,,
C1(CCCCC1)CCC(CCCC1CCCC1)CCCC1CCCC1,310.928,4.72405819,1.55266821621014,-4.816575445,41,,,,,,,
C1(CCCCC1)CCC(CCCC1CCCC1)CCCC1CCCC1,333.15,3.178944271,1.15654915141955,-4.816575445,41,,,,,,,
C1(CCCCC1)CCC(CCCC1CCCC1)CCCC1CCCC1,372.039,1.972390276,0.679246145321206,-4.816575445,41,,,,,,,
c1ccc(cc1)CC[C@H](CCC1CCCCC1)CCCC1CCCC1,273.15,12.43460775,2.52048353272889,-4.792486696,42,,,,,,,
c1ccc(cc1)CC[C@H](CCC1CCCCC1)CCCC1CCCC1,298.15,6.538182647,1.87765924413084,-4.792486696,42,,,,,,,
c1ccc(cc1)CC[C@H](CCC1CCCCC1)CCCC1CCCC1,310.928,4.300747659,1.4587888817712,-4.792486696,42,,,,,,,
c1ccc(cc1)CC[C@H](CCC1CCCCC1)CCCC1CCCC1,333.15,2.933734707,1.07627625538723,-4.792486696,42,,,,,,,
c1ccc(cc1)CC[C@H](CCC1CCCCC1)CCCC1CCCC1,372.039,1.861695934,0.621487864767976,-4.792486696,42,,,,,,,
C1[C@H]2[C@@H]([C@@H](CC1)CCCCCCCCCC[C@@H]1CCC[C@@H]3[C@@H]1CCCC3)CCCC2,273.15,28.56638941,3.35223083128759,-5.534743274,43,,,,,,,
C1[C@H]2[C@@H]([C@@H](CC1)CCCCCCCCCC[C@@H]1CCC[C@@H]3[C@@H]1CCCC3)CCCC2,298.15,15.37704851,2.73287604124016,-5.534743274,43,,,,,,,
C1[C@H]2[C@@H]([C@@H](CC1)CCCCCCCCCC[C@@H]1CCC[C@@H]3[C@@H]1CCCC3)CCCC2,310.928,8.755433106,2.16967443407449,-5.534743274,43,,,,,,,
C1[C@H]2[C@@H]([C@@H](CC1)CCCCCCCCCC[C@@H]1CCC[C@@H]3[C@@H]1CCCC3)CCCC2,333.15,5.246858053,1.65762943135598,-5.534743274,43,,,,,,,
C1[C@H]2[C@@H]([C@@H](CC1)CCCCCCCCCC[C@@H]1CCC[C@@H]3[C@@H]1CCCC3)CCCC2,372.039,2.889476442,1.06107532377482,-5.534743274,43,,,,,,,
CCCCCCCCCCCCC(CCCCCCCCCCCC)CCCCCCCCCCC,273.15,6.96827448,1.9413676302784,-3.324842367,44,,,,,,,
CCCCCCCCCCCCC(CCCCCCCCCCCC)CCCCCCCCCCC,298.15,4.754959549,1.55918818891595,-3.324842367,44,,,,,,,
CCCCCCCCCCCCC(CCCCCCCCCCCC)CCCCCCCCCCC,310.928,3.501164354,1.25309558574355,-3.324842367,44,,,,,,,
CCCCCCCCCCCCC(CCCCCCCCCCCC)CCCCCCCCCCC,333.15,2.581483041,0.948364055879614,-3.324842367,44,,,,,,,
CCCCCCCCCCCCC(CCCCCCCCCCCC)CCCCCCCCCCC,372.039,1.777464383,0.575187844801112,-3.324842367,44,,,,,,,
CCCCCCCCCCCCC(CCCCCCCCCCCCC)CCCCCCCCCCCC,273.15,7.490814138,2.01367748828429,-3.325136744,45,,,,,,,
CCCCCCCCCCCCC(CCCCCCCCCCCCC)CCCCCCCCCCCC,298.15,5.091490741,1.62757066410687,-3.325136744,45,,,,,,,
CCCCCCCCCCCCC(CCCCCCCCCCCCC)CCCCCCCCCCCC,310.928,3.726802153,1.31555053430138,-3.325136744,45,,,,,,,
CCCCCCCCCCCCC(CCCCCCCCCCCCC)CCCCCCCCCCCC,333.15,2.731227538,1.00475115575472,-3.325136744,45,,,,,,,
CCCCCCCCCCCCC(CCCCCCCCCCCCC)CCCCCCCCCCCC,372.039,1.877458566,0.629919035704247,-3.325136744,45,,,,,,,
[C@H]1(CC[C@@H](CC1)[C@@H](CCCCCCCCCCC)[C@H]1CCC[C@H](C1)C)C,273.15,16.86375041,2.82516637208339,-5.553260059,46,,,,,,,
[C@H]1(CC[C@@H](CC1)[C@@H](CCCCCCCCCCC)[C@H]1CCC[C@H](C1)C)C,298.15,8.155101854,2.09864372575586,-5.553260059,46,,,,,,,
[C@H]1(CC[C@@H](CC1)[C@@H](CCCCCCCCCCC)[C@H]1CCC[C@H](C1)C)C,310.928,5.026841186,1.61479179200929,-5.553260059,46,,,,,,,
[C@H]1(CC[C@@H](CC1)[C@@H](CCCCCCCCCCC)[C@H]1CCC[C@H](C1)C)C,333.15,3.219050233,1.16908635735179,-5.553260059,46,,,,,,,
[C@H]1(CC[C@@H](CC1)[C@@H](CCCCCCCCCCC)[C@H]1CCC[C@H](C1)C)C,372.039,1.920591225,0.652633068326574,-5.553260059,46,,,,,,,
C1[C@H]2[C@@H]([C@H]3[C@@H]([C@@H]1CCCCCCCCCCCC)CCCC3)CCCC2,273.15,12.52799384,2.52796564754973,-4.516462164,47,,,,,,,
C1[C@H]2[C@@H]([C@H]3[C@@H]([C@@H]1CCCCCCCCCCCC)CCCC3)CCCC2,298.15,7.640199806,2.03342375545426,-4.516462164,47,,,,,,,
C1[C@H]2[C@@H]([C@H]3[C@@H]([C@@H]1CCCCCCCCCCCC)CCCC3)CCCC2,310.928,4.916617634,1.59262082132223,-4.516462164,47,,,,,,,
C1[C@H]2[C@@H]([C@H]3[C@@H]([C@@H]1CCCCCCCCCCCC)CCCC3)CCCC2,333.15,3.283560933,1.18892848380882,-4.516462164,47,,,,,,,
C1[C@H]2[C@@H]([C@H]3[C@@H]([C@@H]1CCCCCCCCCCCC)CCCC3)CCCC2,372.039,2.032334494,0.709185129357948,-4.516462164,47,,,,,,,
C1[C@H]2[C@@H]([C@H]3[C@@H](C1)C[C@H](CC3)CCCCCCCCCCCC)CCCC2,273.15,10.38083264,2.33996109032024,-3.916954594,val,,,,,,,
C1[C@H]2[C@@H]([C@H]3[C@@H](C1)C[C@H](CC3)CCCCCCCCCCCC)CCCC2,298.15,6.624006496,1.89070039775881,-3.916954594,val,,,,,,,
C1[C@H]2[C@@H]([C@H]3[C@@H](C1)C[C@H](CC3)CCCCCCCCCCCC)CCCC2,310.928,4.559422168,1.51719589795309,-3.916954594,val,,,,,,,
C1[C@H]2[C@@H]([C@H]3[C@@H](C1)C[C@H](CC3)CCCCCCCCCCCC)CCCC2,333.15,3.18471401,1.15836249221386,-3.916954594,val,,,,,,,
C1[C@H]2[C@@H]([C@H]3[C@@H](C1)C[C@H](CC3)CCCCCCCCCCCC)CCCC2,372.039,2.051868281,0.718750734702413,-3.916954594,val,,,,,,,
[C@H]1(CC[C@@H](CC1)[C@@H](CCCCCCC)CCCCCCCCCCC)C,273.15,7.250666699,1.98109342312142,-3.914175922,49,,,,,,,
[C@H]1(CC[C@@H](CC1)[C@@H](CCCCCCC)CCCCCCCCCCC)C,298.15,4.452465782,1.49345805103143,-3.914175922,49,,,,,,,
[C@H]1(CC[C@@H](CC1)[C@@H](CCCCCCC)CCCCCCCCCCC)C,310.928,3.18855295,1.15956719319011,-3.914175922,49,,,,,,,
[C@H]1(CC[C@@H](CC1)[C@@H](CCCCCCC)CCCCCCCCCCC)C,333.15,2.316321942,0.839980557822085,-3.914175922,49,,,,,,,
[C@H]1(CC[C@@H](CC1)[C@@H](CCCCCCC)CCCCCCCCCCC)C,372.039,1.566042504,0.448551738962732,-3.914175922,49,,,,,,,
CCCCCCCCC(CCCCCCCC)CCCCCC,273.15,3.949730988,1.37364747229003,-3.132924303,50,,,,,,,
CCCCCCCCC(CCCCCCCC)CCCCCC,298.15,2.7464247,1.01029995671251,-3.132924303,50,,,,,,,
CCCCCCCCC(CCCCCCCC)CCCCCC,310.928,2.134333931,0.758154621893505,-3.132924303,50,,,,,,,
CCCCCCCCC(CCCCCCCC)CCCCCC,333.15,1.670212861,0.512951079982761,-3.132924303,50,,,,,,,
CCCCCCCCC(CCCCCCCC)CCCCCC,372.039,1.221103768,0.199755177594442,-3.132924303,50,,,,,,,
c1cc(c(cc1C)/C(=C/CCCCCCCCC)/CCCCCCCCCC)C,273.15,7.725602091,2.04453976032912,-3.91699203,test,,,,,,,
c1cc(c(cc1C)/C(=C/CCCCCCCCC)/CCCCCCCCCC)C,298.15,4.688250967,1.5450595847582,-3.91699203,test,,,,,,,
c1cc(c(cc1C)/C(=C/CCCCCCCCC)/CCCCCCCCCC)C,310.928,3.354552974,1.21031851981741,-3.91699203,test,,,,,,,
c1cc(c(cc1C)/C(=C/CCCCCCCCC)/CCCCCCCCCC)C,333.15,2.437244112,0.890867938686804,-3.91699203,test,,,,,,,
c1cc(c(cc1C)/C(=C/CCCCCCCCC)/CCCCCCCCCC)C,372.039,1.637285337,0.493039588025578,-3.91699203,test,,,,,,,
c1ccc(cc1)CCCC(CCCc1ccccc1)CCCc1ccccc1,273.15,11.54902354,2.44660089140259,-4.589751879,52,,,,,,,
c1ccc(cc1)CCCC(CCCc1ccccc1)CCCc1ccccc1,298.15,7.113133636,1.96194288314695,-4.589751879,52,,,,,,,
c1ccc(cc1)CCCC(CCCc1ccccc1)CCCc1ccccc1,310.928,4.502994574,1.50474263634425,-4.589751879,52,,,,,,,
c1ccc(cc1)CCCC(CCCc1ccccc1)CCCc1ccccc1,333.15,3.010452879,1.10209052558263,-4.589751879,52,,,,,,,
c1ccc(cc1)CCCC(CCCc1ccccc1)CCCc1ccccc1,372.039,1.887365703,0.635182048881233,-4.589751879,52,,,,,,,
c1c2c(c(cc1)C(CCCCCCCCCC)CCCCCCCCCC)CCCC2,273.15,13.3795711,2.59372899887987,-4.623288054,53,,,,,,,
c1c2c(c(cc1)C(CCCCCCCCCC)CCCCCCCCCC)CCCC2,298.15,7.411474968,2.00302947051212,-4.623288054,53,,,,,,,
c1c2c(c(cc1)C(CCCCCCCCCC)CCCCCCCCCC)CCCC2,310.928,4.931862077,1.59571661998812,-4.623288054,53,,,,,,,
c1c2c(c(cc1)C(CCCCCCCCCC)CCCCCCCCCC)CCCC2,333.15,3.328388713,1.20248831691953,-4.623288054,53,,,,,,,
c1c2c(c(cc1)C(CCCCCCCCCC)CCCCCCCCCC)CCCC2,372.039,2.047946786,0.716837723441249,-4.623288054,53,,,,,,,
C1[C@H]2[C@@H](CCC1)[C@@H](CCC2)CCCCCCCCCCCCCCC,273.15,6.997775235,1.94559227496727,-3.440707461,val,,,,,,,
C1[C@H]2[C@@H](CCC1)[C@@H](CCC2)CCCCCCCCCCCCCCC,298.15,4.748686063,1.55786796146486,-3.440707461,val,,,,,,,
C1[C@H]2[C@@H](CCC1)[C@@H](CCC2)CCCCCCCCCCCCCCC,310.928,3.444535628,1.23678909944369,-3.440707461,val,,,,,,,
C1[C@H]2[C@@H](CCC1)[C@@H](CCC2)CCCCCCCCCCCCCCC,333.15,2.537948685,0.931356150411673,-3.440707461,val,,,,,,,
C1[C@H]2[C@@H](CCC1)[C@@H](CCC2)CCCCCCCCCCCCCCC,372.039,1.730676299,0.548512256396157,-3.440707461,val,,,,,,,
[C@@H]12[C@H]3[C@@H]([C@@H](C[C@@H]1CCC2)C(CCCCCCCC)CCCCCCCC)CCC3,273.15,15.99924818,2.77254173238578,-5.020864308,55,,,,,,,
[C@@H]12[C@H]3[C@@H]([C@@H](C[C@@H]1CCC2)C(CCCCCCCC)CCCCCCCC)CCC3,298.15,8.341403229,2.12123145509543,-5.020864308,55,,,,,,,
[C@@H]12[C@H]3[C@@H]([C@@H](C[C@@H]1CCC2)C(CCCCCCCC)CCCCCCCC)CCC3,310.928,5.36199995,1.67933703048889,-5.020864308,55,,,,,,,
[C@@H]12[C@H]3[C@@H]([C@@H](C[C@@H]1CCC2)C(CCCCCCCC)CCCCCCCC)CCC3,333.15,3.522305843,1.25911584418003,-5.020864308,55,,,,,,,
[C@@H]12[C@H]3[C@@H]([C@@H](C[C@@H]1CCC2)C(CCCCCCCC)CCCCCCCC)CCC3,372.039,2.11037916,0.746867628026925,-5.020864308,55,,,,,,,
[C@H]1([C@H]2[C@@H](CC1)CCC2)CC(CCCCCCCC)CCCCCCCC,273.15,7.680004722,2.03862016200314,-3.967588025,56,,,,,,,
[C@H]1([C@H]2[C@@H](CC1)CCC2)CC(CCCCCCCC)CCCCCCCC,298.15,4.664959202,1.54007908870908,-3.967588025,56,,,,,,,
[C@H]1([C@H]2[C@@H](CC1)CCC2)CC(CCCCCCCC)CCCCCCCC,310.928,3.326574392,1.20194306339481,-3.967588025,56,,,,,,,
[C@H]1([C@H]2[C@@H](CC1)CCC2)CC(CCCCCCCC)CCCCCCCC,333.15,2.405401422,0.877716801064072,-3.967588025,56,,,,,,,
[C@H]1([C@H]2[C@@H](CC1)CCC2)CC(CCCCCCCC)CCCCCCCC,372.039,1.609794799,0.476106716836149,-3.967588025,56,,,,,,,
c1c2c(cc3c1CCCC3)c(c1c(c2)cccc1)CCCCCCCC,273.15,122.7366239,4.81004079047217,-9.063930565,57,,,,,,,
c1c2c(cc3c1CCCC3)c(c1c(c2)cccc1)CCCCCCCC,298.15,49.09522414,3.89376176204519,-9.063930565,57,,,,,,,
c1c2c(cc3c1CCCC3)c(c1c(c2)cccc1)CCCCCCCC,310.928,18.59381911,2.92282921957933,-9.063930565,57,,,,,,,
c1c2c(cc3c1CCCC3)c(c1c(c2)cccc1)CCCCCCCC,333.15,8.382376006,2.12613140724169,-9.063930565,57,,,,,,,
c1c2c(cc3c1CCCC3)c(c1c(c2)cccc1)CCCCCCCC,372.039,3.532395283,1.26197619125888,-9.063930565,57,,,,,,,
[C@@H]12[C@@H]3[C@H]([C@@H]([C@@H](C1)CC(CCCCCCCC)CCCCCCCC)C2)CCC3,273.15,11.06332064,2.40363518972958,-4.418208052,58,,,,,,,
[C@@H]12[C@@H]3[C@H]([C@@H]([C@@H](C1)CC(CCCCCCCC)CCCCCCCC)C2)CCC3,298.15,6.292857076,1.83941519270258,-4.418208052,58,,,,,,,
[C@@H]12[C@@H]3[C@H]([C@@H]([C@@H](C1)CC(CCCCCCCC)CCCCCCCC)C2)CCC3,310.928,4.281859882,1.45438746707254,-4.418208052,58,,,,,,,
[C@@H]12[C@@H]3[C@H]([C@@H]([C@@H](C1)CC(CCCCCCCC)CCCCCCCC)C2)CCC3,333.15,2.959243244,1.08493357483836,-4.418208052,58,,,,,,,
[C@@H]12[C@@H]3[C@H]([C@@H]([C@@H](C1)CC(CCCCCCCC)CCCCCCCC)C2)CCC3,372.039,1.876693655,0.629511534374755,-4.418208052,58,,,,,,,
[C@H](CCCC[C@@H](CC[C@H](CC(C)(C)C)C)CC[C@H](CC(C)(C)C)C)(CC[C@H](CC(C)(C)C)C)CC[C@@H](CC(C)(C)C)C,273.15,29.97504713,3.4003652732226,-6.170689499,val,,,,,,,
[C@H](CCCC[C@@H](CC[C@H](CC(C)(C)C)C)CC[C@H](CC(C)(C)C)C)(CC[C@H](CC(C)(C)C)C)CC[C@@H](CC(C)(C)C)C,298.15,13.03928739,2.56796690699912,-6.170689499,val,,,,,,,
[C@H](CCCC[C@@H](CC[C@H](CC(C)(C)C)C)CC[C@H](CC(C)(C)C)C)(CC[C@H](CC(C)(C)C)C)CC[C@@H](CC(C)(C)C)C,310.928,7.519132179,2.01745072957373,-6.170689499,val,,,,,,,
[C@H](CCCC[C@@H](CC[C@H](CC(C)(C)C)C)CC[C@H](CC(C)(C)C)C)(CC[C@H](CC(C)(C)C)C)CC[C@@H](CC(C)(C)C)C,333.15,4.529198581,1.51054501015734,-6.170689499,val,,,,,,,
[C@H](CCCC[C@@H](CC[C@H](CC(C)(C)C)C)CC[C@H](CC(C)(C)C)C)(CC[C@H](CC(C)(C)C)C)CC[C@@H](CC(C)(C)C)C,372.039,2.502118449,0.917137752650754,-6.170689499,val,,,,,,,
C(=C\C[C@@H](CC(C)(C)C)C)(\CC[C@@H](CC(C)(C)C)C)/CC[C@H](CC(C)(C)C)C,273.15,8.032554684,2.08350261982784,-4.277457036,test,,,,,,,
C(=C\C[C@@H](CC(C)(C)C)C)(\CC[C@@H](CC(C)(C)C)C)/CC[C@H](CC(C)(C)C)C,298.15,4.579826041,1.52166101509034,-4.277457036,test,,,,,,,
C(=C\C[C@@H](CC(C)(C)C)C)(\CC[C@@H](CC(C)(C)C)C)/CC[C@H](CC(C)(C)C)C,310.928,3.194300098,1.16136800217315,-4.277457036,test,,,,,,,
C(=C\C[C@@H](CC(C)(C)C)C)(\CC[C@@H](CC(C)(C)C)C)/CC[C@H](CC(C)(C)C)C,333.15,2.292459717,0.829625353347426,-4.277457036,test,,,,,,,
C(=C\C[C@@H](CC(C)(C)C)C)(\CC[C@@H](CC(C)(C)C)C)/CC[C@H](CC(C)(C)C)C,372.039,1.537372908,0.430075055818474,-4.277457036,test,,,,,,,
C(CC[C@H](CC(C)(C)C)C)(CC[C@H](CC(C)(C)C)C)CC[C@H](CC(C)(C)C)C,273.15,10.35696138,2.33765889072077,-4.818803812,test,,,,,,,
C(CC[C@H](CC(C)(C)C)C)(CC[C@H](CC(C)(C)C)C)CC[C@H](CC(C)(C)C)C,298.15,5.457373558,1.69696764068983,-4.818803812,test,,,,,,,
C(CC[C@H](CC(C)(C)C)C)(CC[C@H](CC(C)(C)C)C)CC[C@H](CC(C)(C)C)C,310.928,3.631293615,1.28958895256144,-4.818803812,test,,,,,,,
C(CC[C@H](CC(C)(C)C)C)(CC[C@H](CC(C)(C)C)C)CC[C@H](CC(C)(C)C)C,333.15,2.50303879,0.91750550973267,-4.818803812,test,,,,,,,
C(CC[C@H](CC(C)(C)C)C)(CC[C@H](CC(C)(C)C)C)CC[C@H](CC(C)(C)C)C,372.039,1.61469042,0.47914324789719,-4.818803812,test,,,,,,,
CCCCCCCCC(CCCCCCCCCCCCCCC)CCCCCCCC,273.15,6.106204205,1.8093053370879,-3.248912049,62,,,,,,,
CCCCCCCCC(CCCCCCCCCCCCCCC)CCCCCCCC,298.15,4.222539677,1.44043676622169,-3.248912049,62,,,,,,,
CCCCCCCCC(CCCCCCCCCCCCCCC)CCCCCCCC,310.928,3.150862813,1.14767632422024,-3.248912049,62,,,,,,,
CCCCCCCCC(CCCCCCCCCCCCCCC)CCCCCCCC,333.15,2.363676355,0.860218184503057,-3.248912049,62,,,,,,,
CCCCCCCCC(CCCCCCCCCCCCCCC)CCCCCCCC,372.039,1.640024245,0.494711025263417,-3.248912049,62,,,,,,,
[C@H]1([C@@H](CC[C@@H]1C1CCCC1)C1CCCC1)CCCCCCCCCCCC,273.15,10.73056259,2.37309598676859,-4.393665749,63,,,,,,,
[C@H]1([C@@H](CC[C@@H]1C1CCCC1)C1CCCC1)CCCCCCCCCCCC,298.15,6.032303762,1.79712898785946,-4.393665749,63,,,,,,,
[C@H]1([C@@H](CC[C@@H]1C1CCCC1)C1CCCC1)CCCCCCCCCCCC,310.928,4.106046106,1.41246054746697,-4.393665749,63,,,,,,,
[C@H]1([C@@H](CC[C@@H]1C1CCCC1)C1CCCC1)CCCCCCCCCCCC,333.15,2.885111126,1.05956341776244,-4.393665749,63,,,,,,,
[C@H]1([C@@H](CC[C@@H]1C1CCCC1)C1CCCC1)CCCCCCCCCCCC,372.039,1.843018355,0.611404637943573,-4.393665749,63,,,,,,,
CCCCCCCCCCCCCCCC(C1CCCC1)C1CCCC1,273.15,6.458272251,1.8653618286169,-3.401263946,64,,,,,,,
CCCCCCCCCCCCCCCC(C1CCCC1)C1CCCC1,298.15,4.423790414,1.48699688832385,-3.401263946,64,,,,,,,
CCCCCCCCCCCCCCCC(C1CCCC1)C1CCCC1,310.928,3.228503798,1.1720188094814,-3.401263946,64,,,,,,,
CCCCCCCCCCCCCCCC(C1CCCC1)C1CCCC1,333.15,2.393039088,0.872564143101232,-3.401263946,64,,,,,,,
CCCCCCCCCCCCCCCC(C1CCCC1)C1CCCC1,372.039,1.648658399,0.499961865659139,-3.401263946,64,,,,,,,
c1cc(cc(c1)CCCCCCCCCC)CCCCCCCCCC,273.15,5.112804474,1.63174807441223,-3.108373337,65,,,,,,,
c1cc(cc(c1)CCCCCCCCCC)CCCCCCCCCC,298.15,3.487546071,1.24919835738281,-3.108373337,65,,,,,,,
c1cc(cc(c1)CCCCCCCCCC)CCCCCCCCCC,310.928,2.67425646,0.983671382831736,-3.108373337,65,,,,,,,
c1cc(cc(c1)CCCCCCCCCC)CCCCCCCCCC,333.15,2.066108033,0.725666660230616,-3.108373337,65,,,,,,,
c1cc(cc(c1)CCCCCCCCCC)CCCCCCCCCC,372.039,1.487719754,0.3972445813076,-3.108373337,65,,,,,,,
CCCCCCCC[C@](CCCCCCCCC)(CC)CCCCCCC,273.15,6.563708936,1.88155582977059,-3.73624378,test,,,,,,,
CCCCCCCC[C@](CCCCCCCCC)(CC)CCCCCCC,298.15,4.16279126,1.42618582523098,-3.73624378,test,,,,,,,
CCCCCCCC[C@](CCCCCCCCC)(CC)CCCCCCC,310.928,3.311100323,1.19728055801547,-3.73624378,test,,,,,,,
CCCCCCCC[C@](CCCCCCCCC)(CC)CCCCCCC,333.15,2.231264574,0.802568498289186,-3.73624378,test,,,,,,,
CCCCCCCC[C@](CCCCCCCCC)(CC)CCCCCCC,372.039,1.521642869,0.419790586045137,-3.73624378,test,,,,,,,
CCCCCCCCC[C@](CCCCCCCCCC)(CCCCCCC)CCCCCCCC,273.15,9.186610773,2.21774707324258,-3.893504055,67,,,,,,,
CCCCCCCCC[C@](CCCCCCCCCC)(CCCCCCC)CCCCCCCC,298.15,5.642789123,1.73037846862721,-3.893504055,67,,,,,,,
CCCCCCCCC[C@](CCCCCCCCCC)(CCCCCCC)CCCCCCCC,310.928,4.011503402,1.38916608427304,-3.893504055,67,,,,,,,
CCCCCCCCC[C@](CCCCCCCCCC)(CCCCCCC)CCCCCCCC,333.15,2.871963268,1.0549958614106,-3.893504055,67,,,,,,,
CCCCCCCCC[C@](CCCCCCCCCC)(CCCCCCC)CCCCCCCC,372.039,1.869022099,0.625415352373561,-3.893504055,67,,,,,,,
[C@H]12[C@H]3[C@H]4[C@H](CC1)CCC[C@@H]4[C@H](C[C@@H]3CCC2)CCCCCCCCCC,273.15,18.73395468,2.93033763565302,-5.406710495,test,,,,,,,
[C@H]12[C@H]3[C@H]4[C@H](CC1)CCC[C@@H]4[C@H](C[C@@H]3CCC2)CCCCCCCCCC,298.15,8.990569414,2.19617618507617,-5.406710495,test,,,,,,,
[C@H]12[C@H]3[C@H]4[C@H](CC1)CCC[C@@H]4[C@H](C[C@@H]3CCC2)CCCCCCCCCC,310.928,5.594649056,1.72181061522111,-5.406710495,test,,,,,,,
[C@H]12[C@H]3[C@H]4[C@H](CC1)CCC[C@@H]4[C@H](C[C@@H]3CCC2)CCCCCCCCCC,333.15,3.583112937,1.27623195806051,-5.406710495,test,,,,,,,
[C@H]12[C@H]3[C@H]4[C@H](CC1)CCC[C@@H]4[C@H](C[C@@H]3CCC2)CCCCCCCCCC,372.039,2.155869153,0.768193961501902,-5.406710495,test,,,,,,,
CC(CCC[C@@H](CCC[C@@H](CCCC[C@H](CCC[C@H](CCCC(C)C)C)C)C)C)C,273.15,7.92512321,2.07003786664565,-3.952476818,69,,,,,,,
CC(CCC[C@@H](CCC[C@@H](CCCC[C@H](CCC[C@H](CCCC(C)C)C)C)C)C)C,298.15,4.761791079,1.56062387456969,-3.952476818,69,,,,,,,
CC(CCC[C@@H](CCC[C@@H](CCCC[C@H](CCC[C@H](CCCC(C)C)C)C)C)C)C,310.928,3.394634328,1.22219604622583,-3.952476818,69,,,,,,,
CC(CCC[C@@H](CCC[C@@H](CCCC[C@H](CCC[C@H](CCCC(C)C)C)C)C)C)C,333.15,2.445256063,0.894149846686465,-3.952476818,69,,,,,,,
CC(CCC[C@@H](CCC[C@@H](CCCC[C@H](CCC[C@H](CCCC(C)C)C)C)C)C)C,372.039,1.658133393,0.505692507638481,-3.952476818,69,,,,,,,
C1CCC2(C[C@@H]1CCCCCCCCCCCCCCCC)CCCC2,273.15,6.24542442,1.83184910283751,-3.143617948,70,,,,,,,
C1CCC2(C[C@@H]1CCCCCCCCCCCCCCCC)CCCC2,298.15,4.345899438,1.46923274258816,-3.143617948,70,,,,,,,
C1CCC2(C[C@@H]1CCCCCCCCCCCCCCCC)CCCC2,310.928,3.255717342,1.1804126329469,-3.143617948,70,,,,,,,
C1CCC2(C[C@@H]1CCCCCCCCCCCCCCCC)CCCC2,333.15,2.456873621,0.898889655911714,-3.143617948,70,,,,,,,
C1CCC2(C[C@@H]1CCCCCCCCCCCCCCCC)CCCC2,372.039,1.713561124,0.538573733712636,-3.143617948,70,,,,,,,
C1[C@H]2[C@@H](CCC1)C[C@@H]1[C@@H]2C[C@@H]2CC[C@@H](C[C@H]12)CCCCCCCCCC,273.15,15.66385924,2.75135609953736,-4.797208808,71,,,,,,,
C1[C@H]2[C@@H](CCC1)C[C@@H]1[C@@H]2C[C@@H]2CC[C@@H](C[C@H]12)CCCCCCCCCC,298.15,8.219676506,2.10653085379246,-4.797208808,71,,,,,,,
C1[C@H]2[C@@H](CCC1)C[C@@H]1[C@@H]2C[C@@H]2CC[C@@H](C[C@H]12)CCCCCCCCCC,310.928,5.386291988,1.68385720532249,-4.797208808,71,,,,,,,
C1[C@H]2[C@@H](CCC1)C[C@@H]1[C@@H]2C[C@@H]2CC[C@@H](C[C@H]12)CCCCCCCCCC,333.15,3.571555703,1.27300127201933,-4.797208808,71,,,,,,,
C1[C@H]2[C@@H](CCC1)C[C@@H]1[C@@H]2C[C@@H]2CC[C@@H](C[C@H]12)CCCCCCCCCC,372.039,2.205265487,0.790847903918612,-4.797208808,71,,,,,,,
CCCCCCC(CCCCCC)CCCCCC,273.15,2.991773794,1.09586645364451,-2.934757669,72,,,,,,,
CCCCCCC(CCCCCC)CCCCCC,298.15,2.154271721,0.767452717946371,-2.934757669,72,,,,,,,
CCCCCCC(CCCCCC)CCCCCC,310.928,1.726204952,0.545925329528306,-2.934757669,72,,,,,,,
CCCCCCC(CCCCCC)CCCCCC,333.15,1.387299337,0.327358934197703,-2.934757669,72,,,,,,,
CCCCCCC(CCCCCC)CCCCCC,372.039,1.045546547,0.0445397601771918,-2.934757669,72,,,,,,,
c1ccc(cc1)C(=CCCCCC)c1ccccc1,273.15,6.34126872,1.84707886199375,-4.243519594,val,,,,,,,
c1ccc(cc1)C(=CCCCCC)c1ccccc1,298.15,3.589695324,1.27806733093212,-4.243519594,val,,,,,,,
c1ccc(cc1)C(=CCCCCC)c1ccccc1,310.928,2.541946542,0.932930142648413,-4.243519594,val,,,,,,,
c1ccc(cc1)C(=CCCCCC)c1ccccc1,333.15,1.868252685,0.625003601001056,-4.243519594,val,,,,,,,
c1ccc(cc1)C(=CCCCCC)c1ccccc1,372.039,1.303193542,0.264817822799252,-4.243519594,val,,,,,,,
c1ccc(cc1)C(CCCCCC)CCCCCC,273.15,3.875538241,1.3546845540627,-3.36500912,74,,,,,,,
c1ccc(cc1)C(CCCCCC)CCCCCC,298.15,2.61603117,0.961658348661582,-3.36500912,74,,,,,,,
c1ccc(cc1)C(CCCCCC)CCCCCC,310.928,2.005727254,0.696006715190965,-3.36500912,74,,,,,,,
c1ccc(cc1)C(CCCCCC)CCCCCC,333.15,1.556806373,0.442636526094873,-3.36500912,74,,,,,,,
c1ccc(cc1)C(CCCCCC)CCCCCC,372.039,1.134799648,0.126456113765694,-3.36500912,74,,,,,,,
c1ccc(cc1)C(c1ccccc1)CCCCCC,273.15,4.88653698,1.58648386855692,-3.580213965,75,,,,,,,
c1ccc(cc1)C(c1ccccc1)CCCCCC,298.15,3.399049865,1.22349594109769,-3.580213965,75,,,,,,,
c1ccc(cc1)C(c1ccccc1)CCCCCC,310.928,2.461312574,0.900694774314858,-3.580213965,75,,,,,,,
c1ccc(cc1)C(c1ccccc1)CCCCCC,333.15,1.83042839,0.604550032354038,-3.580213965,75,,,,,,,
c1ccc(cc1)C(c1ccccc1)CCCCCC,372.039,1.287068967,0.252367514590823,-3.580213965,75,,,,,,,
C1CCC(CC1)C(CCCCCC)CCCCCC,273.15,4.406216656,1.48301642011718,-3.514757702,76,,,,,,,
C1CCC(CC1)C(CCCCCC)CCCCCC,298.15,2.899267124,1.06445798919233,-3.514757702,76,,,,,,,
C1CCC(CC1)C(CCCCCC)CCCCCC,310.928,2.186559424,0.782329269182757,-3.514757702,76,,,,,,,
C1CCC(CC1)C(CCCCCC)CCCCCC,333.15,1.673770181,0.515078675306792,-3.514757702,76,,,,,,,
C1CCC(CC1)C(CCCCCC)CCCCCC,372.039,1.200454102,0.182699903545129,-3.514757702,76,,,,,,,
C1CCC(CC1)C(CCCCCC)C1CCCCC1,273.15,8.173350796,2.10087895893922,-4.47344937,77,,,,,,,
C1CCC(CC1)C(CCCCCC)C1CCCCC1,298.15,5.187779068,1.64630568035081,-4.47344937,77,,,,,,,
C1CCC(CC1)C(CCCCCC)C1CCCCC1,310.928,3.398167355,1.22323627306697,-4.47344937,77,,,,,,,
C1CCC(CC1)C(CCCCCC)C1CCCCC1,333.15,2.326471859,0.844352896377272,-4.47344937,77,,,,,,,
C1CCC(CC1)C(CCCCCC)C1CCCCC1,372.039,1.503912861,0.408070285684274,-4.47344937,77,,,,,,,
c1ccc(cc1)/C(=C/CCCCC)/CCCCCC,273.15,3.436719159,1.23451728344392,-3.112519519,val,,,,,,,
c1ccc(cc1)/C(=C/CCCCC)/CCCCCC,298.15,2.388992897,0.870871895128704,-3.112519519,val,,,,,,,
c1ccc(cc1)/C(=C/CCCCC)/CCCCCC,310.928,1.8697911,0.625826713396385,-3.112519519,val,,,,,,,
c1ccc(cc1)/C(=C/CCCCC)/CCCCCC,333.15,1.485128238,0.395501124081792,-3.112519519,val,,,,,,,
c1ccc(cc1)/C(=C/CCCCC)/CCCCCC,372.039,1.107863854,0.102433705324022,-3.112519519,val,,,,,,,
C1CCC(CC1)C(CCCCCCCC)CCCCCCCC,273.15,5.599257068,1.72263392251156,-3.628931947,79,,,,,,,
C1CCC(CC1)C(CCCCCCCC)CCCCCCCC,298.15,3.599539528,1.28080592839214,-3.628931947,79,,,,,,,
C1CCC(CC1)C(CCCCCCCC)CCCCCCCC,310.928,2.662525604,0.979275147515127,-3.628931947,79,,,,,,,
C1CCC(CC1)C(CCCCCCCC)CCCCCCCC,333.15,1.991276032,0.688775655351897,-3.628931947,79,,,,,,,
C1CCC(CC1)C(CCCCCCCC)CCCCCCCC,372.039,1.392108447,0.330819466205196,-3.628931947,79,,,,,,,
CCCC(CCCCCCCCCCCCC)CCC,273.15,2.989263764,1.09502712430641,-2.77159003,80,,,,,,,
CCCC(CCCCCCCCCCCCC)CCC,298.15,2.262281662,0.816373888951806,-2.77159003,80,,,,,,,
CCCC(CCCCCCCCCCCCC)CCC,310.928,1.797842446,0.586587304846189,-2.77159003,80,,,,,,,
CCCC(CCCCCCCCCCCCC)CCC,333.15,1.443373347,0.366982976056699,-2.77159003,80,,,,,,,
CCCC(CCCCCCCCCCCCC)CCC,372.039,1.096385073,0.0920184707970836,-2.77159003,80,,,,,,,
CCCCC(CCCCCCCCCCC)CCCC,273.15,3.23415867,1.17376882303114,-2.970246543,test,,,,,,,
CCCCC(CCCCCCCCCCC)CCCC,298.15,2.30377218,0.834547857736341,-2.970246543,test,,,,,,,
CCCCC(CCCCCCCCCCC)CCCC,310.928,1.827461258,0.602927712964281,-2.970246543,test,,,,,,,
CCCCC(CCCCCCCCCCC)CCCC,333.15,1.460474197,0.378761175452344,-2.970246543,test,,,,,,,
CCCCC(CCCCCCCCCCC)CCCC,372.039,1.099077431,0.0944711288085579,-2.970246543,test,,,,,,,
CCCCCCC(CCCCCC)C,273.15,1.74673397,0.557747741365234,-2.301865457,test,,,,,,,
CCCCCCC(CCCCCC)C,298.15,1.403897973,0.339252634159695,-2.301865457,test,,,,,,,
CCCCCCC(CCCCCC)C,310.928,1.198397899,0.180985580608387,-2.301865457,test,,,,,,,
CCCCCCC(CCCCCC)C,333.15,1.027727041,0.0273496074560838,-2.301865457,test,,,,,,,
CCCCCCC(CCCCCC)C,372.039,0.826539457,-0.190507622993661,-2.301865457,test,,,,,,,
C1CCC(CC1)[C@@H](C)CCCCCC,273.15,2.29157517,0.829239428269287,-2.504577603,test,,,,,,,
C1CCC(CC1)[C@@H](C)CCCCCC,298.15,1.760316513,0.565493629813156,-2.504577603,test,,,,,,,
C1CCC(CC1)[C@@H](C)CCCCCC,310.928,1.464444647,0.381476090053762,-2.504577603,test,,,,,,,
C1CCC(CC1)[C@@H](C)CCCCCC,333.15,1.223444425,0.201670179902037,-2.504577603,test,,,,,,,
C1CCC(CC1)[C@@H](C)CCCCCC,372.039,0.959227249,-0.0416272676239599,-2.504577603,test,,,,,,,
c1ccc(cc1)[C@@H](C1CCCCC1)C,273.15,3.332013497,1.20357677501668,-3.061896328,84,,,,,,,
c1ccc(cc1)[C@@H](C1CCCCC1)C,298.15,2.309328379,0.836956737237529,-3.061896328,84,,,,,,,
c1ccc(cc1)[C@@H](C1CCCCC1)C,310.928,1.811529433,0.594171479081889,-3.061896328,84,,,,,,,
c1ccc(cc1)[C@@H](C1CCCCC1)C,333.15,1.451422051,0.372543800663672,-3.061896328,84,,,,,,,
c1ccc(cc1)[C@@H](C1CCCCC1)C,372.039,1.097924616,0.093421684992721,-3.061896328,84,,,,,,,
C1CCC(CC1)C(C)C1CCCCC1,273.15,3.619123444,1.286231853975,-3.00029344,test,,,,,,,
C1CCC(CC1)C(C)C1CCCCC1,298.15,2.532260182,0.929112256506689,-3.00029344,test,,,,,,,
C1CCC(CC1)C(C)C1CCCCC1,310.928,1.993399373,0.689841409013194,-3.00029344,test,,,,,,,
C1CCC(CC1)C(C)C1CCCCC1,333.15,1.586925597,0.461798557647508,-3.00029344,test,,,,,,,
C1CCC(CC1)C(C)C1CCCCC1,372.039,1.184222401,0.16908635750477,-3.00029344,test,,,,,,,
C1CCC(CC1)CCC1CCCCC1,273.15,3.282744783,1.18867989653936,-2.805758398,86,,,,,,,
C1CCC(CC1)CCC1CCCCC1,298.15,2.460640676,0.900421753434713,-2.805758398,86,,,,,,,
C1CCC(CC1)CCC1CCCCC1,310.928,1.943794471,0.664641975654749,-2.805758398,86,,,,,,,
C1CCC(CC1)CCC1CCCCC1,333.15,1.545529402,0.435366506673067,-2.805758398,86,,,,,,,
C1CCC(CC1)CCC1CCCCC1,372.039,1.165207982,0.152899596405803,-2.805758398,86,,,,,,,
c1ccc(cc1)CCC1CCCCC1,273.15,2.612304738,0.960232873062243,-2.572929452,87,,,,,,,
c1ccc(cc1)CCC1CCCCC1,298.15,1.959969066,0.672928690464817,-2.572929452,87,,,,,,,
c1ccc(cc1)CCC1CCCCC1,310.928,1.596171749,0.467608105393233,-2.572929452,87,,,,,,,
c1ccc(cc1)CCC1CCCCC1,333.15,1.318456592,0.276461804009111,-2.572929452,87,,,,,,,
c1ccc(cc1)CCC1CCCCC1,372.039,1.04390561,0.0429690734956521,-2.572929452,87,,,,,,,
c1ccc(cc1)CCCC1CCCC1,273.15,2.214849797,0.79518458945963,-2.262294934,val,,,,,,,
c1ccc(cc1)CCCC1CCCC1,298.15,1.74547325,0.557025722323781,-2.262294934,val,,,,,,,
c1ccc(cc1)CCCC1CCCC1,310.928,1.459413033,0.378034322691856,-2.262294934,val,,,,,,,
c1ccc(cc1)CCCC1CCCC1,333.15,1.249791141,0.222976450153588,-2.262294934,val,,,,,,,
c1ccc(cc1)CCCC1CCCC1,372.039,0.996125003,-0.00388252425255467,-2.262294934,val,,,,,,,
C1CCC(CC1)CCCC1CCCC1,273.15,2.671601735,0.982678193292699,-2.484023877,89,,,,,,,
C1CCC(CC1)CCCC1CCCC1,298.15,2.007655535,0.69696764079899,-2.484023877,89,,,,,,,
C1CCC(CC1)CCCC1CCCC1,310.928,1.66217259,0.508125535807105,-2.484023877,89,,,,,,,
C1CCC(CC1)CCCC1CCCC1,333.15,1.382753194,0.324076579779695,-2.484023877,89,,,,,,,
C1CCC(CC1)CCCC1CCCC1,372.039,1.07965381,0.0766404434538866,-2.484023877,89,,,,,,,
CCCCCCCCCCCC,273.15,1.426277932,0.355068206226745,-2.099935717,test,,,,,,,
CCCCCCCCCCCC,298.15,1.189780484,0.173768822880376,-2.099935717,test,,,,,,,
CCCCCCCCCCCC,310.928,1.04308388,0.0421815946449901,-2.099935717,test,,,,,,,
CCCCCCCCCCCC,333.15,0.908917594,-0.0955008445796979,-2.099935717,test,,,,,,,
CCCCCCCCCCCC,372.039,0.749996236,-0.287687091131041,-2.099935717,test,,,,,,,
CCCCCCCCCCCCC,273.15,1.599238341,0.469527479029211,-2.16935597,val,,,,,,,
CCCCCCCCCCCCC,298.15,1.310548705,0.270445908294835,-2.16935597,val,,,,,,,
CCCCCCCCCCCCC,310.928,1.137374214,0.128722284629527,-2.16935597,val,,,,,,,
CCCCCCCCCCCCC,333.15,0.982160752,-0.0180002854504827,-2.16935597,val,,,,,,,
CCCCCCCCCCCCC,372.039,0.801616049,-0.221125527644374,-2.16935597,val,,,,,,,
C=CCCCCCCCCCCC,273.15,1.501869189,0.406710458337566,-2.111493117,92,,,,,,,
C=CCCCCCCCCCCC,298.15,1.247189038,0.220892249434799,-2.111493117,92,,,,,,,
C=CCCCCCCCCCCC,310.928,1.089422009,0.0856472886273237,-2.111493117,92,,,,,,,
C=CCCCCCCCCCCC,333.15,0.944874291,-0.0567033857338826,-2.111493117,92,,,,,,,
C=CCCCCCCCCCCC,372.039,0.777210001,-0.252044693573996,-2.111493117,92,,,,,,,
CCCCCCCCCCCCCC,273.15,1.779937409,0.576578200202598,-2.236086301,93,,,,,,,
CCCCCCCCCCCCCC,298.15,1.442026203,0.366049209987537,-2.236086301,93,,,,,,,
CCCCCCCCCCCCCC,310.928,1.235391042,0.211387553160609,-2.236086301,93,,,,,,,
CCCCCCCCCCCCCC,333.15,1.057344382,0.0557604646085336,-2.236086301,93,,,,,,,
CCCCCCCCCCCCCC,372.039,0.853303041,-0.158640529634862,-2.236086301,93,,,,,,,
CCCCCCCCCCCCCCC,273.15,1.964557515,0.675267036757573,-2.288784714,94,,,,,,,
CCCCCCCCCCCCCCC,298.15,1.574006176,0.453624073748632,-2.288784714,94,,,,,,,
CCCCCCCCCCCCCCC,310.928,1.337366315,0.290702243390681,-2.288784714,94,,,,,,,
CCCCCCCCCCCCCCC,333.15,1.13369393,0.125481265876954,-2.288784714,94,,,,,,,
CCCCCCCCCCCCCCC,372.039,0.905663973,-0.0990869324646121,-2.288784714,94,,,,,,,
C=CCCCCCCCCCCCCC,273.15,1.857243373,0.619093330864654,-2.237286884,95,,,,,,,
C=CCCCCCCCCCCCCC,298.15,1.493658034,0.401228167605693,-2.237286884,95,,,,,,,
C=CCCCCCCCCCCCCC,310.928,1.278907124,0.246005903853696,-2.237286884,95,,,,,,,
C=CCCCCCCCCCCCCC,333.15,1.091749459,0.0877814178487186,-2.237286884,95,,,,,,,
C=CCCCCCCCCCCCCC,372.039,0.880196051,-0.127610611095556,-2.237286884,95,,,,,,,
CCCCCCCCCCCCCCCC,273.15,2.163522929,0.771737878731566,-2.347673716,test,,,,,,,
CCCCCCCCCCCCCCCC,298.15,1.712914967,0.538196578296693,-2.347673716,test,,,,,,,
CCCCCCCCCCCCCCCC,310.928,1.444180848,0.367542273625866,-2.347673716,test,,,,,,,
CCCCCCCCCCCCCCCC,333.15,1.212696164,0.192846115486029,-2.347673716,test,,,,,,,
CCCCCCCCCCCCCCCC,372.039,0.957758606,-0.0431595097983143,-2.347673716,test,,,,,,,
C=CCCCCCCCCCCCCCCC,273.15,2.239551222,0.806275498473314,-2.340207336,97,,,,,,,
C=CCCCCCCCCCCCCCCC,298.15,1.771085054,0.571592383621512,-2.340207336,97,,,,,,,
C=CCCCCCCCCCCCCCCC,310.928,1.487719754,0.3972445813076,-2.340207336,97,,,,,,,
C=CCCCCCCCCCCCCCCC,333.15,1.249466264,0.222716471328534,-2.340207336,97,,,,,,,
C=CCCCCCCCCCCCCCCC,372.039,0.984513448,-0.015607721270501,-2.340207336,97,,,,,,,
c1ccc(cc1)CCCCCCCC,273.15,1.881848948,0.63225477651805,-2.230930992,val,,,,,,,
c1ccc(cc1)CCCCCCCC,298.15,1.507989389,0.41077723308886,-2.230930992,val,,,,,,,
c1ccc(cc1)CCCCCCCC,310.928,1.291436012,0.255754786836599,-2.230930992,val,,,,,,,
c1ccc(cc1)CCCCCCCC,333.15,1.103291006,0.0982975368429838,-2.230930992,val,,,,,,,
c1ccc(cc1)CCCCCCCC,372.039,0.890072712,-0.116452120716718,-2.230930992,val,,,,,,,
C1CCC(CC1)CCCCCCCC,273.15,2.225759443,0.800098180077492,-2.412611629,val,,,,,,,
C1CCC(CC1)CCCCCCCC,298.15,1.726204952,0.545925329528306,-2.412611629,val,,,,,,,
C1CCC(CC1)CCCCCCCC,310.928,1.449549225,0.371252628789148,-2.412611629,val,,,,,,,
C1CCC(CC1)CCCCCCCC,333.15,1.218421554,0.197556212855999,-2.412611629,val,,,,,,,
C1CCC(CC1)CCCCCCCC,372.039,0.960738726,-0.040052784188392,-2.412611629,val,,,,,,,
C1CCC(C1)CC(CCCCCC)CCCCCC,273.15,3.476429996,1.24600590401017,-3.096592071,100,,,,,,,
C1CCC(C1)CC(CCCCCC)CCCCCC,298.15,2.433702509,0.889413764005921,-3.096592071,100,,,,,,,
C1CCC(C1)CC(CCCCCC)CCCCCC,310.928,1.909038576,0.646599751977892,-3.096592071,100,,,,,,,
C1CCC(C1)CC(CCCCCC)CCCCCC,333.15,1.511544613,0.413132050514664,-3.096592071,100,,,,,,,
C1CCC(C1)CC(CCCCCC)CCCCCC,372.039,1.121437096,0.114610984238775,-3.096592071,100,,,,,,,
C1[C@H]2[C@@H]([C@@H](CC1)CCCCCCCCCCC)CCCC2,273.15,5.822778408,1.76177753751986,-3.484157688,101,,,,,,,
C1[C@H]2[C@@H]([C@@H](CC1)CCCCCCCCCCC)CCCC2,298.15,3.751738358,1.32221929470392,-3.484157688,101,,,,,,,
C1[C@H]2[C@@H]([C@@H](CC1)CCCCCCCCCCC)CCCC2,310.928,2.794790657,1.02775720469644,-3.484157688,101,,,,,,,
C1[C@H]2[C@@H]([C@@H](CC1)CCCCCCCCCCC)CCCC2,333.15,2.111363843,0.747334109770203,-3.484157688,101,,,,,,,
C1[C@H]2[C@@H]([C@@H](CC1)CCCCCCCCCCC)CCCC2,372.039,1.486165551,0.396199347223497,-3.484157688,101,,,,,,,
CCC/C(=C/CCCC)/CCCC,273.15,1.436350209,0.362105319026299,-2.230961448,test,,,,,,,
CCC/C(=C/CCCC)/CCCC,298.15,1.177226649,0.163161374735633,-2.230961448,test,,,,,,,
CCC/C(=C/CCCC)/CCCC,310.928,1.023524906,0.0232524599706696,-2.230961448,test,,,,,,,
CCC/C(=C/CCCC)/CCCC,333.15,0.888656037,-0.118045028348472,-2.230961448,test,,,,,,,
CCC/C(=C/CCCC)/CCCC,372.039,0.728365015,-0.316952962210769,-2.230961448,test,,,,,,,
C1CCC(C1)[C@H]1CC[C@@H](C1)C1CCCC1,273.15,2.335989232,0.848435455366315,-2.059946485,103,,,,,,,
C1CCC(C1)[C@H]1CC[C@@H](C1)C1CCCC1,298.15,1.878987171,0.630732892840165,-2.059946485,103,,,,,,,
C1CCC(C1)[C@H]1CC[C@@H](C1)C1CCCC1,310.928,1.605817426,0.473632926621385,-2.059946485,103,,,,,,,
C1CCC(C1)[C@H]1CC[C@@H](C1)C1CCCC1,333.15,1.365818471,0.311753861395416,-2.059946485,103,,,,,,,
C1CCC(C1)[C@H]1CC[C@@H](C1)C1CCCC1,372.039,1.091361999,0.0874264565821755,-2.059946485,103,,,,,,,
CCCC(CCC)CCC,273.15,0.974070164,-0.0262719409731536,-1.974690499,test,,,,,,,
CCCC(CCC)CCC,298.15,0.846971456,-0.166088285016008,-1.974690499,test,,,,,,,
CCCC(CCC)CCC,310.928,0.765947069,-0.26664221215129,-1.974690499,test,,,,,,,
CCCC(CCC)CCC,333.15,0.684950762,-0.378408323595395,-1.974690499,test,,,,,,,
CCCC(CCC)CCC,372.039,0.584147358,-0.53760200264013,-1.974690499,test,,,,,,,
C1C(CCC1)C1CCCC1,273.15,1.346839196,0.2977605109404,-1.744291251,105,,,,,,,
C1C(CCC1)C1CCCC1,298.15,1.169468242,0.15654915147886,-1.744291251,105,,,,,,,
C1C(CCC1)C1CCCC1,310.928,1.050449348,0.0492180231009341,-1.744291251,105,,,,,,,
C1C(CCC1)C1CCCC1,333.15,0.934987677,-0.0672219294594472,-1.744291251,105,,,,,,,
C1C(CCC1)C1CCCC1,372.039,0.787849646,-0.238448011898293,-1.744291251,105,,,,,,,
C(CCC1CCCC1)(CCC1CCCC1)CCC1CCCC1,273.15,9.544792585,2.25599572671636,-4.407954012,106,,,,,,,
C(CCC1CCCC1)(CCC1CCCC1)CCC1CCCC1,298.15,5.385323046,1.68367729878117,-4.407954012,106,,,,,,,
C(CCC1CCCC1)(CCC1CCCC1)CCC1CCCC1,310.928,3.68819183,1.30513631898372,-4.407954012,106,,,,,,,
C(CCC1CCCC1)(CCC1CCCC1)CCC1CCCC1,333.15,2.588541415,0.951094556845502,-4.407954012,106,,,,,,,
C(CCC1CCCC1)(CCC1CCCC1)CCC1CCCC1,372.039,1.689438326,0.524396122214699,-4.407954012,106,,,,,,,
CCCCCCCC(CCCCCCC)CCCCCC,273.15,3.46784756,1.24353410178149,-3.062143614,107,,,,,,,
CCCCCCCC(CCCCCCC)CCCCCC,298.15,2.446475222,0.894648303757883,-3.062143614,107,,,,,,,
CCCCCCCC(CCCCCCC)CCCCCC,310.928,1.924668862,0.654753933202395,-3.062143614,107,,,,,,,
CCCCCCCC(CCCCCCC)CCCCCC,333.15,1.524906068,0.421932813408242,-3.062143614,107,,,,,,,
CCCCCCCC(CCCCCCC)CCCCCC,372.039,1.128886169,0.12123145546082,-3.062143614,107,,,,,,,
c1c2c(ccc1)c(ccc2)CCCCCCCCCCC,273.15,5.677387847,1.73649124086147,-3.488796332,108,,,,,,,
c1c2c(ccc1)c(ccc2)CCCCCCCCCCC,298.15,3.916167244,1.36511343162148,-3.488796332,108,,,,,,,
c1c2c(ccc1)c(ccc2)CCCCCCCCCCC,310.928,2.845429603,1.04571405899047,-3.488796332,108,,,,,,,
c1c2c(ccc1)c(ccc2)CCCCCCCCCCC,333.15,2.112347928,0.74780009091246,-3.488796332,108,,,,,,,
c1c2c(ccc1)c(ccc2)CCCCCCCCCCC,372.039,1.468664397,0.384353414318201,-3.488796332,108,,,,,,,
c1ccc(cc1)/C=C/c1ccccc1,273.15,3.690570862,1.30578115123588,-3.416337687,test,,,,,,,
c1ccc(cc1)/C=C/c1ccccc1,298.15,2.379470096,0.866877814153977,-3.416337687,test,,,,,,,
c1ccc(cc1)/C=C/c1ccccc1,310.928,1.828253107,0.603360924606834,-3.416337687,test,,,,,,,
c1ccc(cc1)/C=C/c1ccccc1,333.15,1.442565257,0.366422957198363,-3.416337687,test,,,,,,,
c1ccc(cc1)/C=C/c1ccccc1,372.039,1.079260685,0.0762762557982332,-3.416337687,test,,,,,,,
C1[C@@H]2[C@@H](CCC1)C[C@H]1CCCC[C@@H]21,273.15,2.973991861,1.08990511131599,-2.426520637,test,,,,,,,
C1[C@@H]2[C@@H](CCC1)C[C@H]1CCCC[C@@H]21,298.15,2.26333102,0.816837630810662,-2.426520637,test,,,,,,,
C1[C@@H]2[C@@H](CCC1)C[C@H]1CCCC[C@@H]21,310.928,1.868445077,0.625106575344941,-2.426520637,test,,,,,,,
C1[C@@H]2[C@@H](CCC1)C[C@H]1CCCC[C@@H]21,333.15,1.540840108,0.43232779235637,-2.426520637,test,,,,,,,
C1[C@@H]2[C@@H](CCC1)C[C@H]1CCCC[C@@H]21,372.039,1.186310658,0.170848203881265,-2.426520637,test,,,,,,,
C=CCCCCCCCCC,273.15,1.194960646,0.178113252623623,-1.985029287,val,,,,,,,
C=CCCCCCCCCC,298.15,1.023103455,0.0228406108885516,-1.985029287,val,,,,,,,
C=CCCCCCCCCC,310.928,0.911813345,-0.092319975424837,-1.985029287,val,,,,,,,
C=CCCCCCCCCC,333.15,0.807840592,-0.21339052705342,-1.985029287,val,,,,,,,
C=CCCCCCCCCC,372.039,0.67750399,-0.38933983694673,-1.985029287,val,,,,,,,
C=CCCCCCCCCCC,273.15,1.344183735,0.295786940346613,-2.044865181,112,,,,,,,
C=CCCCCCCCCCC,298.15,1.13147827,0.123524981311375,-2.044865181,112,,,,,,,
C=CCCCCCCCCCC,310.928,0.999522127,-0.000477987217691232,-2.044865181,112,,,,,,,
C=CCCCCCCCCCC,333.15,0.876854389,-0.131414333462244,-2.044865181,112,,,,,,,
C=CCCCCCCCCCC,372.039,0.727708354,-0.317854923689494,-2.044865181,112,,,,,,,
C1[C@@H]2[C@@H](CCC1)CCCC2,273.15,2.106269856,0.744918542255108,-2.246748758,test,,,,,,,
C1[C@@H]2[C@@H](CCC1)CCCC2,298.15,1.690315415,0.524915147615307,-2.246748758,test,,,,,,,
C1[C@@H]2[C@@H](CCC1)CCCC2,310.928,1.438515933,0.363611980069085,-2.246748758,test,,,,,,,
C1[C@@H]2[C@@H](CCC1)CCCC2,333.15,1.216068293,0.195622943973528,-2.246748758,test,,,,,,,
C1[C@@H]2[C@@H](CCC1)CCCC2,372.039,0.962703591,-0.038009712071175,-2.246748758,test,,,,,,,
C1[C@@H]2[C@@H](CCC1)CCCC2,273.15,1.660378972,0.50704587269834,-2.027113495,114,,,,,,,
C1[C@@H]2[C@@H](CCC1)CCCC2,298.15,1.382753194,0.324076579779695,-2.027113495,114,,,,,,,
C1[C@@H]2[C@@H](CCC1)CCCC2,310.928,1.208294051,0.189209489592841,-2.027113495,114,,,,,,,
C1[C@@H]2[C@@H](CCC1)CCCC2,333.15,1.048001682,0.0468851908593945,-2.027113495,114,,,,,,,
C1[C@@H]2[C@@H](CCC1)CCCC2,372.039,0.85437014,-0.157390759888792,-2.027113495,114,,,,,,,
C1CCC(CC1)CCCCCCCCCC,273.15,2.74758918,1.0107238653676,-2.574044931,test,,,,,,,
C1CCC(CC1)CCCCCCCCCC,298.15,2.068468922,0.726808682392635,-2.574044931,test,,,,,,,
C1CCC(CC1)CCCCCCCCCC,310.928,1.698400548,0.529686954063475,-2.574044931,test,,,,,,,
C1CCC(CC1)CCCCCCCCCC,333.15,1.39717697,0.334453750848762,-2.574044931,test,,,,,,,
C1CCC(CC1)CCCCCCCCCC,372.039,1.077686313,0.0748164403451415,-2.574044931,test,,,,,,,
c12c(c3c(cc1)CCCC3)CC[C@@H]1[C@H]2CCCC1,273.15,168.3839468,5.12624676947327,-11.72763596,116,,,,,,,
c12c(c3c(cc1)CCCC3)CC[C@@H]1[C@H]2CCCC1,298.15,64.92198176,4.17318626836655,-11.72763596,116,,,,,,,
c12c(c3c(cc1)CCCC3)CC[C@@H]1[C@H]2CCCC1,310.928,15.02722142,2.70986331774571,-11.72763596,116,,,,,,,
c12c(c3c(cc1)CCCC3)CC[C@@H]1[C@H]2CCCC1,333.15,5.666886445,1.73463983904778,-11.72763596,116,,,,,,,
c12c(c3c(cc1)CCCC3)CC[C@@H]1[C@H]2CCCC1,372.039,2.487200072,0.911157608710621,-11.72763596,116,,,,,,,
C1[C@H]2[C@@H]([C@H]3[C@@H](C1)CC[C@@H]1[C@@H]3CCCC1)CCCC2,273.15,15.75755758,2.7573200965314,-5.624689975,val,,,,,,,
C1[C@H]2[C@@H]([C@H]3[C@@H](C1)CC[C@@H]1[C@@H]3CCCC1)CCCC2,298.15,6.523483811,1.8754085600773,-5.624689975,val,,,,,,,
C1[C@H]2[C@@H]([C@H]3[C@@H](C1)CC[C@@H]1[C@@H]3CCCC1)CCCC2,310.928,4.082503726,1.40671045853812,-5.624689975,val,,,,,,,
C1[C@H]2[C@@H]([C@H]3[C@@H](C1)CC[C@@H]1[C@@H]3CCCC1)CCCC2,333.15,2.76266931,1.01619735365358,-5.624689975,val,,,,,,,
C1[C@H]2[C@@H]([C@H]3[C@@H](C1)CC[C@@H]1[C@@H]3CCCC1)CCCC2,372.039,1.784018365,0.578868328387343,-5.624689975,val,,,,,,,
C1[C@H]2[C@H]3[C@@H](CC1)[C@@H]1[C@H]([C@@H]3CCC2)CCCC1,273.15,5.456897319,1.69688037164444,-3.371171855,val,,,,,,,
C1[C@H]2[C@H]3[C@@H](CC1)[C@@H]1[C@H]([C@@H]3CCC2)CCCC1,298.15,3.492661034,1.25066391960427,-3.371171855,val,,,,,,,
C1[C@H]2[C@H]3[C@@H](CC1)[C@@H]1[C@H]([C@@H]3CCC2)CCCC1,310.928,2.635175231,0.968949681110484,-3.371171855,val,,,,,,,
C1[C@H]2[C@H]3[C@@H](CC1)[C@@H]1[C@H]([C@@H]3CCC2)CCCC1,333.15,2.026634136,0.706376355865353,-3.371171855,val,,,,,,,
C1[C@H]2[C@H]3[C@@H](CC1)[C@@H]1[C@H]([C@@H]3CCC2)CCCC1,372.039,1.457021731,0.376394441995459,-3.371171855,val,,,,,,,
C1C[C@H]2[C@H]3[C@@H](C1)CC[C@@H]1[C@@H]3[C@@H](CCC1)CC2,273.15,6.423983382,1.86003838977935,-3.583281665,119,,,,,,,
C1C[C@H]2[C@H]3[C@@H](C1)CC[C@@H]1[C@@H]3[C@@H](CCC1)CC2,298.15,4.004384262,1.38738982637866,-3.583281665,119,,,,,,,
C1C[C@H]2[C@H]3[C@@H](C1)CC[C@@H]1[C@@H]3[C@@H](CCC1)CC2,310.928,2.953952615,1.08314414301912,-3.583281665,119,,,,,,,
C1C[C@H]2[C@H]3[C@@H](C1)CC[C@@H]1[C@@H]3[C@@H](CCC1)CC2,333.15,2.220697446,0.797821311409605,-3.583281665,119,,,,,,,
C1C[C@H]2[C@H]3[C@@H](C1)CC[C@@H]1[C@@H]3[C@@H](CCC1)CC2,372.039,1.557050343,0.442793225662484,-3.583281665,119,,,,,,,
CC(CCCCCCCC)C,273.15,1.239011516,0.214313897196224,-2.036591076,120,,,,,,,
CC(CCCCCCCC)C,298.15,1.052077006,0.0507663112563285,-2.036591076,120,,,,,,,
CC(CCCCCCCC)C,310.928,0.93247087,-0.069917366558,-2.036591076,120,,,,,,,
CC(CCCCCCCC)C,333.15,0.822519093,-0.195383583238176,-2.036591076,120,,,,,,,
CC(CCCCCCCC)C,372.039,0.686796048,-0.375717904197853,-2.036591076,120,,,,,,,
CC(CCCCCCCCCCCCCCC)C,273.15,2.610220335,0.959434637311703,-2.490327684,121,,,,,,,
CC(CCCCCCCCCCCCCCC)C,298.15,2.022301739,0.704236337456977,-2.490327684,121,,,,,,,
CC(CCCCCCCCCCCCCCC)C,310.928,1.665081856,0.509874284986721,-2.490327684,121,,,,,,,
CC(CCCCCCCCCCCCCCC)C,333.15,1.373027425,0.317018101094722,-2.490327684,121,,,,,,,
CC(CCCCCCCCCCCCCCC)C,372.039,1.061774843,0.0599418881009202,-2.490327684,121,,,,,,,
C=CCCCCCCCCCCCC,273.15,1.690096198,0.524785449208484,-2.172013423,122,,,,,,,
C=CCCCCCCCCCCCC,298.15,1.379330768,0.321598430817843,-2.172013423,122,,,,,,,
C=CCCCCCCCCCCCC,310.928,1.19323718,0.176669933079131,-2.172013423,122,,,,,,,
C=CCCCCCCCCCCCC,333.15,1.027307835,0.0269416279996665,-2.172013423,122,,,,,,,
C=CCCCCCCCCCCCC,372.039,0.83433975,-0.181114585476972,-2.172013423,122,,,,,,,
CCCCCCCCC[C@@H](CCCCCCCCCC)C,273.15,3.377786643,1.21722065564488,-2.801102606,123,,,,,,,
CCCCCCCCC[C@@H](CCCCCCCCCC)C,298.15,2.452424196,0.897077003111191,-2.801102606,123,,,,,,,
CCCCCCCCC[C@@H](CCCCCCCCCC)C,310.928,1.974182013,0.680154141927828,-2.801102606,123,,,,,,,
CCCCCCCCC[C@@H](CCCCCCCCCC)C,333.15,1.572562142,0.452706226776668,-2.801102606,123,,,,,,,
CCCCCCCCC[C@@H](CCCCCCCCCC)C,372.039,1.185615104,0.170261715019699,-2.801102606,123,,,,,,,
c1cc2c(cc1CCCC)CCCC2,273.15,2.664465225,0.980003371440408,-2.642215483,124,,,,,,,
c1cc2c(cc1CCCC)CCCC2,298.15,1.975077087,0.680607428983785,-2.642215483,124,,,,,,,
c1cc2c(cc1CCCC)CCCC2,310.928,1.621187993,0.4831592095023,-2.642215483,124,,,,,,,
c1cc2c(cc1CCCC)CCCC2,333.15,1.332596934,0.287129620378232,-2.642215483,124,,,,,,,
c1cc2c(cc1CCCC)CCCC2,372.039,1.035650034,0.0350292817490184,-2.642215483,124,,,,,,,
C1[C@H]2[C@@H](C[C@@H](C1)CCCCCCCCCC)CCCC2,273.15,5.280799941,1.66407759021987,-3.294221556,125,,,,,,,
C1[C@H]2[C@@H](C[C@@H](C1)CCCCCCCCCC)CCCC2,298.15,3.512178616,1.25623653324954,-3.294221556,125,,,,,,,
C1[C@H]2[C@@H](C[C@@H](C1)CCCCCCCCCC)CCCC2,310.928,2.666887168,0.980911937593262,-3.294221556,125,,,,,,,
C1[C@H]2[C@@H](C[C@@H](C1)CCCCCCCCCC)CCCC2,333.15,2.037154881,0.711554168227584,-3.294221556,125,,,,,,,
C1[C@H]2[C@@H](C[C@@H](C1)CCCCCCCCCC)CCCC2,372.039,1.451689341,0.372727941032169,-3.294221556,125,,,,,,,
c1cc2c(cc1)CC(C2)CCCCCCCCCC,273.15,3.743657818,1.32006315967363,-2.955472788,126,,,,,,,
c1cc2c(cc1)CC(C2)CCCCCCCCCC,298.15,2.620617601,0.963410015566617,-2.955472788,126,,,,,,,
c1cc2c(cc1)CC(C2)CCCCCCCCCC,310.928,2.069984785,0.727541257008719,-2.955472788,126,,,,,,,
c1cc2c(cc1)CC(C2)CCCCCCCCCC,333.15,1.641391467,0.49554433758902,-2.955472788,126,,,,,,,
c1cc2c(cc1)CC(C2)CCCCCCCCCC,372.039,1.229436635,0.206556044135775,-2.955472788,126,,,,,,,
C1[C@@H]2[C@@H](CCC1)C[C@H](C2)CCCCCCCCCC,273.15,4.514963297,1.50739705771077,-3.090929533,127,,,,,,,
C1[C@@H]2[C@@H](CCC1)C[C@H](C2)CCCCCCCCCC,298.15,3.103851783,1.13264385085872,-3.090929533,127,,,,,,,
C1[C@@H]2[C@@H](CCC1)C[C@H](C2)CCCCCCCCCC,310.928,2.397076387,0.874249822695837,-3.090929533,127,,,,,,,
C1[C@@H]2[C@@H](CCC1)C[C@H](C2)CCCCCCCCCC,333.15,1.873246519,0.62767303199284,-3.090929533,127,,,,,,,
C1[C@@H]2[C@@H](CCC1)C[C@H](C2)CCCCCCCCCC,372.039,1.362340504,0.309204179418652,-3.090929533,127,,,,,,,
c1cc2c(cc1CCCCCCCCCC)CCC2,273.15,3.989093645,1.38356404845619,-2.967845907,test,,,,,,,
c1cc2c(cc1CCCCCCCCCC)CCC2,298.15,2.787833838,1.02526489212649,-2.967845907,test,,,,,,,
c1cc2c(cc1CCCCCCCCCC)CCC2,310.928,2.184363443,0.781324455667816,-2.967845907,test,,,,,,,
c1cc2c(cc1CCCCCCCCCC)CCC2,333.15,1.729187523,0.547651658309944,-2.967845907,test,,,,,,,
c1cc2c(cc1CCCCCCCCCC)CCC2,372.039,1.284251358,0.250175947791195,-2.967845907,test,,,,,,,
C1[C@@H]2[C@@H](C[C@@H](C1)CCCCCCCCCC)CCC2,273.15,4.342245645,1.46839164401522,-2.980923927,129,,,,,,,
C1[C@@H]2[C@@H](C[C@@H](C1)CCCCCCCCCC)CCC2,298.15,3.020353611,1.10537391426741,-2.980923927,129,,,,,,,
C1[C@@H]2[C@@H](C[C@@H](C1)CCCCCCCCCC)CCC2,310.928,2.344454632,0.852052808539204,-2.980923927,129,,,,,,,
C1[C@@H]2[C@@H](C[C@@H](C1)CCCCCCCCCC)CCC2,333.15,1.836147151,0.607669436590137,-2.980923927,129,,,,,,,
C1[C@@H]2[C@@H](C[C@@H](C1)CCCCCCCCCC)CCC2,372.039,1.367264224,0.312811826555048,-2.980923927,129,,,,,,,
c1cc2c(cc1)C(=C(C2)CCCC)CCCCCC,273.15,5.781005653,1.75457765595836,-3.960376836,val,,,,,,,
c1cc2c(cc1)C(=C(C2)CCCC)CCCCCC,298.15,3.549128097,1.26670196684224,-3.960376836,val,,,,,,,
c1cc2c(cc1)C(=C(C2)CCCC)CCCCCC,310.928,2.560027895,0.94001815491648,-3.960376836,val,,,,,,,
c1cc2c(cc1)C(=C(C2)CCCC)CCCCCC,333.15,1.89172617,0.637489729711251,-3.960376836,val,,,,,,,
c1cc2c(cc1)C(=C(C2)CCCC)CCCCCC,372.039,1.30932658,0.269512943969668,-3.960376836,val,,,,,,,
c1cc2c(cc1)[C@@H]([C@H](C2)CCCC)CCCCCC,273.15,6.382722918,1.85359479596307,-4.292612969,test,,,,,,,
c1cc2c(cc1)[C@@H]([C@H](C2)CCCC)CCCCCC,298.15,3.739531097,1.31896022843263,-4.292612969,test,,,,,,,
c1cc2c(cc1)[C@@H]([C@H](C2)CCCC)CCCCCC,310.928,2.630991417,0.967360739795138,-4.292612969,test,,,,,,,
c1cc2c(cc1)[C@@H]([C@H](C2)CCCC)CCCCCC,333.15,1.902288593,0.6430576839486,-4.292612969,test,,,,,,,
c1cc2c(cc1)[C@@H]([C@H](C2)CCCC)CCCCCC,372.039,1.293922852,0.257678574517762,-4.292612969,test,,,,,,,
c1cc2c(cc1CCCCCC)C[C@H](C2)CCCC,273.15,4.104321037,1.41204033019889,-3.138224737,132,,,,,,,
c1cc2c(cc1CCCCCC)C[C@H](C2)CCCC,298.15,2.81180238,1.0338256940962,-3.138224737,132,,,,,,,
c1cc2c(cc1CCCCCC)C[C@H](C2)CCCC,310.928,2.18263601,0.78053332523206,-3.138224737,132,,,,,,,
c1cc2c(cc1CCCCCC)C[C@H](C2)CCCC,333.15,1.696874775,0.528788191543469,-3.138224737,132,,,,,,,
c1cc2c(cc1CCCCCC)C[C@H](C2)CCCC,372.039,1.25819964,0.229681842030718,-3.138224737,132,,,,,,,
C1[C@H]2[C@@H](C[C@@H](C1)CCCCCC)C[C@@H](C2)CCCC,273.15,4.595349469,1.52504480710501,-3.312394989,133,,,,,,,
C1[C@H]2[C@@H](C[C@@H](C1)CCCCCC)C[C@@H](C2)CCCC,298.15,3.078690132,1.12450422470934,-3.312394989,133,,,,,,,
C1[C@H]2[C@@H](C[C@@H](C1)CCCCCC)C[C@@H](C2)CCCC,310.928,2.351740229,0.855155577082936,-3.312394989,133,,,,,,,
C1[C@H]2[C@@H](C[C@@H](C1)CCCCCC)C[C@@H](C2)CCCC,333.15,1.811929954,0.594392550140705,-3.312394989,133,,,,,,,
C1[C@H]2[C@@H](C[C@@H](C1)CCCCCC)C[C@@H](C2)CCCC,372.039,1.303501087,0.265053788299779,-3.312394989,133,,,,,,,
C1[C@H]2[C@@H](CCC1)C[C@H](CC2)CCCC,273.15,2.834278249,1.04178731887657,-2.717294259,134,,,,,,,
C1[C@H]2[C@@H](CCC1)C[C@H](CC2)CCCC,298.15,2.087397587,0.735918116419626,-2.717294259,134,,,,,,,
C1[C@H]2[C@@H](CCC1)C[C@H](CC2)CCCC,310.928,1.701446747,0.531478916790522,-2.717294259,134,,,,,,,
C1[C@H]2[C@@H](CCC1)C[C@H](CC2)CCCC,333.15,1.386448414,0.326745379467366,-2.717294259,134,,,,,,,
C1[C@H]2[C@@H](CCC1)C[C@H](CC2)CCCC,372.039,1.062577798,0.0606978407829197,-2.717294259,134,,,,,,,
c1c2c(c(cc1)CCCCCC)cc(cc2)CCCC,273.15,6.141359755,1.8150461761098,-3.827505562,135,,,,,,,
c1c2c(c(cc1)CCCCCC)cc(cc2)CCCC,298.15,3.830573371,1.34301449720978,-3.827505562,135,,,,,,,
c1c2c(c(cc1)CCCCCC)cc(cc2)CCCC,310.928,2.78108353,1.02284061075905,-3.827505562,135,,,,,,,
c1c2c(c(cc1)CCCCCC)cc(cc2)CCCC,333.15,2.055949895,0.720737977159775,-3.827505562,135,,,,,,,
c1c2c(c(cc1)CCCCCC)cc(cc2)CCCC,372.039,1.415836068,0.347720217383086,-3.827505562,135,,,,,,,
c1c2c(ccc1)cc(c(c2)CCCCCC)CCCC,273.15,6.75406105,1.91014396101047,-4.067402242,test,,,,,,,
c1c2c(ccc1)cc(c(c2)CCCCCC)CCCC,298.15,4.039112124,1.39602489653268,-4.067402242,test,,,,,,,
c1c2c(ccc1)cc(c(c2)CCCCCC)CCCC,310.928,2.887294859,1.06032002882197,-4.067402242,test,,,,,,,
c1c2c(ccc1)cc(c(c2)CCCCCC)CCCC,333.15,2.097688884,0.740836207271416,-4.067402242,test,,,,,,,
c1c2c(ccc1)cc(c(c2)CCCCCC)CCCC,372.039,1.427917564,0.356217133959734,-4.067402242,test,,,,,,,
c1c2c(cc(c1CCCC)CCCCCC)CCCC2,273.15,7.127950836,1.96402379283832,-4.059479811,137,,,,,,,
c1c2c(cc(c1CCCC)CCCCCC)CCCC2,298.15,4.329844188,1.46553155707134,-4.059479811,137,,,,,,,
c1c2c(cc(c1CCCC)CCCCCC)CCCC2,310.928,3.076681684,1.12385164087483,-4.059479811,137,,,,,,,
c1c2c(cc(c1CCCC)CCCCCC)CCCC2,333.15,2.22207948,0.79844346015468,-4.059479811,137,,,,,,,
c1c2c(cc(c1CCCC)CCCCCC)CCCC2,372.039,1.488754715,0.39794000876884,-4.059479811,137,,,,,,,
C1[C@H]2[C@@H](CCC1)C[C@H]([C@H](C2)CCCCCC)CCCC,273.15,7.736795669,2.0459876056283,-4.408041605,138,,,,,,,
C1[C@H]2[C@@H](CCC1)C[C@H]([C@H](C2)CCCCCC)CCCC,298.15,4.428169668,1.48798633118548,-4.408041605,138,,,,,,,
C1[C@H]2[C@@H](CCC1)C[C@H]([C@H](C2)CCCCCC)CCCC,310.928,3.063584927,1.11958577501247,-4.408041605,138,,,,,,,
C1[C@H]2[C@@H](CCC1)C[C@H]([C@H](C2)CCCCCC)CCCC,333.15,2.17381406,0.776483256062365,-4.408041605,138,,,,,,,
C1[C@H]2[C@@H](CCC1)C[C@H]([C@H](C2)CCCCCC)CCCC,372.039,1.448209561,0.370328007939466,-4.408041605,138,,,,,,,
C12(CCCC1)CCCCC2,273.15,1.684383511,0.521399628015261,-1.955606951,139,,,,,,,
C12(CCCC1)CCCCC2,298.15,1.410577322,0.343999068815976,-1.955606951,139,,,,,,,
C12(CCCC1)CCCCC2,310.928,1.232749264,0.20924684908278,-1.955606951,139,,,,,,,
C12(CCCC1)CCCCC2,333.15,1.068574936,0.0663259252786269,-1.955606951,139,,,,,,,
C12(CCCC1)CCCCC2,372.039,0.882039727,-0.125518182039591,-1.955606951,139,,,,,,,
C1CCC2(CC1)CCCCC2,273.15,2.025422281,0.705778212645507,-2.130903959,140,,,,,,,
C1CCC2(CC1)CCCCC2,298.15,1.644575897,0.497482537603894,-2.130903959,140,,,,,,,
C1CCC2(CC1)CCCCC2,310.928,1.411686548,0.344785122925873,-2.130903959,140,,,,,,,
C1CCC2(CC1)CCCCC2,333.15,1.204211938,0.185825359634679,-2.130903959,140,,,,,,,
C1CCC2(CC1)CCCCC2,372.039,0.963797991,-0.0368735592354335,-2.130903959,140,,,,,,,
C1CCC2(CC1)CCCCCC2,273.15,2.46734894,0.903144270593332,-2.33671394,141,,,,,,,
C1CCC2(CC1)CCCCCC2,298.15,1.923002099,0.653887558129708,-2.33671394,141,,,,,,,
C1CCC2(CC1)CCCCCC2,310.928,1.613526551,0.478422187905942,-2.33671394,141,,,,,,,
C1CCC2(CC1)CCCCCC2,333.15,1.34889985,0.299289334291771,-2.33671394,141,,,,,,,
C1CCC2(CC1)CCCCCC2,372.039,1.05774815,0.0561422616210011,-2.33671394,141,,,,,,,
C1[C@H]2[C@@H](CCC1)[C@H]1[C@H](CC2)CCCC1,273.15,3.289092852,1.19061179788171,-2.619659453,142,,,,,,,
C1[C@H]2[C@@H](CCC1)[C@H]1[C@H](CC2)CCCC1,298.15,2.411620653,0.880298991620327,-2.619659453,142,,,,,,,
C1[C@H]2[C@@H](CCC1)[C@H]1[C@H](CC2)CCCC1,310.928,1.963579953,0.674769313840213,-2.619659453,142,,,,,,,
C1[C@H]2[C@@H](CCC1)[C@H]1[C@H](CC2)CCCC1,333.15,1.581200606,0.458184435693545,-2.619659453,142,,,,,,,
C1[C@H]2[C@@H](CCC1)[C@H]1[C@H](CC2)CCCC1,372.039,1.220433934,0.199206479111304,-2.619659453,142,,,,,,,
c1c2c(cc(c1C)CCCCCCCC)C[C@H](CC2)C,273.15,6.029210247,1.79661603151492,-3.730846108,143,,,,,,,
c1c2c(cc(c1C)CCCCCCCC)C[C@H](CC2)C,298.15,4.076242247,1.40517554612633,-3.730846108,143,,,,,,,
c1c2c(cc(c1C)CCCCCCCC)C[C@H](CC2)C,310.928,2.903604744,1.06595298026108,-3.730846108,143,,,,,,,
c1c2c(cc(c1C)CCCCCCCC)C[C@H](CC2)C,333.15,2.112019966,0.747644819397815,-3.730846108,143,,,,,,,
c1c2c(cc(c1C)CCCCCCCC)C[C@H](CC2)C,372.039,1.444718855,0.367914738620522,-3.730846108,143,,,,,,,
C1[C@H]2[C@@H](C[C@@H]([C@@H]1C)CCCCCCCC)C[C@H](CC2)C,273.15,5.404891747,1.68730442258348,-3.499155809,test,,,,,,,
C1[C@H]2[C@@H](C[C@@H]([C@@H]1C)CCCCCCCC)C[C@H](CC2)C,298.15,3.734618021,1.31764554320758,-3.499155809,test,,,,,,,
C1[C@H]2[C@@H](C[C@@H]([C@@H]1C)CCCCCCCC)C[C@H](CC2)C,310.928,2.72652927,1.00302947070138,-3.499155809,test,,,,,,,
C1[C@H]2[C@@H](C[C@@H]([C@@H]1C)CCCCCCCC)C[C@H](CC2)C,333.15,2.025595461,0.705863712147674,-3.499155809,test,,,,,,,
C1[C@H]2[C@@H](C[C@@H]([C@@H]1C)CCCCCCCC)C[C@H](CC2)C,372.039,1.411963677,0.34498141423592,-3.499155809,test,,,,,,,
C1C[C@@H]([C@@H](CC1)C1CCCCC1)C1CCCCC1,273.15,34.62115572,3.54446493220646,-7.658580888,test,,,,,,,
C1C[C@@H]([C@@H](CC1)C1CCCCC1)C1CCCCC1,298.15,9.692737288,2.27137687187277,-7.658580888,test,,,,,,,
C1C[C@@H]([C@@H](CC1)C1CCCCC1)C1CCCCC1,310.928,5.228772474,1.65417654192425,-7.658580888,test,,,,,,,
C1C[C@@H]([C@@H](CC1)C1CCCCC1)C1CCCCC1,333.15,3.162522126,1.1513698503928,-7.658580888,test,,,,,,,
C1C[C@@H]([C@@H](CC1)C1CCCCC1)C1CCCCC1,372.039,1.88850448,0.635785235420672,-7.658580888,test,,,,,,,
c1(c2c(c(cc1)C)c(ccc2)CCCCCCCC)C,273.15,7.845513879,2.059941888055,-4.29261299,146,,,,,,,
c1(c2c(c(cc1)C)c(ccc2)CCCCCCCC)C,298.15,4.469185515,1.49720618061357,-4.29261299,146,,,,,,,
c1(c2c(c(cc1)C)c(ccc2)CCCCCCCC)C,310.928,3.11751888,1.13703745468844,-4.29261299,146,,,,,,,
c1(c2c(c(cc1)C)c(ccc2)CCCCCCCC)C,333.15,2.22453367,0.799547307135026,-4.29261299,146,,,,,,,
c1(c2c(c(cc1)C)c(ccc2)CCCCCCCC)C,372.039,1.509260364,0.411619705657735,-4.29261299,146,,,,,,,
c1(c2c(c(cc1)C)[C@H](CCC2)CCCCCCCC)C,273.15,7.016886884,1.9483196558609,-3.940222621,test,,,,,,,
c1(c2c(c(cc1)C)[C@H](CCC2)CCCCCCCC)C,298.15,4.646216141,1.53605315522047,-3.940222621,test,,,,,,,
c1(c2c(c(cc1)C)[C@H](CCC2)CCCCCCCC)C,310.928,3.211461263,1.16672605567815,-3.940222621,test,,,,,,,
c1(c2c(c(cc1)C)[C@H](CCC2)CCCCCCCC)C,333.15,2.28448272,0.826139617974197,-3.940222621,test,,,,,,,
c1(c2c(c(cc1)C)[C@H](CCC2)CCCCCCCC)C,372.039,1.536380406,0.429429264219016,-3.940222621,test,,,,,,,
C1[C@H]2[C@@H]([C@@H](CC1)CCCCCCCC)[C@@H](CC[C@H]2C)C,273.15,5.709748877,1.74217504319116,-3.653038579,148,,,,,,,
C1[C@H]2[C@@H]([C@@H](CC1)CCCCCCCC)[C@@H](CC[C@H]2C)C,298.15,3.594621816,1.27943878842104,-3.653038579,148,,,,,,,
C1[C@H]2[C@@H]([C@@H](CC1)CCCCCCCC)[C@@H](CC[C@H]2C)C,310.928,2.657911611,0.97754070578779,-3.653038579,148,,,,,,,
C1[C@H]2[C@@H]([C@@H](CC1)CCCCCCCC)[C@@H](CC[C@H]2C)C,333.15,1.990744735,0.688508807420035,-3.653038579,148,,,,,,,
C1[C@H]2[C@@H]([C@@H](CC1)CCCCCCCC)[C@@H](CC[C@H]2C)C,372.039,1.403897973,0.339252634159695,-3.653038579,148,,,,,,,
CC(CCC[C@@H](CCC[C@@H](CCCC(C)C)C)C)C,273.15,3.105638893,1.13321945686012,-2.963267786,149,,,,,,,
CC(CCC[C@@H](CCC[C@@H](CCCC(C)C)C)C)C,298.15,2.209755212,0.792881745593994,-2.963267786,149,,,,,,,
CC(CCC[C@@H](CCC[C@@H](CCCC(C)C)C)C)C,310.928,1.762186435,0.566555330656706,-2.963267786,149,,,,,,,
CC(CCC[C@@H](CCC[C@@H](CCCC(C)C)C)C)C,333.15,1.41334826,0.345961541840741,-2.963267786,149,,,,,,,
CC(CCC[C@@H](CCC[C@@H](CCCC(C)C)C)C)C,372.039,1.067777852,0.0655797151569055,-2.963267786,149,,,,,,,
CC(CCC[C@@H](CCCC[C@H](CCCC(C)C)C)C)C,273.15,3.431495289,1.2329961104966,-3.040115928,150,,,,,,,
CC(CCC[C@@H](CCCC[C@H](CCCC(C)C)C)C)C,298.15,2.402491933,0.876506504104332,-3.040115928,150,,,,,,,
CC(CCC[C@@H](CCCC[C@H](CCCC(C)C)C)C)C,310.928,1.897205558,0.640382044597433,-3.040115928,150,,,,,,,
CC(CCC[C@@H](CCCC[C@H](CCCC(C)C)C)C)C,333.15,1.505952922,0.409425868596924,-3.040115928,150,,,,,,,
CC(CCC[C@@H](CCCC[C@H](CCCC(C)C)C)C)C,372.039,1.127401481,0.119915410306483,-3.040115928,150,,,,,,,
C1C[C@@H]2[C@@H](CC1)C[C@H]1[C@H]2C[C@H]2CCCC[C@H]12,273.15,5.689046964,1.73854274096383,-3.56824777,val,,,,,,,
C1C[C@@H]2[C@@H](CC1)C[C@H]1[C@H]2C[C@H]2CCCC[C@H]12,298.15,3.5399378,1.26410915636985,-3.56824777,val,,,,,,,
C1C[C@@H]2[C@@H](CC1)C[C@H]1[C@H]2C[C@H]2CCCC[C@H]12,310.928,2.636895465,0.969602264947174,-3.56824777,val,,,,,,,
C1C[C@@H]2[C@@H](CC1)C[C@H]1[C@H]2C[C@H]2CCCC[C@H]12,333.15,2.000103932,0.69319914520976,-3.56824777,val,,,,,,,
C1C[C@@H]2[C@@H](CC1)C[C@H]1[C@H]2C[C@H]2CCCC[C@H]12,372.039,1.429554748,0.357363030752694,-3.56824777,val,,,,,,,
c1cc2c(cc1)c(ccc2)C(C)(C)C,273.15,5.694006342,1.73941410265923,-4.135800834,152,,,,,,,
c1cc2c(cc1)c(ccc2)C(C)(C)C,298.15,3.219050233,1.16908635735179,-4.135800834,152,,,,,,,
c1cc2c(cc1)c(ccc2)C(C)(C)C,310.928,2.315594729,0.839666556920243,-4.135800834,152,,,,,,,
c1cc2c(cc1)c(ccc2)C(C)(C)C,333.15,1.730038456,0.548143637164363,-4.135800834,152,,,,,,,
c1cc2c(cc1)c(ccc2)C(C)(C)C,372.039,1.237038423,0.21272015436692,-4.135800834,152,,,,,,,
c1c2c(cc(c1)CCCC)[C@H]1[C@H](CC2)CC[C@@H](C1)CCCCCC,273.15,11.129504,2.40959960005365,-4.377009534,153,,,,,,,
c1c2c(cc(c1)CCCC)[C@H]1[C@H](CC2)CC[C@@H](C1)CCCCCC,298.15,6.858703009,1.92551835811917,-4.377009534,153,,,,,,,
c1c2c(cc(c1)CCCC)[C@H]1[C@H](CC2)CC[C@@H](C1)CCCCCC,310.928,4.56002398,1.5173278822844,-4.377009534,153,,,,,,,
c1c2c(cc(c1)CCCC)[C@H]1[C@H](CC2)CC[C@@H](C1)CCCCCC,333.15,3.067622457,1.12090281758851,-4.377009534,153,,,,,,,
c1c2c(cc(c1)CCCC)[C@H]1[C@H](CC2)CC[C@@H](C1)CCCCCC,372.039,1.924853942,0.654850090575434,-4.377009534,153,,,,,,,
c1cc2c(cc1)cc(cc2)C(C)(C)C,273.15,9.449916487,2.2460059041121,-5.946391317,154,,,,,,,
c1cc2c(cc1)cc(cc2)C(C)(C)C,298.15,2.264978733,0.817565369486943,-5.946391317,154,,,,,,,
c1cc2c(cc1)cc(cc2)C(C)(C)C,310.928,1.762601623,0.566790912481819,-5.946391317,154,,,,,,,
c1cc2c(cc1)cc(cc2)C(C)(C)C,333.15,1.39717697,0.334453750848762,-5.946391317,154,,,,,,,
c1cc2c(cc1)cc(cc2)C(C)(C)C,372.039,1.059763988,0.0580462305029659,-5.946391317,154,,,,,,,
C1[C@H]2[C@@H](CCC1)CC[C@H]1CCCC[C@H]1CC2,273.15,5.501858139,1.70508587863672,-3.353536323,155,,,,,,,
C1[C@H]2[C@@H](CCC1)CC[C@H]1CCCC[C@H]1CC2,298.15,3.847890823,1.34752515999971,-3.353536323,155,,,,,,,
C1[C@H]2[C@@H](CCC1)CC[C@H]1CCCC[C@H]1CC2,310.928,2.817443251,1.03582982511404,-3.353536323,155,,,,,,,
C1[C@H]2[C@@H](CCC1)CC[C@H]1CCCC[C@H]1CC2,333.15,2.105611398,0.7446058753181,-3.353536323,155,,,,,,,
C1[C@H]2[C@@H](CCC1)CC[C@H]1CCCC[C@H]1CC2,372.039,1.488754715,0.39794000876884,-3.353536323,155,,,,,,,
c1(ccc(cc1)[C@@H](CCCCCCCC)CCCCCCCCC)C,273.15,6.636201952,1.89253980465597,-3.84453554,156,,,,,,,
c1(ccc(cc1)[C@@H](CCCCCCCC)CCCCCCCCC)C,298.15,4.126673742,1.41747169312645,-3.84453554,156,,,,,,,
c1(ccc(cc1)[C@@H](CCCCCCCC)CCCCCCCCC)C,310.928,2.984468533,1.09342168509637,-3.84453554,156,,,,,,,
c1(ccc(cc1)[C@@H](CCCCCCCC)CCCCCCCCC)C,333.15,2.183735492,0.78103693882643,-3.84453554,156,,,,,,,
c1(ccc(cc1)[C@@H](CCCCCCCC)CCCCCCCCC)C,372.039,1.493915523,0.401400540935237,-3.84453554,156,,,,,,,
c1ccc(cc1)CCC(CCc1ccccc1)CCCCCCCC,273.15,6.55021116,1.87949728729546,-3.825196756,157,,,,,,,
c1ccc(cc1)CCC(CCc1ccccc1)CCCCCCCC,298.15,3.985079739,1.38255732182869,-3.825196756,157,,,,,,,
c1ccc(cc1)CCC(CCc1ccccc1)CCCCCCCC,310.928,2.881831485,1.05842602432027,-3.825196756,157,,,,,,,
c1ccc(cc1)CCC(CCc1ccccc1)CCCCCCCC,333.15,2.139179798,0.760422483603672,-3.825196756,157,,,,,,,
c1ccc(cc1)CCC(CCc1ccccc1)CCCCCCCC,372.039,1.486165551,0.396199347223497,-3.825196756,157,,,,,,,
CCCCCC(CCCCC(CCCCC)CCCCC)CCCCC,273.15,5.636857952,1.72932680956249,-3.710288664,158,,,,,,,
CCCCCC(CCCCC(CCCCC)CCCCC)CCCCC,298.15,3.602813147,1.28171497002704,-3.710288664,158,,,,,,,
CCCCCC(CCCCC(CCCCC)CCCCC)CCCCC,310.928,2.641067102,0.971183040792298,-3.710288664,158,,,,,,,
CCCCCC(CCCCC(CCCCC)CCCCC)CCCCC,333.15,1.976329304,0.681241237262666,-3.710288664,158,,,,,,,
CCCCCC(CCCCC(CCCCC)CCCCC)CCCCC,372.039,1.368707988,0.313867220412983,-3.710288664,158,,,,,,,
c1c2c(c(cc1)/C(=C/CCCCCCCCC)/CCCCCCCCCC)cccc2,273.15,11.59480334,2.45055700980471,-4.422199949,159,,,,,,,
c1c2c(c(cc1)/C(=C/CCCCCCCCC)/CCCCCCCCCC)cccc2,298.15,6.57231362,1.88286591966942,-4.422199949,159,,,,,,,
c1c2c(c(cc1)/C(=C/CCCCCCCCC)/CCCCCCCCCC)cccc2,310.928,4.456808374,1.49443289864929,-4.422199949,159,,,,,,,
c1c2c(c(cc1)/C(=C/CCCCCCCCC)/CCCCCCCCCC)cccc2,333.15,3.068630759,1.12123145526808,-4.422199949,159,,,,,,,
c1c2c(c(cc1)/C(=C/CCCCCCCCC)/CCCCCCCCCC)cccc2,372.039,1.941966123,0.663700925329748,-4.422199949,159,,,,,,,
C1CCCCC1[C@@H](CCCC)CCCCCCCCCCCCCCC,273.15,7.058229576,1.95419425178558,-3.756981036,test,,,,,,,
C1CCCCC1[C@@H](CCCC)CCCCCCCCCCCCCCC,298.15,4.402438955,1.48215869530685,-3.756981036,test,,,,,,,
C1CCCCC1[C@@H](CCCC)CCCCCCCCCCCCCCC,310.928,3.182792277,1.15775888603847,-3.756981036,test,,,,,,,
C1CCCCC1[C@@H](CCCC)CCCCCCCCCCCCCCC,333.15,2.335413859,0.84818911695719,-3.756981036,test,,,,,,,
C1CCCCC1[C@@H](CCCC)CCCCCCCCCCCCCCC,372.039,1.599709445,0.469822015880027,-3.756981036,test,,,,,,,
C1CCCC(C1)CC(CCCCCCCCCC)CCCCCCCCCC,273.15,7.241779204,1.97986692261576,-3.78791068,161,,,,,,,
C1CCCC(C1)CC(CCCCCCCCCC)CCCCCCCCCC,298.15,4.515207126,1.50745106089978,-3.78791068,161,,,,,,,
C1CCCC(C1)CC(CCCCCCCCCC)CCCCCCCCCC,310.928,3.257583233,1.18098558088,-3.78791068,161,,,,,,,
C1CCCC(C1)CC(CCCCCCCCCC)CCCCCCCCCC,333.15,2.380873621,0.867467487977595,-3.78791068,161,,,,,,,
C1CCCC(C1)CC(CCCCCCCCCC)CCCCCCCCCC,372.039,1.616085623,0.480006943224976,-3.78791068,161,,,,,,,
C1CCC(C1)CCCC(=CCCC1CCCC1)CCCC1CCCC1,273.15,7.869211242,2.06295783402669,-3.742947252,162,,,,,,,
C1CCC(C1)CCCC(=CCCC1CCCC1)CCCC1CCCC1,298.15,4.886492562,1.58647477864272,-3.742947252,162,,,,,,,
C1CCC(C1)CCCC(=CCCC1CCCC1)CCCC1CCCC1,310.928,3.512178616,1.25623653324954,-3.742947252,162,,,,,,,
C1CCC(C1)CCCC(=CCCC1CCCC1)CCCC1CCCC1,333.15,2.562324201,0.940914737623326,-3.742947252,162,,,,,,,
C1CCC(C1)CCCC(=CCCC1CCCC1)CCCC1CCCC1,372.039,1.739996369,0.553883026442651,-3.742947252,162,,,,,,,
c1ccc(cc1)CCC(CCCC1CCCC1)CCc1ccccc1,273.15,9.463878237,2.24748226068039,-4.40579727,test,,,,,,,
c1ccc(cc1)CCC(CCCC1CCCC1)CCc1ccccc1,298.15,5.209593319,1.6505017949451,-4.40579727,test,,,,,,,
c1ccc(cc1)CCC(CCCC1CCCC1)CCc1ccccc1,310.928,3.556624439,1.26881190375408,-4.40579727,test,,,,,,,
c1ccc(cc1)CCC(CCCC1CCCC1)CCc1ccccc1,333.15,2.524996107,0.926239520943957,-4.40579727,test,,,,,,,
c1ccc(cc1)CCC(CCCC1CCCC1)CCc1ccccc1,372.039,1.681517681,0.519696767159259,-4.40579727,test,,,,,,,
c1cc(ccc1[C@H](CCCCCCCCCCC)CCCCCCC)C,273.15,6.93975917,1.93726707218749,-3.841941381,164,,,,,,,
c1cc(ccc1[C@H](CCCCCCCCCCC)CCCCCCC)C,298.15,4.320819277,1.46344503172892,-3.841941381,164,,,,,,,
c1cc(ccc1[C@H](CCCCCCCCCCC)CCCCCCC)C,310.928,3.116531134,1.13672056726981,-3.841941381,164,,,,,,,
c1cc(ccc1[C@H](CCCCCCCCCCC)CCCCCCC)C,333.15,2.277807399,0.823213313162611,-3.841941381,164,,,,,,,
c1cc(ccc1[C@H](CCCCCCCCCCC)CCCCCCC)C,372.039,1.543557224,0.4340896384549,-3.841941381,164,,,,,,,
C1[C@@H]2[C@@H](CCC1)[C@H]([C@H]1CCCC[C@@H]21)CCCCCCCCCCCC,273.15,10.19617284,2.32201243811597,-4.421337143,165,,,,,,,
C1[C@@H]2[C@@H](CCC1)[C@H]([C@H]1CCCC[C@@H]21)CCCCCCCCCCCC,298.15,5.7164784,1.74335295145693,-4.421337143,165,,,,,,,
C1[C@@H]2[C@@H](CCC1)[C@H]([C@H]1CCCC[C@@H]21)CCCCCCCCCCCC,310.928,3.902194048,1.36153897135907,-4.421337143,165,,,,,,,
C1[C@@H]2[C@@H](CCC1)[C@H]([C@H]1CCCC[C@@H]21)CCCCCCCCCCCC,333.15,2.708934677,0.996555449486277,-4.421337143,165,,,,,,,
C1[C@@H]2[C@@H](CCC1)[C@H]([C@H]1CCCC[C@@H]21)CCCCCCCCCCCC,372.039,1.771703716,0.571941635042612,-4.421337143,165,,,,,,,
c1ccc(cc1)C(c1ccccc1)C,273.15,2.594571557,0.953421399711276,-2.589265127,test,,,,,,,
c1ccc(cc1)C(c1ccccc1)C,298.15,1.91873402,0.651665603979927,-2.589265127,test,,,,,,,
c1ccc(cc1)C(c1ccccc1)C,310.928,1.574487137,0.453929591947927,-2.589265127,test,,,,,,,
c1ccc(cc1)C(c1ccccc1)C,333.15,1.303193542,0.264817822799252,-2.589265127,test,,,,,,,
c1ccc(cc1)C(c1ccccc1)C,372.039,1.031906915,0.0314084643478179,-2.589265127,test,,,,,,,
C1CCC(CC1)CC1CCCCC1,273.15,2.911175336,1.0685568951722,-2.16670017,167,,,,,,,
C1CCC(CC1)CC1CCCCC1,298.15,2.127038143,0.754730468826468,-2.16670017,167,,,,,,,
C1CCC(CC1)CC1CCCCC1,310.928,1.726204952,0.545925329528306,-2.16670017,167,,,,,,,
C1CCC(CC1)CC1CCCCC1,333.15,1.404735155,0.339848783237656,-2.16670017,167,,,,,,,
C1CCC(CC1)CC1CCCCC1,372.039,1.293922852,0.257678574517762,-2.16670017,167,,,,,,,
CCCCCCC(CCCCCC)CCC,273.15,2.182007411,0.780245283830409,-2.667216936,168,,,,,,,
CCCCCCC(CCCCCC)CCC,298.15,1.652276267,0.502153892957295,-2.667216936,168,,,,,,,
CCCCCCC(CCCCCC)CCC,310.928,1.366397011,0.312177356549776,-2.667216936,168,,,,,,,
CCCCCCC(CCCCCC)CCC,333.15,1.13369393,0.125481265876954,-2.667216936,168,,,,,,,
CCCCCCC(CCCCCC)CCC,372.039,0.887540868,-0.119300710242059,-2.667216936,168,,,,,,,
CCCCC(CCCC)CCCC,273.15,1.556074161,0.44216608593149,-2.42139175,val,,,,,,,
CCCCC(CCCC)CCCC,298.15,1.239668305,0.214843847865776,-2.42139175,val,,,,,,,
CCCCC(CCCC)CCCC,310.928,1.060971097,0.0591846179789859,-2.42139175,val,,,,,,,
CCCCC(CCCC)CCCC,333.15,0.908130231,-0.0963674844539457,-2.42139175,val,,,,,,,
CCCCC(CCCC)CCCC,372.039,0.736185576,-0.306273050731189,-2.42139175,val,,,,,,,
CCC=C(CCC)CCC,273.15,0.967797015,-0.0327329089426165,-1.909564595,test,,,,,,,
CCC=C(CCC)CCC,298.15,0.848048942,-0.164816930233017,-1.909564595,test,,,,,,,
CCC=C(CCC)CCC,310.928,0.768584133,-0.263205245092587,-1.909564595,test,,,,,,,
CCC=C(CCC)CCC,333.15,0.690889356,-0.369775589598245,-1.909564595,test,,,,,,,
CCC=C(CCC)CCC,372.039,0.591264177,-0.525492361450777,-1.909564595,test,,,,,,,
CC(/C(=C/C(C(C)(C)C)(C)C)/C)(C)C,273.15,2.056289553,0.720903170848065,-2.347219073,171,,,,,,,
CC(/C(=C/C(C(C)(C)C)(C)C)/C)(C)C,298.15,1.621882152,0.483587297073376,-2.347219073,171,,,,,,,
CC(/C(=C/C(C(C)(C)C)(C)C)/C)(C)C,310.928,1.374750253,0.318272080439231,-2.347219073,171,,,,,,,
CC(/C(=C/C(C(C)(C)C)(C)C)/C)(C)C,333.15,1.161999423,0.150142161871937,-2.347219073,171,,,,,,,
CC(/C(=C/C(C(C)(C)C)(C)C)/C)(C)C,372.039,0.921299908,-0.0819696627261508,-2.347219073,171,,,,,,,
CC([C@H](CC(C(C)(C)C)(C)C)C)(C)C,273.15,2.524476203,0.926033596851331,-2.49590592,172,,,,,,,
CC([C@H](CC(C(C)(C)C)(C)C)C)(C)C,298.15,1.937201893,0.661244608730023,-2.49590592,172,,,,,,,
CC([C@H](CC(C(C)(C)C)(C)C)C)(C)C,310.928,1.607924691,0.474944335704807,-2.49590592,172,,,,,,,
CC([C@H](CC(C(C)(C)C)(C)C)C)(C)C,333.15,1.332895672,0.287353772567271,-2.49590592,172,,,,,,,
CC([C@H](CC(C(C)(C)C)(C)C)C)(C)C,372.039,1.031906915,0.0314084643478179,-2.49590592,172,,,,,,,
CCCC(CCCCC(CCC)CCC)CCC,273.15,2.681238879,0.986278955993281,-2.94008506,val,,,,,,,
CCCC(CCCCC(CCC)CCC)CCC,298.15,1.926148853,0.655522596474669,-2.94008506,val,,,,,,,
CCCC(CCCCC(CCC)CCC)CCC,310.928,1.549709432,0.438067450131922,-2.94008506,val,,,,,,,
CCCC(CCCCC(CCC)CCC)CCC,333.15,1.25819964,0.229681842030718,-2.94008506,val,,,,,,,
CCCC(CCCCC(CCC)CCC)CCC,372.039,0.963342188,-0.0373465948905105,-2.94008506,val,,,,,,,
C1CCC(C1)CCCCCCCCCC,273.15,2.209136646,0.792601781284426,-2.306625798,174,,,,,,,
C1CCC(C1)CCCCCCCCCC,298.15,1.742105516,0.555094448352518,-2.306625798,174,,,,,,,
C1CCC(C1)CCCCCCCCCC,310.928,1.471556338,0.386320574061113,-2.306625798,174,,,,,,,
C1CCC(C1)CCCCCCCCCC,333.15,1.23999653,0.215108581225933,-2.306625798,174,,,,,,,
C1CCC(C1)CCCCCCCCCC,372.039,0.98269408,-0.01745741785089,-2.306625798,174,,,,,,,
CC(CCCCCCCCCCCCC)C,273.15,2.194534882,0.785970125212351,-2.405887244,175,,,,,,,
CC(CCCCCCCCCCCCC)C,298.15,1.709463421,0.536179532383645,-2.405887244,175,,,,,,,
CC(CCCCCCCCCCCCC)C,310.928,1.4379749,0.363235804348187,-2.405887244,175,,,,,,,
CC(CCCCCCCCCCCCC)C,333.15,1.206595357,0.187802639014469,-2.405887244,175,,,,,,,
CC(CCCCCCCCCCCCC)C,372.039,0.952918887,-0.0482254922766175,-2.405887244,175,,,,,,,
C1[C@H]2[C@@H](CCC1)[C@H]([C@H](C2)CCCC)CCCCCC,273.15,6.366775644,1.85109316309662,-4.18557862,176,,,,,,,
C1[C@H]2[C@@H](CCC1)[C@H]([C@H](C2)CCCC)CCCCCC,298.15,3.763430488,1.32533090528069,-4.18557862,176,,,,,,,
C1[C@H]2[C@@H](CCC1)[C@H]([C@H](C2)CCCC)CCCCCC,310.928,2.653408992,0.975845225354514,-4.18557862,176,,,,,,,
C1[C@H]2[C@@H](CCC1)[C@H]([C@H](C2)CCCC)CCCCCC,333.15,1.931132919,0.658106835360162,-4.18557862,176,,,,,,,
C1[C@H]2[C@@H](CCC1)[C@H]([C@H](C2)CCCC)CCCCCC,372.039,1.32990436,0.285107029873595,-4.18557862,176,,,,,,,
C1[C@H]2[C@@H](C[C@@H]([C@@H]1CCCCCC)CCCC)CCC2,273.15,5.258870133,1.65991620006385,-3.763027509,177,,,,,,,
C1[C@H]2[C@@H](C[C@@H]([C@@H]1CCCCCC)CCCC)CCC2,298.15,3.31292569,1.19783169324429,-3.763027509,177,,,,,,,
C1[C@H]2[C@@H](C[C@@H]([C@@H]1CCCCCC)CCCC)CCC2,310.928,2.438060454,0.891202827306203,-3.763027509,177,,,,,,,
C1[C@H]2[C@@H](C[C@@H]([C@@H]1CCCCCC)CCCC)CCC2,333.15,1.828648863,0.603577367926776,-3.763027509,177,,,,,,,
C1[C@H]2[C@@H](C[C@@H]([C@@H]1CCCCCC)CCCC)CCC2,372.039,1.283310364,0.249442961289591,-3.763027509,177,,,,,,,
c1cc2c(cc1CCCC)cccc2,273.15,2.653408992,0.975845225354514,-2.693891303,val,,,,,,,
c1cc2c(cc1CCCC)cccc2,298.15,1.951085563,0.668385916650626,-2.693891303,val,,,,,,,
c1cc2c(cc1CCCC)cccc2,310.928,1.595462984,0.467163966216326,-2.693891303,val,,,,,,,
c1cc2c(cc1CCCC)cccc2,333.15,1.309632251,0.269746373375101,-2.693891303,val,,,,,,,
c1cc2c(cc1CCCC)cccc2,372.039,1.019300177,0.0191162908407974,-2.693891303,val,,,,,,,
c1c2c(cc(c1)CCCC)[C@H](CCC2)CCCCCC,273.15,5.97976049,1.78838051532098,-3.806625233,179,,,,,,,
c1c2c(cc(c1)CCCC)[C@H](CCC2)CCCCCC,298.15,3.736958631,1.31827208033236,-3.806625233,179,,,,,,,
c1c2c(cc(c1)CCCC)[C@H](CCC2)CCCCCC,310.928,2.727704825,1.00346053214749,-3.806625233,179,,,,,,,
c1c2c(cc(c1)CCCC)[C@H](CCC2)CCCCCC,333.15,2.014647216,0.700444101162357,-3.806625233,179,,,,,,,
c1c2c(cc(c1)CCCC)[C@H](CCC2)CCCCCC,372.039,1.396614984,0.334051440285318,-3.806625233,179,,,,,,,
C1[C@H]2[C@@H]([C@@H](CC1)CCCCCC)C[C@H](CC2)CCCC,273.15,6.504196915,1.87244764777121,-3.950412521,180,,,,,,,
C1[C@H]2[C@@H]([C@@H](CC1)CCCCCC)C[C@H](CC2)CCCC,298.15,3.977898922,1.38075377085808,-3.950412521,180,,,,,,,
C1[C@H]2[C@@H]([C@@H](CC1)CCCCCC)C[C@H](CC2)CCCC,310.928,2.859841807,1.05076631106422,-3.950412521,180,,,,,,,
C1[C@H]2[C@@H]([C@@H](CC1)CCCCCC)C[C@H](CC2)CCCC,333.15,2.09520509,0.739651443570766,-3.950412521,180,,,,,,,
C1[C@H]2[C@@H]([C@@H](CC1)CCCCCC)C[C@H](CC2)CCCC,372.039,1.431189493,0.358505911793585,-3.950412521,180,,,,,,,
C1[C@H]2[C@@H](CCC1)[C@@H](CCC2)C(C)(C)C,273.15,3.387553868,1.220108088072,-2.845799785,181,,,,,,,
C1[C@H]2[C@@H](CCC1)[C@@H](CCC2)C(C)(C)C,298.15,2.417544016,0.882752155418446,-2.845799785,181,,,,,,,
C1[C@H]2[C@@H](CCC1)[C@@H](CCC2)C(C)(C)C,310.928,1.934630206,0.659916200207947,-2.845799785,181,,,,,,,
C1[C@H]2[C@@H](CCC1)[C@@H](CCC2)C(C)(C)C,333.15,1.552161429,0.439648429882923,-2.845799785,181,,,,,,,
C1[C@H]2[C@@H](CCC1)[C@@H](CCC2)C(C)(C)C,372.039,1.173708381,0.160168292764716,-2.845799785,181,,,,,,,
