,smiles,temperature,lnA,target,splits
0,c1c2c(cc(c1)CCCC)[C@H](CCC2)CCCCCC,1.36203185063152,-6.79734730673992,1.13633184757306,train
0,c1c2c(cc(c1)CCCC)[C@H](CCC2)CCCCCC,1.24782492034211,-6.79734730673992,0.469721363382736,train
0,c1c2c(cc(c1)CCCC)[C@H](CCC2)CCCCCC,1.19654389440642,-6.79734730673992,0.0233207822714802,train
0,c1c2c(cc(c1)CCCC)[C@H](CCC2)CCCCCC,1.11673120216119,-6.79734730673992,-0.406354404861706,train
0,c1c2c(cc(c1)CCCC)[C@H](CCC2)CCCCCC,1.0,-6.79734730673992,-0.925896644253641,train
0,[C@H]1(CCC[C@@H]1CCCCCCCCCCCCCCCC)C1CCCC1,1.36203185063152,-5.78813762233228,1.07577442805159,train
0,[C@H]1(CCC[C@@H]1CCCCCCCCCCCCCCCC)C1CCCC1,1.24782492034211,-5.78813762233228,0.577743505859154,train
0,[C@H]1(CCC[C@@H]1CCCCCCCCCCCCCCCC)C1CCCC1,1.19654389440642,-5.78813762233228,0.175706409976926,train
0,[C@H]1(CCC[C@@H]1CCCCCCCCCCCCCCCC)C1CCCC1,1.11673120216119,-5.78813762233228,-0.21367749140831,train
0,[C@H]1(CCC[C@@H]1CCCCCCCCCCCCCCCC)C1CCCC1,1.0,-5.78813762233228,-0.706817747813488,train
0,CCCCCCCCC[C@](CCCCCCCCCC)(CCCCCCC)CCCCCCCC,1.36203185063152,-6.9205408707965,1.74517063405045,train
0,CCCCCCCCC[C@](CCCCCCCCCC)(CCCCCCC)CCCCCCCC,1.24782492034211,-6.9205408707965,1.05408534963158,train
0,CCCCCCCCC[C@](CCCCCCCCCC)(CCCCCCC)CCCCCCCC,1.19654389440642,-6.9205408707965,0.570248566844277,train
0,CCCCCCCCC[C@](CCCCCCCCCC)(CCCCCCC)CCCCCCCC,1.11673120216119,-6.9205408707965,0.0963975199688613,train
0,CCCCCCCCC[C@](CCCCCCCCCC)(CCCCCCC)CCCCCCCC,1.0,-6.9205408707965,-0.512744647698988,train
0,c1c2c(c(cc1)C(CCCCCCCCCC)CCCCCCCCCC)CCCC2,1.36203185063152,-7.9553694948341,2.2783103840359,train
0,c1c2c(c(cc1)C(CCCCCCCCCC)CCCCCCCCCC)CCCC2,1.24782492034211,-7.9553694948341,1.44070256994561,train
0,c1c2c(c(cc1)C(CCCCCCCCCC)CCCCCCCCCC)CCCC2,1.19654389440642,-7.9553694948341,0.863135786845199,train
0,c1c2c(c(cc1)C(CCCCCCCCCC)CCCCCCCCCC)CCCC2,1.11673120216119,-7.9553694948341,0.305540793868229,train
0,c1c2c(c(cc1)C(CCCCCCCCCC)CCCCCCCCCC)CCCC2,1.0,-7.9553694948341,-0.38310836273266,train
0,c1cc2c(cc1)CC(C2)CCCCCCCCCC,1.36203185063152,-5.59041907220406,0.472261101404957,train
0,c1cc2c(cc1)CC(C2)CCCCCCCCCC,1.24782492034211,-5.59041907220406,-0.0334705710908454,train
0,c1cc2c(cc1)CC(C2)CCCCCCCCCC,1.19654389440642,-5.59041907220406,-0.367930826736882,train
0,c1cc2c(cc1)CC(C2)CCCCCCCCCC,1.11673120216119,-5.59041907220406,-0.696900841471405,train
0,c1cc2c(cc1)CC(C2)CCCCCCCCCC,1.0,-5.59041907220406,-1.10668422735953,train
0,c1ccc(cc1)CCC(CCc1ccccc1)CCCCCCCC,1.36203185063152,-6.82368159691168,1.26553479515523,train
0,c1ccc(cc1)CCC(CCc1ccccc1)CCCCCCCC,1.24782492034211,-6.82368159691168,0.560877387760809,train
0,c1ccc(cc1)CCC(CCc1ccccc1)CCCCCCCC,1.19654389440642,-6.82368159691168,0.101261467066773,train
0,c1ccc(cc1)CCC(CCc1ccccc1)CCCCCCCC,1.11673120216119,-6.82368159691168,-0.321305476605132,train
0,c1ccc(cc1)CCC(CCc1ccccc1)CCCCCCCC,1.0,-6.82368159691168,-0.83777134538195,train
0,C1[C@H]2[C@@H](C[C@@H](C1)CCCCCC)C[C@@H](C2)CCCC,1.36203185063152,-6.09653226549881,0.762923648754636,train
0,C1[C@H]2[C@@H](C[C@@H](C1)CCCCCC)C[C@@H](C2)CCCC,1.24782492034211,-6.09653226549881,0.194959894657952,train
0,C1[C@H]2[C@@H](C[C@@H](C1)CCCCCC)C[C@@H](C2)CCCC,1.19654389440642,-6.09653226549881,-0.186974610334697,train
0,C1[C@H]2[C@@H](C[C@@H](C1)CCCCCC)C[C@@H](C2)CCCC,1.11673120216119,-6.09653226549881,-0.556734765038375,train
0,C1[C@H]2[C@@H](C[C@@H](C1)CCCCCC)C[C@@H](C2)CCCC,1.0,-6.09653226549881,-1.02373483386024,train
0,CCCCCCCCCCC(CCCCCCCCCC)CC(C)(C)C,1.36203185063152,-6.35888775769587,0.990028458704853,train
0,CCCCCCCCCCC(CCCCCCCCCC)CC(C)(C)C,1.24782492034211,-6.35888775769587,0.384480290423851,train
0,CCCCCCCCCCC(CCCCCCCCCC)CC(C)(C)C,1.19654389440642,-6.35888775769587,-0.0300632225913829,train
0,CCCCCCCCCCC(CCCCCCCCCC)CC(C)(C)C,1.11673120216119,-6.35888775769587,-0.425933813911487,train
0,CCCCCCCCCCC(CCCCCCCCCC)CC(C)(C)C,1.0,-6.35888775769587,-0.922481700997243,train
0,c1c2c(cc(c1)CCCC)[C@H]1[C@H](CC2)CC[C@@H](C1)CCCCCC,1.36203185063152,-7.60614827001848,2.01721617986959,train
0,c1c2c(cc(c1)CCCC)[C@H]1[C@H](CC2)CC[C@@H](C1)CCCCCC,1.24782492034211,-7.60614827001848,1.33079235281954,train
0,c1c2c(cc(c1)CCCC)[C@H]1[C@H](CC2)CC[C@@H](C1)CCCCCC,1.19654389440642,-7.60614827001848,0.751981103145447,train
0,c1c2c(cc(c1)CCCC)[C@H]1[C@H](CC2)CC[C@@H](C1)CCCCCC,1.11673120216119,-7.60614827001848,0.189853124462175,train
0,c1c2c(cc(c1)CCCC)[C@H]1[C@H](CC2)CC[C@@H](C1)CCCCCC,1.0,-7.60614827001848,-0.471006394086838,train
0,CCCCCCC(CCCCCC)CCCCCC,1.36203185063152,-5.56104517784502,0.154351734891322,train
0,CCCCCCC(CCCCCC)CCCCCC,1.24782492034211,-5.56104517784502,-0.311336653307435,train
0,CCCCCCC(CCCCCC)CCCCCC,1.19654389440642,-5.56104517784502,-0.625460946053555,train
0,CCCCCCC(CCCCCC)CCCCCC,1.11673120216119,-5.56104517784502,-0.935386571239571,train
0,CCCCCCC(CCCCCC)CCCCCC,1.0,-5.56104517784502,-1.33642218877042,train
0,CC(CCC[C@@H](CCC[C@@H](CCCC[C@H](CCC[C@H](CCCC(C)C)C)C)C)C)C,1.36203185063152,-7.00416383769438,1.53572000861903,train
0,CC(CCC[C@@H](CCC[C@@H](CCCC[C@H](CCC[C@H](CCCC(C)C)C)C)C)C)C,1.24782492034211,-7.00416383769438,0.813374518435893,train
0,CC(CCC[C@@H](CCC[C@@H](CCCC[C@H](CCC[C@H](CCCC(C)C)C)C)C)C)C,1.19654389440642,-7.00416383769438,0.333486216663042,train
0,CC(CCC[C@@H](CCC[C@@H](CCCC[C@H](CCC[C@H](CCCC(C)C)C)C)C)C)C,1.11673120216119,-7.00416383769438,-0.131681007824276,train
0,CC(CCC[C@@H](CCC[C@@H](CCCC[C@H](CCC[C@H](CCCC(C)C)C)C)C)C)C,1.0,-7.00416383769438,-0.682510807073319,train
0,CCCCCCCCC(CCCCCCCC)CCCCCCCC,1.36203185063152,-5.92791455815578,0.711375193808683,train
0,CCCCCCCCC(CCCCCCCC)CCCCCCCC,1.24782492034211,-5.92791455815578,0.170917688360804,train
0,CCCCCCCCC(CCCCCCCC)CCCCCCCC,1.19654389440642,-5.92791455815578,-0.197727134840632,train
0,CCCCCCCCC(CCCCCCCC)CCCCCCCC,1.11673120216119,-5.92791455815578,-0.561453765031963,train
0,CCCCCCCCC(CCCCCCCC)CCCCCCCC,1.0,-5.92791455815578,-1.01741178220034,train
0,CCCC(CCCCCCCCCCCCC)CCC,1.36203185063152,-5.32967460301027,0.153161571739964,train
0,CCCC(CCCCCCCCCCCCC)CCC,1.24782492034211,-5.32967460301027,-0.241966773798934,train
0,CCCC(CCCCCCCCCCCCC)CCC,1.19654389440642,-5.32967460301027,-0.567802548463974,train
0,CCCC(CCCCCCCCCCCCC)CCC,1.11673120216119,-5.32967460301027,-0.879199956060368,train
0,CCCC(CCCCCCCCCCCCC)CCC,1.0,-5.32967460301027,-1.26909770803477,train
0,CC(CCCCCCCCCCCCCCC)C,1.36203185063152,-4.93084655676152,-0.0391076297481998,train
0,CC(CCCCCCCCCCCCCCC)C,1.24782492034211,-4.93084655676152,-0.400977040227562,train
0,CC(CCCCCCCCCCCCCCC)C,1.19654389440642,-4.93084655676152,-0.676581075940215,train
0,CC(CCCCCCCCCCCCCCC)C,1.11673120216119,-4.93084655676152,-0.950049800504701,train
0,CC(CCCCCCCCCCCCCCC)C,1.0,-4.93084655676152,-1.31458207872635,train
0,CCCCC(CCCCCCCCC(CCCC)CCCC)CCCC,1.36203185063152,-6.33729183586937,0.959342463278029,train
0,CCCCC(CCCCCCCCC(CCCC)CCCC)CCCC,1.24782492034211,-6.33729183586937,0.436589715581034,train
0,CCCCC(CCCCCCCCC(CCCC)CCCC)CCCC,1.19654389440642,-6.33729183586937,-0.0017421229138808,train
0,CCCCC(CCCCCCCCC(CCCC)CCCC)CCCC,1.11673120216119,-6.33729183586937,-0.418377565610097,train
0,CCCCC(CCCCCCCCC(CCCC)CCCC)CCCC,1.0,-6.33729183586937,-0.931054830710608,train
0,C1[C@H]2[C@@H](CCC1)[C@H]1[C@H](CC2)CCCC1,1.36203185063152,-5.11423810376997,0.288699972651123,train
0,C1[C@H]2[C@@H](CCC1)[C@H]1[C@H](CC2)CCCC1,1.24782492034211,-5.11423810376997,-0.15132142376855,train
0,C1[C@H]2[C@@H](CCC1)[C@H]1[C@H](CC2)CCCC1,1.19654389440642,-5.11423810376997,-0.442761074333,train
0,C1[C@H]2[C@@H](CCC1)[C@H]1[C@H](CC2)CCCC1,1.11673120216119,-5.11423810376997,-0.749876921963236,train
0,C1[C@H]2[C@@H](CCC1)[C@H]1[C@H](CC2)CCCC1,1.0,-5.11423810376997,-1.11710585933827,train
0,C1CCCC(C1)CC(CCCCCCCCCC)CCCCCCCCCC,1.36203185063152,-6.77081020102507,1.40785823846994,train
0,C1CCCC(C1)CC(CCCCCCCCCC)CCCCCCCCCC,1.24782492034211,-6.77081020102507,0.737975839262823,train
0,C1CCCC(C1)CC(CCCCCCCCCC)CCCCCCCCCC,1.19654389440642,-6.77081020102507,0.275050064036771,train
0,C1CCCC(C1)CC(CCCCCCCCCC)CCCCCCCCCC,1.11673120216119,-6.77081020102507,-0.169516406499244,train
0,C1CCCC(C1)CC(CCCCCCCCCC)CCCCCCCCCC,1.0,-6.77081020102507,-0.718932758385047,train
0,CCCCCCCCCCC(CCCCCCCCCC)C(CC)CC,1.36203185063152,-6.08918404411389,0.860003396796045,train
0,CCCCCCCCCCC(CCCCCCCCCC)C(CC)CC,1.24782492034211,-6.08918404411389,0.289493563654957,train
0,CCCCCCCCCCC(CCCCCCCCCC)C(CC)CC,1.19654389440642,-6.08918404411389,-0.0987862765481359,train
0,CCCCCCCCCCC(CCCCCCCCCC)C(CC)CC,1.11673120216119,-6.08918404411389,-0.477447722849482,train
0,CCCCCCCCCCC(CCCCCCCCCC)C(CC)CC,1.0,-6.08918404411389,-0.948567666220197,train
0,C(CCCC1CCCC1)(CCCC1CCCC1)CCCC1CCCC1,1.36203185063152,-7.2648832169195,1.78628908046816,train
0,C(CCCC1CCCC1)(CCCC1CCCC1)CCCC1CCCC1,1.24782492034211,-7.2648832169195,1.02667431812269,train
0,C(CCCC1CCCC1)(CCCC1CCCC1)CCCC1CCCC1,1.19654389440642,-7.2648832169195,0.516710350847227,train
0,C(CCCC1CCCC1)(CCCC1CCCC1)CCCC1CCCC1,1.11673120216119,-7.2648832169195,0.0263679259759725,train
0,C(CCCC1CCCC1)(CCCC1CCCC1)CCCC1CCCC1,1.0,-7.2648832169195,-0.566209206460435,train
0,C1[C@H]2[C@@H](CCC1)C[C@@H]1[C@@H]2C[C@@H]2CC[C@@H](C[C@H]12)CCCCCCCCCC,1.36203185063152,-8.20198791179037,2.50182451411814,train
0,C1[C@H]2[C@@H](CCC1)C[C@@H]1[C@@H]2C[C@@H]2CC[C@@H](C[C@H]12)CCCCCCCCCC,1.24782492034211,-8.20198791179037,1.58746681003959,train
0,C1[C@H]2[C@@H](CCC1)C[C@@H]1[C@@H]2C[C@@H]2CC[C@@H](C[C@H]12)CCCCCCCCCC,1.19654389440642,-8.20198791179037,0.988118522515504,train
0,C1[C@H]2[C@@H](CCC1)C[C@@H]1[C@@H]2C[C@@H]2CC[C@@H](C[C@H]12)CCCCCCCCCC,1.11673120216119,-8.20198791179037,0.405527672729287,train
0,C1[C@H]2[C@@H](CCC1)C[C@@H]1[C@@H]2C[C@@H]2CC[C@@H](C[C@H]12)CCCCCCCCCC,1.0,-8.20198791179037,-0.278162442661639,train
0,c1ccc(cc1)CCC(=CCc1ccccc1)CCc1ccccc1,1.36203185063152,-8.08095980601182,1.93388026694647,train
0,c1ccc(cc1)CCC(=CCc1ccccc1)CCc1ccccc1,1.24782492034211,-8.08095980601182,0.978478966310887,train
0,c1ccc(cc1)CCC(=CCc1ccccc1)CCc1ccccc1,1.19654389440642,-8.08095980601182,0.406512207840251,train
0,c1ccc(cc1)CCC(=CCc1ccccc1)CCc1ccccc1,1.11673120216119,-8.08095980601182,-0.0918971847894821,train
0,c1ccc(cc1)CCC(=CCc1ccccc1)CCc1ccccc1,1.0,-8.08095980601182,-0.66619907997824,train
0,C1CCCCC1[C@@H](CCCCCCCC)CCCCCCCCCCC,1.36203185063152,-6.68810087114234,1.30313194167949,train
0,C1CCCCC1[C@@H](CCCCCCCC)CCCCCCCCCCC,1.24782492034211,-6.68810087114234,0.648730400303073,train
0,C1CCCCC1[C@@H](CCCCCCCC)CCCCCCCCCCC,1.19654389440642,-6.68810087114234,0.195422053751175,train
0,C1CCCCC1[C@@H](CCCCCCCC)CCCCCCCCCCC,1.11673120216119,-6.68810087114234,-0.239340644287365,train
0,C1CCCCC1[C@@H](CCCCCCCC)CCCCCCCCCCC,1.0,-6.68810087114234,-0.774373252628601,train
0,CCCCCCCCC(CCCCCCCCCCCCCCC)CCCCCCCC,1.36203185063152,-6.00651389905055,1.16600309899398,train
0,CCCCCCCCC(CCCCCCCCCCCCCCC)CCCCCCCC,1.24782492034211,-6.00651389905055,0.642950036494327,train
0,CCCCCCCCC(CCCCCCCCCCCCCCC)CCCCCCCC,1.19654389440642,-6.00651389905055,0.227817770256464,train
0,CCCCCCCCC(CCCCCCCCCCCCCCC)CCCCCCCC,1.11673120216119,-6.00651389905055,-0.179795868298991,train
0,CCCCCCCCC(CCCCCCCCCCCCCCC)CCCCCCCC,1.0,-6.00651389905055,-0.69808247254098,train
0,c1ccc(cc1)CCCC(CCCc1ccccc1)CCCc1ccccc1,1.36203185063152,-7.90781543242893,2.06968375310593,train
0,c1ccc(cc1)CCCC(CCCc1ccccc1)CCCc1ccccc1,1.24782492034211,-7.90781543242893,1.38244207543249,train
0,c1ccc(cc1)CCCC(CCCc1ccccc1)CCCc1ccccc1,1.19654389440642,-7.90781543242893,0.734135312120615,train
0,c1ccc(cc1)CCCC(CCCc1ccccc1)CCCc1ccccc1,1.11673120216119,-7.90781543242893,0.163177425518222,train
0,c1ccc(cc1)CCCC(CCCc1ccccc1)CCCc1ccccc1,1.0,-7.90781543242893,-0.498895540124314,train
0,c1cc2c(cc1)c(ccc2)C(C)(C)C,1.36203185063152,-7.26411601462657,1.06689781571124,train
0,c1cc2c(cc1)c(ccc2)C(C)(C)C,1.24782492034211,-7.26411601462657,0.25817704801054,train
0,c1cc2c(cc1)c(ccc2)C(C)(C)C,1.19654389440642,-7.26411601462657,-0.208937932967988,train
0,c1cc2c(cc1)c(ccc2)C(C)(C)C,1.11673120216119,-7.26411601462657,-0.622315401287078,train
0,c1cc2c(cc1)c(ccc2)C(C)(C)C,1.0,-7.26411601462657,-1.09794356201519,train
0,CCCCCC(CCCCC(CCCCC)CCCCC)CCCCC,1.36203185063152,-6.6607427233572,1.0525941044078,train
0,CCCCCC(CCCCC(CCCCC)CCCCC)CCCCC,1.24782492034211,-6.6607427233572,0.417883635770343,train
0,CCCCCC(CCCCC(CCCCC)CCCCC)CCCCC,1.19654389440642,-6.6607427233572,-0.0224484754982822,train
0,CCCCCC(CCCCC(CCCCC)CCCCC)CCCCC,1.11673120216119,-6.6607427233572,-0.433583932028824,train
0,CCCCCC(CCCCC(CCCCC)CCCCC)CCCCC,1.0,-6.6607427233572,-0.954517727349985,train
0,C1CCC(C1)CC(CCCCCC)CCCCCC,1.36203185063152,-5.79052523190634,0.367248429048161,train
0,C1CCC(C1)CC(CCCCCC)CCCCCC,1.24782492034211,-5.79052523190634,-0.138396740055116,train
0,C1CCC(C1)CC(CCCCCC)CCCCCC,1.19654389440642,-5.79052523190634,-0.482705316713858,train
0,C1CCC(C1)CC(CCCCCC)CCCCCC,1.11673120216119,-5.79052523190634,-0.813760890134856,train
0,C1CCC(C1)CC(CCCCCC)CCCCCC,1.0,-5.79052523190634,-1.23706168144272,train
0,CCCCCCCCCCC(CCCCCCCCCC)CCCCC,1.36203185063152,-6.00598479622127,0.819106315113335,train
0,CCCCCCCCCCC(CCCCCCCCCC)CCCCC,1.24782492034211,-6.00598479622127,0.262335244691337,train
0,CCCCCCCCCCC(CCCCCCCCCC)CCCCC,1.19654389440642,-6.00598479622127,-0.121858755660799,train
0,CCCCCCCCCCC(CCCCCCCCCC)CCCCC,1.11673120216119,-6.00598479622127,-0.491381044850259,train
0,CCCCCCCCCCC(CCCCCCCCCC)CCCCC,1.0,-6.00598479622127,-0.957514455706927,train
0,c1ccc(cc1)C(c1ccccc1)CCCCCC,1.36203185063152,-6.47629770678693,0.850043809667401,train
0,c1ccc(cc1)C(c1ccccc1)CCCCCC,1.24782492034211,-6.47629770678693,0.335329458531161,train
0,c1ccc(cc1)C(c1ccccc1)CCCCCC,1.19654389440642,-6.47629770678693,-0.122400346064911,train
0,c1ccc(cc1)C(c1ccccc1)CCCCCC,1.11673120216119,-6.47629770678693,-0.542331526056823,train
0,c1ccc(cc1)C(c1ccccc1)CCCCCC,1.0,-6.47629770678693,-1.04172388155708,train
0,[C@@H]12[C@@H]3[C@H]([C@@H]([C@@H](C1)CC(CCCCCCCC)CCCCCCCC)C2)CCC3,1.36203185063152,-7.66456748139164,2.00875868760159,train
0,[C@@H]12[C@@H]3[C@H]([C@@H]([C@@H](C1)CC(CCCCCCCC)CCCCCCCC)C2)CCC3,1.24782492034211,-7.66456748139164,1.20869866439197,train
0,[C@@H]12[C@@H]3[C@H]([C@@H]([C@@H](C1)CC(CCCCCCCC)CCCCCCCC)C2)CCC3,1.19654389440642,-7.66456748139164,0.662732033065405,train
0,[C@@H]12[C@@H]3[C@H]([C@@H]([C@@H](C1)CC(CCCCCCCC)CCCCCCCC)C2)CCC3,1.11673120216119,-7.66456748139164,0.138848988945616,train
0,[C@@H]12[C@@H]3[C@H]([C@@H]([C@@H](C1)CC(CCCCCCCC)CCCCCCCC)C2)CCC3,1.0,-7.66456748139164,-0.506936290171402,train
0,C1[C@@H]2[C@@H](CCC1)C[C@H](C2)CCCCCCCCCC,1.36203185063152,-5.78249579248984,0.737899263117206,train
0,C1[C@@H]2[C@@H](CCC1)C[C@H](C2)CCCCCCCCCC,1.24782492034211,-5.78249579248984,0.206501827805137,train
0,C1[C@@H]2[C@@H](CCC1)C[C@H](C2)CCCCCCCCCC,1.19654389440642,-5.78249579248984,-0.159899103141185,train
0,C1[C@@H]2[C@@H](CCC1)C[C@H](C2)CCCCCCCCCC,1.11673120216119,-5.78249579248984,-0.509543273734722,train
0,C1[C@@H]2[C@@H](CCC1)C[C@H](C2)CCCCCCCCCC,1.0,-5.78249579248984,-0.96112988697887,train
0,C1(CCCC1)CCCC(CCCC1CCCC1)CCCCCCCC,1.36203185063152,-6.56043282582541,1.29186603721121,train
0,C1(CCCC1)CCCC(CCCC1CCCC1)CCCCCCCC,1.24782492034211,-6.56043282582541,0.648951641832632,train
0,C1(CCCC1)CCCC(CCCC1CCCC1)CCCCCCCC,1.19654389440642,-6.56043282582541,0.205502772857827,train
0,C1(CCCC1)CCCC(CCCC1CCCC1)CCCCCCCC,1.11673120216119,-6.56043282582541,-0.221810314979776,train
0,C1(CCCC1)CCCC(CCCC1CCCC1)CCCCCCCC,1.0,-6.56043282582541,-0.750305919713494,train
0,C1[C@@H]2[C@@H](CCC1)CCCC2,1.36203185063152,-4.27401206533064,-0.6805917448513,train
0,C1[C@@H]2[C@@H](CCC1)CCCC2,1.24782492034211,-4.27401206533064,-0.940040926926521,train
0,C1[C@@H]2[C@@H](CCC1)CCCC2,1.19654389440642,-4.27401206533064,-1.13128152079712,train
0,C1[C@@H]2[C@@H](CCC1)CCCC2,1.11673120216119,-4.27401206533064,-1.33309638441055,train
0,C1[C@@H]2[C@@H](CCC1)CCCC2,1.0,-4.27401206533064,-1.62275825878211,train
0,C1CCC(CC1)CCCC1CCCC1,1.36203185063152,-4.92190780237262,-0.0061484293731377,train
0,C1CCC(CC1)CCCC1CCCC1,1.24782492034211,-4.92190780237262,-0.41128400142627,train
0,C1CCC(CC1)CCCC1CCCC1,1.19654389440642,-4.92190780237262,-0.679060790088249,train
0,C1CCC(CC1)CCCC1CCCC1,1.11673120216119,-4.92190780237262,-0.940040926926521,train
0,C1CCC(CC1)CCCC1CCCC1,1.0,-4.92190780237262,-1.29090364362363,train
0,C1[C@H]2[C@@H]([C@@H](CC1)CCCCCCCCCC[C@@H]1CCC[C@@H]3[C@@H]1CCCC3)CCCC2,1.36203185063152,-9.24780664401375,3.35386069568432,train
0,C1[C@H]2[C@@H]([C@@H](CC1)CCCCCCCCCC[C@@H]1CCC[C@@H]3[C@@H]1CCCC3)CCCC2,1.24782492034211,-9.24780664401375,2.47561992025745,train
0,C1[C@H]2[C@@H]([C@@H](CC1)CCCCCCCCCC[C@@H]1CCC[C@@H]3[C@@H]1CCCC3)CCCC2,1.19654389440642,-9.24780664401375,1.67700396677309,train
0,C1[C@H]2[C@@H]([C@@H](CC1)CCCCCCCCCC[C@@H]1CCC[C@@H]3[C@@H]1CCCC3)CCCC2,1.11673120216119,-9.24780664401375,0.950927721836777,train
0,C1[C@H]2[C@@H]([C@@H](CC1)CCCCCCCCCC[C@@H]1CCC[C@@H]3[C@@H]1CCCC3)CCCC2,1.0,-9.24780664401375,0.10501815522789,train
0,c1(c2c(c(cc1)C)c(ccc2)CCCCCCCC)C,1.36203185063152,-7.4864745588646,1.52140398134577,train
0,c1(c2c(c(cc1)C)c(ccc2)CCCCCCCC)C,1.24782492034211,-7.4864745588646,0.72344867042309,train
0,c1(c2c(c(cc1)C)c(ccc2)CCCCCCCC)C,1.19654389440642,-7.4864745588646,0.212731927412563,train
0,c1(c2c(c(cc1)C)c(ccc2)CCCCCCCC)C,1.11673120216119,-7.4864745588646,-0.265826749535007,train
0,c1(c2c(c(cc1)C)c(ccc2)CCCCCCCC)C,1.0,-7.4864745588646,-0.815905384601041,train
0,C1[C@H]2[C@@H](C[C@@H]([C@@H]1CCCCCC)CCCC)CCC2,1.36203185063152,-6.73552603798107,0.954170343925916,train
0,C1[C@H]2[C@@H](C[C@@H]([C@@H]1CCCCCC)CCCC)CCC2,1.24782492034211,-6.73552603798107,0.298937733953087,train
0,C1[C@H]2[C@@H](C[C@@H]([C@@H]1CCCCCC)CCCC)CCC2,1.19654389440642,-6.73552603798107,-0.135859860764965,train
0,C1[C@H]2[C@@H](C[C@@H]([C@@H]1CCCCCC)CCCC)CCC2,1.11673120216119,-6.73552603798107,-0.543710757435276,train
0,C1[C@H]2[C@@H](C[C@@H]([C@@H]1CCCCCC)CCCC)CCC2,1.0,-6.73552603798107,-1.04587087775429,train
0,C1CCCC(C1)CCC(CCCCCCCC)CCCCCCCC,1.36203185063152,-6.62099572502959,1.21719662140006,train
0,C1CCCC(C1)CCC(CCCCCCCC)CCCCCCCC,1.24782492034211,-6.62099572502959,0.577246671180992,train
0,C1CCCC(C1)CCC(CCCCCCCC)CCCCCCCC,1.19654389440642,-6.62099572502959,0.133252839930319,train
0,C1CCCC(C1)CCC(CCCCCCCC)CCCCCCCC,1.11673120216119,-6.62099572502959,-0.294116867352272,train
0,C1CCCC(C1)CCC(CCCCCCCC)CCCCCCCC,1.0,-6.62099572502959,-0.820697832878606,train
0,c1cccc(c1)CCC(CCCCCCCC)CCCCCCCC,1.36203185063152,-6.08285557241654,0.835661789308265,train
0,c1cccc(c1)CCC(CCCCCCCC)CCCCCCCC,1.24782492034211,-6.08285557241654,0.261505848584038,train
0,c1cccc(c1)CCC(CCCCCCCC)CCCCCCCC,1.19654389440642,-6.08285557241654,-0.12675029902527,train
0,c1cccc(c1)CCC(CCCCCCCC)CCCCCCCC,1.11673120216119,-6.08285557241654,-0.495623264791725,train
0,c1cccc(c1)CCC(CCCCCCCC)CCCCCCCC,1.0,-6.08285557241654,-0.966593145017932,train
0,c1ccc(cc1)C(c1ccccc1)CCCCCCCCCCCCC,1.36203185063152,-6.68235294280742,1.40920228873385,train
0,c1ccc(cc1)C(c1ccccc1)CCCCCCCCCCCCC,1.24782492034211,-6.68235294280742,0.837781676375251,train
0,c1ccc(cc1)C(c1ccccc1)CCCCCCCCCCCCC,1.19654389440642,-6.68235294280742,0.338267217143082,train
0,c1ccc(cc1)C(c1ccccc1)CCCCCCCCCCCCC,1.11673120216119,-6.68235294280742,-0.127530320416094,train
0,c1ccc(cc1)C(c1ccccc1)CCCCCCCCCCCCC,1.0,-6.68235294280742,-0.681358652569107,train
0,[C@H]1(CC[C@@H](CC1)[C@@H](CCCCCCCCCCC)[C@H]1CCC[C@H](C1)C)C,1.36203185063152,-9.27406331608303,2.60648696613588,train
0,[C@H]1(CC[C@@H](CC1)[C@@H](CCCCCCCCCCC)[C@H]1CCC[C@H](C1)C)C,1.24782492034211,-9.27406331608303,1.57628291745644,train
0,[C@H]1(CC[C@@H](CC1)[C@@H](CCCCCCCCCCC)[C@H]1CCC[C@H](C1)C)C,1.19654389440642,-9.27406331608303,0.890184247818578,train
0,[C@H]1(CC[C@@H](CC1)[C@@H](CCCCCCCCCCC)[C@H]1CCC[C@H](C1)C)C,1.11673120216119,-9.27406331608303,0.25817704801054,train
0,[C@H]1(CC[C@@H](CC1)[C@@H](CCCCCCCCCCC)[C@H]1CCC[C@H](C1)C)C,1.0,-9.27406331608303,-0.474150116183228,train
0,c1cc(cc(c1)CCCCCCCCCC)CCCCCCCCCC,1.36203185063152,-5.80723098497973,0.914228138081822,train
0,c1cc(cc(c1)CCCCCCCCCC)CCCCCCCCCC,1.24782492034211,-5.80723098497973,0.371775305679383,train
0,c1cc(cc(c1)CCCCCCCCCC)CCCCCCCCCC,1.19654389440642,-5.80723098497973,-0.0047400935292461,train
0,c1cc(cc(c1)CCCCCCCCCC)CCCCCCCCCC,1.11673120216119,-5.80723098497973,-0.370588991902421,train
0,c1cc(cc(c1)CCCCCCCCCC)CCCCCCCCCC,1.0,-5.80723098497973,-0.836289210735902,train
0,c1c2c(c(cc1)/C(=C/CCCCCCCCC)/CCCCCCCCCC)cccc2,1.36203185063152,-7.67022796351439,2.07529350142626,train
0,c1c2c(c(cc1)/C(=C/CCCCCCCCC)/CCCCCCCCCC)cccc2,1.24782492034211,-7.67022796351439,1.27031149238237,train
0,c1c2c(c(cc1)/C(=C/CCCCCCCCC)/CCCCCCCCCC)cccc2,1.19654389440642,-7.67022796351439,0.719516175927326,train
0,c1c2c(c(cc1)/C(=C/CCCCCCCCC)/CCCCCCCCCC)cccc2,1.11673120216119,-7.67022796351439,0.190319130401223,train
0,c1c2c(c(cc1)/C(=C/CCCCCCCCC)/CCCCCCCCCC)cccc2,1.0,-7.67022796351439,-0.458455972094931,train
0,C1[C@H]2[C@@H](CCC1)C[C@H]([C@H](C2)CCCCCC)CCCC,1.36203185063152,-7.65015153040508,1.5016169061251,train
0,C1[C@H]2[C@@H](CCC1)C[C@H]([C@H](C2)CCCCCC)CCCC,1.24782492034211,-7.65015153040508,0.710374988195776,train
0,C1[C@H]2[C@@H](CCC1)C[C@H]([C@H](C2)CCCCCC)CCCC,1.19654389440642,-7.65015153040508,0.187985567269047,train
0,C1[C@H]2[C@@H](CCC1)C[C@H]([C@H](C2)CCCCCC)CCCC,1.11673120216119,-7.65015153040508,-0.298531413201187,train
0,C1[C@H]2[C@@H](CCC1)C[C@H]([C@H](C2)CCCCCC)CCCC,1.0,-7.65015153040508,-0.874456724165247,train
0,c1c2c(cc3c1CCCC3)c(c1c(c2)cccc1)CCCCCCCC,1.36203185063152,-14.2521696244585,5.42102505697267,train
0,c1c2c(cc3c1CCCC3)c(c1c(c2)cccc1)CCCCCCCC,1.24782492034211,-14.2521696244585,4.12174778106517,train
0,c1c2c(cc3c1CCCC3)c(c1c(c2)cccc1)CCCCCCCC,1.19654389440642,-14.2521696244585,2.74497220318178,train
0,c1c2c(cc3c1CCCC3)c(c1c(c2)cccc1)CCCCCCCC,1.11673120216119,-14.2521696244585,1.61526025821609,train
0,c1c2c(cc3c1CCCC3)c(c1c(c2)cccc1)CCCCCCCC,1.0,-14.2521696244585,0.389894185055025,train
0,CCCCCCCCCCCCC(CCCCCCCCCCCC)CCCCCCCCCCC,1.36203185063152,-6.11418256074544,1.35326651027299,train
0,CCCCCCCCCCCCC(CCCCCCCCCCCC)CCCCCCCCCCC,1.24782492034211,-6.11418256074544,0.81133872618552,train
0,CCCCCCCCCCCCC(CCCCCCCCCCCC)CCCCCCCCCCC,1.19654389440642,-6.11418256074544,0.377301548331498,train
0,CCCCCCCCCCCCC(CCCCCCCCCCCC)CCCCCCCCCCC,1.11673120216119,-6.11418256074544,-0.0548056370577089,train
0,CCCCCCCCCCCCC(CCCCCCCCCCCC)CCCCCCCCCCC,1.0,-6.11418256074544,-0.583966903354439,train
0,CCCCCCCC(CCCCCCC)CCCCCC,1.36203185063152,-5.74167755998372,0.363743430716185,train
0,CCCCCCCC(CCCCCCC)CCCCCC,1.24782492034211,-5.74167755998372,-0.130974199171217,train
0,CCCCCCCC(CCCCCCC)CCCCCC,1.19654389440642,-5.74167755998372,-0.471142744571597,train
0,CCCCCCCC(CCCCCCC)CCCCCC,1.11673120216119,-5.74167755998372,-0.801281469692476,train
0,CCCCCCCC(CCCCCCC)CCCCCC,1.0,-5.74167755998372,-1.22767389939409,train
0,c1(ccccc1)CCC(CCCC1CCCC1)CCCC1CCCC1,1.36203185063152,-7.13572319904014,1.63386122178011,train
0,c1(ccccc1)CCC(CCCC1CCCC1)CCCC1CCCC1,1.24782492034211,-7.13572319904014,0.878258321150927,train
0,c1(ccccc1)CCC(CCCC1CCCC1)CCCC1CCCC1,1.19654389440642,-7.13572319904014,0.380730435742015,train
0,c1(ccccc1)CCC(CCCC1CCCC1)CCCC1CCCC1,1.11673120216119,-7.13572319904014,-0.0858132687472275,train
0,c1(ccccc1)CCC(CCCC1CCCC1)CCCC1CCCC1,1.0,-7.13572319904014,-0.64449855668546,train
0,C1[C@H]2[C@@H](CCC1)C[C@H](CC2)CCCC,1.36203185063152,-5.25268357817007,0.0776678987182419,train
0,C1[C@H]2[C@@H](CCC1)C[C@H](CC2)CCCC,1.24782492034211,-5.25268357817007,-0.356052498478351,train
0,C1[C@H]2[C@@H](CCC1)C[C@H](CC2)CCCC,1.19654389440642,-5.25268357817007,-0.645945858625227,train
0,C1[C@H]2[C@@H](CCC1)C[C@H](CC2)CCCC,1.11673120216119,-5.25268357817007,-0.936256587570755,train
0,C1[C@H]2[C@@H](CCC1)C[C@H](CC2)CCCC,1.0,-5.25268357817007,-1.31351014309221,train
0,C1[C@H]2[C@@H]([C@@H](CC1)CCCCCCCC)[C@@H](CC[C@H]2C)C,1.36203185063152,-6.57956250185636,1.07081281014195,train
0,C1[C@H]2[C@@H]([C@@H](CC1)CCCCCCCC)[C@@H](CC[C@H]2C)C,1.24782492034211,-6.57956250185636,0.414656026117864,train
0,C1[C@H]2[C@@H]([C@@H](CC1)CCCCCCCC)[C@@H](CC[C@H]2C)C,1.19654389440642,-6.57956250185636,-0.0134333508471634,train
0,C1[C@H]2[C@@H]([C@@H](CC1)CCCCCCCC)[C@@H](CC[C@H]2C)C,1.11673120216119,-6.57956250185636,-0.42327856820014,train
0,C1[C@H]2[C@@H]([C@@H](CC1)CCCCCCCC)[C@@H](CC[C@H]2C)C,1.0,-6.57956250185636,-0.918521387591739,train
0,C=CCCCCCCCCCC,1.36203185063152,-4.2991838323506,-0.980155438465786,train
0,C=CCCCCCCCCCC,1.24782492034211,-4.2991838323506,-1.22442169572372,train
0,C=CCCCCCCCCCC,1.19654389440642,-4.2991838323506,-1.40025704080575,train
0,C=CCCCCCCCCCC,1.11673120216119,-4.2991838323506,-1.58592386716318,train
0,C=CCCCCCCCCCC,1.0,-4.2991838323506,-1.8502953246273,train
0,C1CCC(CC1)C(CCCCCC)CCCCCC,1.36203185063152,-6.38348118207859,0.703327688940866,train
0,C1CCC(CC1)C(CCCCCC)CCCCCC,1.24782492034211,-6.38348118207859,0.109814751212973,train
0,C1CCC(CC1)C(CCCCCC)CCCCCC,1.19654389440642,-6.38348118207859,-0.290241807342781,train
0,C1CCC(CC1)C(CCCCCC)CCCCCC,1.11673120216119,-6.38348118207859,-0.669201286740598,train
0,C1CCC(CC1)C(CCCCCC)CCCCCC,1.0,-6.38348118207859,-1.1405120684414,train
0,C1[C@@H]2[C@@H](C[C@@H](C1)CCCCCCCCCC)CCC2,1.36203185063152,-5.62650860991337,0.682589858361973,train
0,C1[C@@H]2[C@@H](C[C@@H](C1)CCCCCCCCCC)CCC2,1.24782492034211,-5.62650860991337,0.167833247788246,train
0,C1[C@@H]2[C@@H](C[C@@H](C1)CCCCCCCCCC)CCC2,1.19654389440642,-5.62650860991337,-0.191374314503625,train
0,C1[C@@H]2[C@@H](C[C@@H](C1)CCCCCCCCCC)CCC2,1.11673120216119,-5.62650860991337,-0.537908232592068,train
0,C1[C@@H]2[C@@H](C[C@@H](C1)CCCCCCCCCC)CCC2,1.0,-5.62650860991337,-0.956014268484514,train
0,C1CCC2(CC1)CCCCCC2,1.36203185063152,-4.71302333844678,-0.118926977414856,train
0,C1CCC2(CC1)CCCCCC2,1.24782492034211,-4.71302333844678,-0.472371258386092,train
0,C1CCC2(CC1)CCCCCC2,1.19654389440642,-4.71302333844678,-0.721179930381801,train
0,C1CCC2(CC1)CCCCCC2,1.11673120216119,-4.71302333844678,-0.975189068262997,train
0,C1CCC2(CC1)CCCCCC2,1.0,-4.71302333844678,-1.31996992259174,train
0,C1CCC(CC1)CC(CCCCCCCCCCCCC)CC1CCCCC1,1.36203185063152,-7.77047684622409,2.0800638410429,val
0,C1CCC(CC1)CC(CCCCCCCCCCCCC)CC1CCCCC1,1.24782492034211,-7.77047684622409,1.38572720653444,val
0,C1CCC(CC1)CC(CCCCCCCCCCCCC)CC1CCCCC1,1.19654389440642,-7.77047684622409,0.775839108097166,val
0,C1CCC(CC1)CC(CCCCCCCCCCCCC)CC1CCCCC1,1.11673120216119,-7.77047684622409,0.207318033103188,val
0,C1CCC(CC1)CC(CCCCCCCCCCCCC)CC1CCCCC1,1.0,-7.77047684622409,-0.463822685938371,val
0,C1[C@H]2[C@@H]([C@H]3[C@@H](C1)C[C@H](CC3)CCCCCCCCCCCC)CCCC2,1.36203185063152,-6.95379357164985,1.91846925844325,val
0,C1[C@H]2[C@@H]([C@H]3[C@@H](C1)C[C@H](CC3)CCCCCCCCCCCC)CCCC2,1.24782492034211,-6.95379357164985,1.28142072770735,val
0,C1[C@H]2[C@@H]([C@H]3[C@@H](C1)C[C@H](CC3)CCCCCCCCCCCC)CCCC2,1.19654389440642,-6.95379357164985,0.751793950283571,val
0,C1[C@H]2[C@@H]([C@H]3[C@@H](C1)C[C@H](CC3)CCCCCCCCCCCC)CCCC2,1.11673120216119,-6.95379357164985,0.24297068198956,val
0,C1[C@H]2[C@@H]([C@H]3[C@@H](C1)C[C@H](CC3)CCCCCCCCCCCC)CCCC2,1.0,-6.95379357164985,-0.380395726097886,val
0,C1[C@H]2[C@@H](CCC1)[C@@H](CCC2)CCCCCCCCCCCCCCC,1.36203185063152,-6.27847845646569,1.35925702699633,val
0,C1[C@H]2[C@@H](CCC1)[C@@H](CCC2)CCCCCCCCCCCCCCC,1.24782492034211,-6.27847845646569,0.809466652861769,val
0,C1[C@H]2[C@@H](CCC1)[C@@H](CCC2)CCCCCCCCCCCCCCC,1.19654389440642,-6.27847845646569,0.354179064413388,val
0,C1[C@H]2[C@@H](CCC1)[C@@H](CCC2)CCCCCCCCCCCCCCC,1.11673120216119,-6.27847845646569,-0.0789227284673152,val
0,C1[C@H]2[C@@H](CCC1)[C@@H](CCC2)CCCCCCCCCCCCCCC,1.0,-6.27847845646569,-0.621792701785645,val
0,[C@H](CCCC[C@@H](CC[C@H](CC(C)(C)C)C)CC[C@H](CC(C)(C)C)C)(CC[C@H](CC(C)(C)C)C)CC[C@@H](CC(C)(C)C)C,1.36203185063152,-10.1495739585622,3.42211499885441,val
0,[C@H](CCCC[C@@H](CC[C@H](CC(C)(C)C)C)CC[C@H](CC(C)(C)C)C)(CC[C@H](CC(C)(C)C)C)CC[C@@H](CC(C)(C)C)C,1.24782492034211,-10.1495739585622,2.24177991730901,val
0,[C@H](CCCC[C@@H](CC[C@H](CC(C)(C)C)C)CC[C@H](CC(C)(C)C)C)(CC[C@H](CC(C)(C)C)C)CC[C@@H](CC(C)(C)C)C,1.19654389440642,-10.1495739585622,1.46115181477979,val
0,[C@H](CCCC[C@@H](CC[C@H](CC(C)(C)C)C)CC[C@H](CC(C)(C)C)C)(CC[C@H](CC(C)(C)C)C)CC[C@@H](CC(C)(C)C)C,1.11673120216119,-10.1495739585622,0.74236303774543,val
0,[C@H](CCCC[C@@H](CC[C@H](CC(C)(C)C)C)CC[C@H](CC(C)(C)C)C)(CC[C@H](CC(C)(C)C)C)CC[C@@H](CC(C)(C)C)C,1.0,-10.1495739585622,-0.0990843173910415,val
0,c1ccc(cc1)C(=CCCCCC)c1ccccc1,1.36203185063152,-7.41686046551421,1.2195656940316,val
0,c1ccc(cc1)C(=CCCCCC)c1ccccc1,1.24782492034211,-7.41686046551421,0.41271130895754,val
0,c1ccc(cc1)C(=CCCCCC)c1ccccc1,1.19654389440642,-7.41686046551421,-0.0766908184462358,val
0,c1ccc(cc1)C(=CCCCCC)c1ccccc1,1.11673120216119,-7.41686046551421,-0.513328508275321,val
0,c1ccc(cc1)C(=CCCCCC)c1ccccc1,1.0,-7.41686046551421,-1.02406943129532,val
0,c1ccc(cc1)/C(=C/CCCCC)/CCCCCC,1.36203185063152,-5.81311024215712,0.350957645160115,val
0,c1ccc(cc1)/C(=C/CCCCC)/CCCCCC,1.24782492034211,-5.81311024215712,-0.164688980887456,val
0,c1ccc(cc1)/C(=C/CCCCC)/CCCCCC,1.19654389440642,-5.81311024215712,-0.512161340635782,val
0,c1ccc(cc1)/C(=C/CCCCC)/CCCCCC,1.11673120216119,-5.81311024215712,-0.838761420930321,val
0,c1ccc(cc1)/C(=C/CCCCC)/CCCCCC,1.0,-5.81311024215712,-1.25432897806904,val
0,c1ccc(cc1)CCCC1CCCC1,1.36203185063152,-4.60749770663414,-0.272013052790876,val
0,c1ccc(cc1)CCCC1CCCC1,1.24782492034211,-4.60749770663414,-0.609720666438547,val
0,c1ccc(cc1)CCCC1CCCC1,1.19654389440642,-4.60749770663414,-0.863529223558843,val
0,c1ccc(cc1)CCCC1CCCC1,1.11673120216119,-4.60749770663414,-1.08340020607537,val
0,c1ccc(cc1)CCCC1CCCC1,1.0,-4.60749770663414,-1.4050846505918,val
0,CCCCCCCCCCCCC,1.36203185063152,-4.47571090346034,-0.733792565573495,val
0,CCCCCCCCCCCCC,1.24782492034211,-4.47571090346034,-1.01608884528995,val
0,CCCCCCCCCCCCC,1.19654389440642,-4.47571090346034,-1.21705195584343,val
0,CCCCCCCCCCCCC,1.11673120216119,-4.47571090346034,-1.42510353757063,val
0,CCCCCCCCCCCCC,1.0,-4.47571090346034,-1.71313371523257,val
0,c1ccc(cc1)CCCCCCCC,1.36203185063152,-4.56302385548267,-0.50304639193242,val
0,c1ccc(cc1)CCCCCCCC,1.24782492034211,-4.56302385548267,-0.81710000483173,val
0,c1ccc(cc1)CCCCCCCC,1.19654389440642,-4.56302385548267,-1.03692075312162,val
0,c1ccc(cc1)CCCCCCCC,1.11673120216119,-4.56302385548267,-1.26019403614634,val
0,c1ccc(cc1)CCCCCCCC,1.0,-4.56302385548267,-1.56470755377562,val
0,C1CCC(CC1)CCCCCCCC,1.36203185063152,-4.82064573244709,-0.265045615542137,val
0,C1CCC(CC1)CCCCCCCC,1.24782492034211,-4.82064573244709,-0.625460946053555,val
0,C1CCC(CC1)CCCCCCCC,1.19654389440642,-4.82064573244709,-0.873145618244942,val
0,C1CCC(CC1)CCCCCCCC,1.11673120216119,-4.82064573244709,-1.11944592538605,val
0,C1CCC(CC1)CCCCCCCC,1.0,-4.82064573244709,-1.45637382707659,val
0,C=CCCCCCCCCC,1.36203185063152,-4.21433695171068,-1.14701590747946,val
0,C=CCCCCCCCCC,1.24782492034211,-4.21433695171068,-1.36719143122013,val
0,C=CCCCCCCCCC,1.19654389440642,-4.21433695171068,-1.53048833995113,val
0,C=CCCCCCCCCC,1.11673120216119,-4.21433695171068,-1.70216553830702,val
0,C=CCCCCCCCCC,1.0,-4.21433695171068,-1.95166043338112,val
0,C1[C@H]2[C@@H]([C@H]3[C@@H](C1)CC[C@@H]1[C@@H]3CCCC1)CCCC2,1.36203185063152,-9.37535043910942,2.51028142028704,val
0,C1[C@H]2[C@@H]([C@H]3[C@@H](C1)CC[C@@H]1[C@@H]3CCCC1)CCCC2,1.24782492034211,-9.37535043910942,1.25973700845803,val
0,C1[C@H]2[C@@H]([C@H]3[C@@H](C1)CC[C@@H]1[C@@H]3CCCC1)CCCC2,1.19654389440642,-9.37535043910942,0.595126367269076,val
0,C1[C@H]2[C@@H]([C@H]3[C@@H](C1)CC[C@@H]1[C@@H]3CCCC1)CCCC2,1.11673120216119,-9.37535043910942,0.0413815063923437,val
0,C1[C@H]2[C@@H]([C@H]3[C@@H](C1)CC[C@@H]1[C@@H]3CCCC1)CCCC2,1.0,-9.37535043910942,-0.578748003281882,val
0,C1[C@H]2[C@H]3[C@@H](CC1)[C@@H]1[C@H]([C@@H]3CCC2)CCCC1,1.36203185063152,-6.17987745181609,1.00658528158945,val
0,C1[C@H]2[C@H]3[C@@H](CC1)[C@@H]1[C@H]([C@@H]3CCC2)CCCC1,1.24782492034211,-6.17987745181609,0.373853462694545,val
0,C1[C@H]2[C@H]3[C@@H](CC1)[C@@H]1[C@H]([C@@H]3CCC2)CCCC1,1.19654389440642,-6.17987745181609,-0.0256153639607307,val
0,C1[C@H]2[C@H]3[C@@H](CC1)[C@@H]1[C@H]([C@@H]3CCC2)CCCC1,1.11673120216119,-6.17987745181609,-0.397942509040266,val
0,C1[C@H]2[C@H]3[C@@H](CC1)[C@@H]1[C@H]([C@@H]3CCC2)CCCC1,1.0,-6.17987745181609,-0.865854562956478,val
0,c1cc2c(cc1)C(=C(C2)CCCC)CCCCCC,1.36203185063152,-7.0153660081558,1.08839962860048,val
0,c1cc2c(cc1)C(=C(C2)CCCC)CCCCCC,1.24782492034211,-7.0153660081558,0.396595301893898,val
0,c1cc2c(cc1)C(=C(C2)CCCC)CCCCCC,1.19654389440642,-7.0153660081558,-0.0666400664530759,val
0,c1cc2c(cc1)C(=C(C2)CCCC)CCCCCC,1.11673120216119,-7.0153660081558,-0.495623264791725,val
0,c1cc2c(cc1)C(=C(C2)CCCC)CCCCCC,1.0,-7.0153660081558,-1.01741178220034,val
0,C1C[C@@H]2[C@@H](CC1)C[C@H]1[C@H]2C[C@H]2CCCC[C@H]12,1.36203185063152,-6.45932972568048,1.06566223090049,val
0,C1C[C@@H]2[C@@H](CC1)C[C@H]1[C@H]2C[C@H]2CCCC[C@H]12,1.24782492034211,-6.45932972568048,0.39291871471576,val
0,C1C[C@@H]2[C@@H](CC1)C[C@H]1[C@H]2C[C@H]2CCCC[C@H]12,1.19654389440642,-6.45932972568048,-0.0246900046287687,val
0,C1C[C@@H]2[C@@H](CC1)C[C@H]1[C@H]2C[C@H]2CCCC[C@H]12,1.11673120216119,-6.45932972568048,-0.416627701905643,val
0,C1C[C@@H]2[C@@H](CC1)C[C@H]1[C@H]2C[C@H]2CCCC[C@H]12,1.0,-6.45932972568048,-0.892840971451088,val
0,CCCCC(CCCC)CCCC,1.36203185063152,-4.83309588282825,-0.772590830279031,val
0,CCCCC(CCCC)CCCC,1.24782492034211,-4.83309588282825,-1.09493217943581,val
0,CCCCC(CCCC)CCCC,1.19654389440642,-4.83309588282825,-1.31565588248113,val
0,CCCCC(CCCC)CCCC,1.11673120216119,-4.83309588282825,-1.53622767954355,val
0,CCCCC(CCCC)CCCC,1.0,-4.83309588282825,-1.83387230949728,val
0,CCCC(CCCCC(CCC)CCC)CCC,1.36203185063152,-5.56859938115147,-0.0010425729607814,val
0,CCCC(CCCCC(CCC)CCC)CCC,1.24782492034211,-5.56859938115147,-0.470052785409042,val
0,CCCC(CCCCC(CCC)CCC)CCC,1.19654389440642,-5.56859938115147,-0.778402667275608,val
0,CCCC(CCCCC(CCC)CCC)CCC,1.11673120216119,-5.56859938115147,-1.07389200712973,val
0,CCCC(CCCCC(CCC)CCC)CCC,1.0,-5.56859938115147,-1.45253646951414,val
0,c1cc2c(cc1CCCC)cccc2,1.36203185063152,-5.21949834967906,-0.0158375302841664,val
0,c1cc2c(cc1CCCC)cccc2,1.24782492034211,-5.21949834967906,-0.451812687055994,val
0,c1cc2c(cc1CCCC)cccc2,1.19654389440642,-5.21949834967906,-0.737144010268644,val
0,c1cc2c(cc1CCCC)cccc2,1.11673120216119,-5.21949834967906,-1.01708078093043,val
0,c1cc2c(cc1CCCC)cccc2,1.0,-5.21949834967906,-1.37247249108959,val
0,CCCCCCCCCCC(CCCCCCCCCC)CCCCCCCCCC,1.36203185063152,-5.96041687694952,1.05411482598628,test
0,CCCCCCCCCCC(CCCCCCCCCC)CCCCCCCCCC,1.24782492034211,-5.96041687694952,0.545371074444645,test
0,CCCCCCCCCCC(CCCCCCCCCC)CCCCCCCCCC,1.19654389440642,-5.96041687694952,0.133763687453685,test
0,CCCCCCCCCCC(CCCCCCCCCC)CCCCCCCCCC,1.11673120216119,-5.96041687694952,-0.263194383326238,test
0,CCCCCCCCCCC(CCCCCCCCCC)CCCCCCCCCC,1.0,-5.96041687694952,-0.767715603862536,test
0,C1CCC(CC1)CCC(CCCCCCCC)CCC1CCCCC1,1.36203185063152,-8.04775206546347,2.0950497421177,test
0,C1CCC(CC1)CCC(CCCCCCCC)CCC1CCCCC1,1.24782492034211,-8.04775206546347,1.24124833204926,test
0,C1CCC(CC1)CCC(CCCCCCCC)CCC1CCCCC1,1.19654389440642,-8.04775206546347,0.664891315026119,test
0,C1CCC(CC1)CCC(CCCCCCCC)CCC1CCCCC1,1.11673120216119,-8.04775206546347,0.114047252781175,test
0,C1CCC(CC1)CCC(CCCCCCCC)CCC1CCCCC1,1.0,-8.04775206546347,-0.538212269028571,test
0,C(CCCCCCCCCCCCC)(CC(CC)CC)CC(CC)CC,1.36203185063152,-6.4671548634972,1.03452996248745,test
0,C(CCCCCCCCCCCCC)(CC(CC)CC)CC(CC)CC,1.24782492034211,-6.4671548634972,0.403883275252769,test
0,C(CCCCCCCCCCCCC)(CC(CC)CC)CC(CC)CC,1.19654389440642,-6.4671548634972,-0.0168148776907846,test
0,C(CCCCCCCCCCCCC)(CC(CC)CC)CC(CC)CC,1.11673120216119,-6.4671548634972,-0.420886027665137,test
0,C(CCCCCCCCCCCCC)(CC(CC)CC)CC(CC)CC,1.0,-6.4671548634972,-0.916831876506506,test
0,c1ccccc1CC(CCCCCCCCCC)CCCCCCCCCC,1.36203185063152,-6.32166206299717,1.10497091147894,test
0,c1ccccc1CC(CCCCCCCCCC)CCCCCCCCCC,1.24782492034211,-6.32166206299717,0.49209638605371,test
0,c1ccccc1CC(CCCCCCCCCC)CCCCCCCCCC,1.19654389440642,-6.32166206299717,0.073740062648488,test
0,c1ccccc1CC(CCCCCCCCCC)CCCCCCCCCC,1.11673120216119,-6.32166206299717,-0.32905182519877,test
0,c1ccccc1CC(CCCCCCCCCC)CCCCCCCCCC,1.0,-6.32166206299717,-0.82674132168528,test
0,C1CCCC(C1)C(CCCCCCCCCC)CCCCCCCCCC,1.36203185063152,-6.71589478520154,1.36692136293481,test
0,C1CCCC(C1)C(CCCCCCCCCC)CCCCCCCCCC,1.24782492034211,-6.71589478520154,0.69783555796357,test
0,C1CCCC(C1)C(CCCCCCCCCC)CCCCCCCCCC,1.19654389440642,-6.71589478520154,0.244678939577199,test
0,C1CCCC(C1)C(CCCCCCCCCC)CCCCCCCCCC,1.11673120216119,-6.71589478520154,-0.195108450191878,test
0,C1CCCC(C1)C(CCCCCCCCCC)CCCCCCCCCC,1.0,-6.71589478520154,-0.735466008367232,test
0,c1cccc(c1)[C@H](CCCCCCCCCCCCC)CCCCCC,1.36203185063152,-6.26065205215669,1.10185655349232,test
0,c1cccc(c1)[C@H](CCCCCCCCCCCCC)CCCCCC,1.24782492034211,-6.26065205215669,0.573257497515251,test
0,c1cccc(c1)[C@H](CCCCCCCCCCCCC)CCCCCC,1.19654389440642,-6.26065205215669,0.132741568162213,test
0,c1cccc(c1)[C@H](CCCCCCCCCCCCC)CCCCCC,1.11673120216119,-6.26065205215669,-0.286997406025034,test
0,c1cccc(c1)[C@H](CCCCCCCCCCCCC)CCCCCC,1.0,-6.26065205215669,-0.806430942669712,test
0,C1(CCCC1)CCCC(CCCCCCCC)CCCCCCCC,1.36203185063152,-6.17580758777689,0.956188346409517,test
0,C1(CCCC1)CCCC(CCCCCCCC)CCCCCCCC,1.24782492034211,-6.17580758777689,0.378675395222387,test
0,C1(CCCC1)CCCC(CCCCCCCC)CCCCCCCC,1.19654389440642,-6.17580758777689,-0.0196252346455467,test
0,C1(CCCC1)CCCC(CCCCCCCC)CCCCCCCC,1.11673120216119,-6.17580758777689,-0.410912909973128,test
0,C1(CCCC1)CCCC(CCCCCCCC)CCCCCCCC,1.0,-6.17580758777689,-0.90018690272954,test
0,c1(ccc(cc1)C(c1ccc(cc1)C)CCCCCCCCCCC)C,1.36203185063152,-7.85906656342467,1.90951841313711,test
0,c1(ccc(cc1)C(c1ccc(cc1)C)CCCCCCCCCCC)C,1.24782492034211,-7.85906656342467,1.07735654874452,test
0,c1(ccc(cc1)C(c1ccc(cc1)C)CCCCCCCCCCC)C,1.19654389440642,-7.85906656342467,0.510371511918088,test
0,c1(ccc(cc1)C(c1ccc(cc1)C)CCCCCCCCCCC)C,1.11673120216119,-7.85906656342467,-0.0114908827965831,test
0,c1(ccc(cc1)C(c1ccc(cc1)C)CCCCCCCCCCC)C,1.0,-7.85906656342467,-0.623711437803823,test
0,C1CCC(CC1)CCC(CCCC1CCCC1)CCC1CCCCC1,1.36203185063152,-9.60358293581292,2.99132469649238,test
0,C1CCC(CC1)CCC(CCCC1CCCC1)CCC1CCCCC1,1.24782492034211,-9.60358293581292,1.90320218765548,test
0,C1CCC(CC1)CCC(CCCC1CCCC1)CCC1CCCCC1,1.19654389440642,-9.60358293581292,1.17799690258625,test
0,C1CCC(CC1)CCC(CCCC1CCCC1)CCC1CCCCC1,1.11673120216119,-9.60358293581292,0.509262413760756,test
0,C1CCC(CC1)CCC(CCCC1CCCC1)CCC1CCCCC1,1.0,-9.60358293581292,-0.27656961529651,test
0,c1cc(c(cc1C)/C(=C/CCCCCCCCC)/CCCCCCCCCC)C,1.36203185063152,-6.95384665563692,1.49956387158224,test
0,c1cc(c(cc1C)/C(=C/CCCCCCCCC)/CCCCCCCCCC)C,1.24782492034211,-6.95384665563692,0.791304463965232,test
0,c1cc(c(cc1C)/C(=C/CCCCCCCCC)/CCCCCCCCCC)C,1.19654389440642,-6.95384665563692,0.316643967001446,test
0,c1cc(c(cc1C)/C(=C/CCCCCCCCC)/CCCCCCCCCC)C,1.11673120216119,-6.95384665563692,-0.136334730493122,test
0,c1cc(c(cc1C)/C(=C/CCCCCCCCC)/CCCCCCCCCC)C,1.0,-6.95384665563692,-0.700452558894433,test
0,C(=C\C[C@@H](CC(C)(C)C)C)(\CC[C@@H](CC(C)(C)C)C)/CC[C@H](CC(C)(C)C)C,1.36203185063152,-7.46498352172856,1.55481293478297,test
0,C(=C\C[C@@H](CC(C)(C)C)C)(\CC[C@@H](CC(C)(C)C)C)/CC[C@H](CC(C)(C)C)C,1.24782492034211,-7.46498352172856,0.758125455262632,test
0,C(=C\C[C@@H](CC(C)(C)C)C)(\CC[C@@H](CC(C)(C)C)C)/CC[C@H](CC(C)(C)C)C,1.19654389440642,-7.46498352172856,0.247232474163635,test
0,C(=C\C[C@@H](CC(C)(C)C)C)(\CC[C@@H](CC(C)(C)C)C)/CC[C@H](CC(C)(C)C)C,1.11673120216119,-7.46498352172856,-0.223176289647742,test
0,C(=C\C[C@@H](CC(C)(C)C)C)(\CC[C@@H](CC(C)(C)C)C)/CC[C@H](CC(C)(C)C)C,1.0,-7.46498352172856,-0.789735826705638,test
0,C(CC[C@H](CC(C)(C)C)C)(CC[C@H](CC(C)(C)C)C)CC[C@H](CC(C)(C)C)C,1.36203185063152,-8.23260947694668,1.91520475545738,test
0,C(CC[C@H](CC(C)(C)C)C)(CC[C@H](CC(C)(C)C)C)CC[C@H](CC(C)(C)C)C,1.24782492034211,-8.23260947694668,1.00670902848756,test
0,C(CC[C@H](CC(C)(C)C)C)(CC[C@H](CC(C)(C)C)C)CC[C@H](CC(C)(C)C)C,1.19654389440642,-8.23260947694668,0.429048888123004,test
0,C(CC[C@H](CC(C)(C)C)C)(CC[C@H](CC(C)(C)C)C)CC[C@H](CC(C)(C)C)C,1.11673120216119,-8.23260947694668,-0.0985628404121263,test
0,C(CC[C@H](CC(C)(C)C)C)(CC[C@H](CC(C)(C)C)C)CC[C@H](CC(C)(C)C)C,1.0,-8.23260947694668,-0.72015747233995,test
0,CCCCCCCC[C@](CCCCCCCCC)(CC)CCCCCCC,1.36203185063152,-6.69754689693982,1.26845379403706,test
0,CCCCCCCC[C@](CCCCCCCCC)(CC)CCCCCCC,1.24782492034211,-6.69754689693982,0.622742301497582,test
0,CCCCCCCC[C@](CCCCCCCCC)(CC)CCCCCCC,1.19654389440642,-6.69754689693982,0.298156228039994,test
0,CCCCCCCC[C@](CCCCCCCCC)(CC)CCCCCCC,1.11673120216119,-6.69754689693982,-0.261542721535903,test
0,CCCCCCCC[C@](CCCCCCCCC)(CC)CCCCCCC,1.0,-6.69754689693982,-0.804319133162181,test
0,[C@H]12[C@H]3[C@H]4[C@H](CC1)CCC[C@@H]4[C@H](C[C@@H]3CCC2)CCCCCCCCCC,1.36203185063152,-9.06625705577144,2.75561908484112,test
0,[C@H]12[C@H]3[C@H]4[C@H](CC1)CCC[C@@H]4[C@H](C[C@@H]3CCC2)CCCCCCCCCC,1.24782492034211,-9.06625705577144,1.71458326497809,test
0,[C@H]12[C@H]3[C@H]4[C@H](CC1)CCC[C@@H]4[C@H](C[C@@H]3CCC2)CCCCCCCCCC,1.19654389440642,-9.06625705577144,1.04193619321908,test
0,[C@H]12[C@H]3[C@H]4[C@H](CC1)CCC[C@@H]4[C@H](C[C@@H]3CCC2)CCCCCCCCCC,1.11673120216119,-9.06625705577144,0.41010876301802,test
0,[C@H]12[C@H]3[C@H]4[C@H](CC1)CCC[C@@H]4[C@H](C[C@@H]3CCC2)CCCCCCCCCC,1.0,-9.06625705577144,-0.310285575112109,test
0,CCCCC(CCCCCCCCCCC)CCCC,1.36203185063152,-5.611368153822,0.264816751707394,test
0,CCCCC(CCCCCCCCCCC)CCCC,1.24782492034211,-5.611368153822,-0.216196212733779,test
0,CCCCC(CCCCCCCCCCC)CCCC,1.19654389440642,-5.611368153822,-0.544631963644043,test
0,CCCCC(CCCCCCCCCCC)CCCC,1.11673120216119,-5.611368153822,-0.862498551410585,test
0,CCCCC(CCCCCCCCCCC)CCCC,1.0,-5.611368153822,-1.26561985606936,test
0,CCCCCCC(CCCCCC)C,1.36203185063152,-4.66360843244431,-0.60869684847019,test
0,CCCCCCC(CCCCCC)C,1.24782492034211,-4.66360843244431,-0.918521387591739,test
0,CCCCCCC(CCCCCC)C,1.19654389440642,-4.66360843244431,-1.14294296641699,test
0,CCCCCCC(CCCCCC)C,1.11673120216119,-4.66360843244431,-1.36079770551476,test
0,CCCCCCC(CCCCCC)C,1.0,-4.66360843244431,-1.66971773984256,test
0,C1CCC(CC1)[C@@H](C)CCCCCC,1.36203185063152,-4.95105284258256,-0.223723528718672,test
0,C1CCC(CC1)[C@@H](C)CCCCCC,1.24782492034211,-4.95105284258256,-0.597713232639348,test
0,C1CCC(CC1)[C@@H](C)CCCCCC,1.19654389440642,-4.95105284258256,-0.858648821428543,test
0,C1CCC(CC1)[C@@H](C)CCCCCC,1.11673120216119,-4.95105284258256,-1.11361234878883,test
0,C1CCC(CC1)[C@@H](C)CCCCCC,1.0,-4.95105284258256,-1.45860643361418,test
0,C1CCC(CC1)C(C)C1CCCCC1,1.36203185063152,-5.65397444434319,0.424288545726178,test
0,C1CCC(CC1)C(C)C1CCCCC1,1.24782492034211,-5.65397444434319,-0.0821045543847959,test
0,C1CCC(CC1)C(C)C1CCCCC1,1.19654389440642,-5.65397444434319,-0.421388948429182,test
0,C1CCC(CC1)C(C)C1CCCCC1,1.11673120216119,-5.65397444434319,-0.744752122222698,test
0,C1CCC(CC1)C(C)C1CCCCC1,1.0,-5.65397444434319,-1.15981598184115,test
0,CCCCCCCCCCCC,1.36203185063152,-4.37727346856075,-0.896095016634114,test
0,CCCCCCCCCCCC,1.24782492034211,-4.37727346856075,-1.153176278575,test
0,CCCCCCCCCCCC,1.19654389440642,-4.37727346856075,-1.33976605105883,test
0,CCCCCCCCCCCC,1.11673120216119,-4.37727346856075,-1.53499879024228,test
0,CCCCCCCCCCCC,1.0,-4.37727346856075,-1.80751754832714,test
0,CCCCCCCCCCCCCCCC,1.36203185063152,-4.72856422442589,-0.305260325181306,test
0,CCCCCCCCCCCCCCCC,1.24782492034211,-4.72856422442589,-0.636420261431116,test
0,CCCCCCCCCCCCCCCC,1.19654389440642,-4.72856422442589,-0.878406876005555,test
0,CCCCCCCCCCCCCCCC,1.11673120216119,-4.72856422442589,-1.12612481062761,test
0,CCCCCCCCCCCCCCCC,1.0,-4.72856422442589,-1.46077914233779,test
0,CCC/C(=C/CCCC)/CCCC,1.36203185063152,-4.56306704187839,-0.88611643973254,test
0,CCC/C(=C/CCCC)/CCCC,1.24782492034211,-4.56306704187839,-1.16821756611106,test
0,CCC/C(=C/CCCC)/CCCC,1.19654389440642,-4.56306704187839,-1.36660743209225,test
0,CCC/C(=C/CCCC)/CCCC,1.11673120216119,-4.56306704187839,-1.56696628569499,test
0,CCC/C(=C/CCCC)/CCCC,1.0,-4.56306704187839,-1.84901634953708,test
0,CCCC(CCC)CCC,1.36203185063152,-4.19967662238732,-1.43683268744891,test
0,CCCC(CCC)CCC,1.24782492034211,-4.19967662238732,-1.63509128879135,test
0,CCCC(CCC)CCC,1.19654389440642,-4.19967662238732,-1.77767605661521,test
0,CCCC(CCC)CCC,1.11673120216119,-4.19967662238732,-1.93615962364082,test
0,CCCC(CCC)CCC,1.0,-4.19967662238732,-2.16189515095724,test
0,c1ccc(cc1)/C=C/c1ccccc1,1.36203185063152,-6.24392228678934,0.452009312984846,test
0,c1ccc(cc1)/C=C/c1ccccc1,1.24782492034211,-6.24392228678934,-0.170352559871149,test
0,c1ccc(cc1)/C=C/c1ccccc1,1.19654389440642,-6.24392228678934,-0.544017672554359,test
0,c1ccc(cc1)/C=C/c1ccccc1,1.11673120216119,-6.24392228678934,-0.879994058898195,test
0,c1ccc(cc1)/C=C/c1ccccc1,1.0,-6.24392228678934,-1.29142005918098,test
0,C1[C@@H]2[C@@H](CCC1)C[C@H]1CCCC[C@@H]21,1.36203185063152,-4.84036860884626,0.145898593019628,test
0,C1[C@@H]2[C@@H](CCC1)C[C@H]1CCCC[C@@H]21,1.24782492034211,-4.84036860884626,-0.241309191075325,test
0,C1[C@@H]2[C@@H](CCC1)C[C@H]1CCCC[C@@H]21,1.19654389440642,-4.84036860884626,-0.513182491373416,test
0,C1[C@@H]2[C@@H](CCC1)C[C@H]1CCCC[C@@H]21,1.11673120216119,-4.84036860884626,-0.78654146199632,test
0,C1[C@@H]2[C@@H](CCC1)C[C@H]1CCCC[C@@H]21,1.0,-4.84036860884626,-1.15731769595923,test
0,C1[C@@H]2[C@@H](CCC1)CCCC2,1.36203185063152,-4.58545333742192,-0.343289957375988,test
0,C1[C@@H]2[C@@H](CCC1)CCCC2,1.24782492034211,-4.58545333742192,-0.655253237566661,test
0,C1[C@@H]2[C@@H](CCC1)CCCC2,1.19654389440642,-4.58545333742192,-0.883980004875194,test
0,C1[C@@H]2[C@@H](CCC1)CCCC2,1.11673120216119,-4.58545333742192,-1.12218728718664,test
0,C1[C@@H]2[C@@H](CCC1)CCCC2,1.0,-4.58545333742192,-1.45347676505445,test
0,C1CCC(CC1)CCCCCCCCCC,1.36203185063152,-5.04955702950405,0.033620138152662,test
0,C1CCC(CC1)CCCCCCCCCC,1.24782492034211,-5.04955702950405,-0.368969612436494,test
0,C1CCC(CC1)CCCCCCCCCC,1.19654389440642,-5.04955702950405,-0.648486849282322,test
0,C1CCC(CC1)CCCCCCCCCC,1.11673120216119,-5.04955702950405,-0.925326170678755,test
0,C1CCC(CC1)CCCCCCCCCC,1.0,-5.04955702950405,-1.29349006731865,test
0,c1cc2c(cc1CCCCCCCCCC)CCC2,1.36203185063152,-5.60796406870627,0.562304919101789,test
0,c1cc2c(cc1CCCCCCCCCC)CCC2,1.24782492034211,-5.60796406870627,0.0542392127468091,test
0,c1cc2c(cc1CCCCCCCCCC)CCC2,1.19654389440642,-5.60796406870627,-0.291666625903486,test
0,c1cc2c(cc1CCCCCCCCCC)CCC2,1.11673120216119,-5.60796406870627,-0.623013023873585,test
0,c1cc2c(cc1CCCCCCCCCC)CCC2,1.0,-5.60796406870627,-1.04483150800388,test
0,c1cc2c(cc1)[C@@H]([C@H](C2)CCCC)CCCCCC,1.36203185063152,-7.48647452908675,1.22880524298449,test
0,c1cc2c(cc1)[C@@H]([C@H](C2)CCCC)CCCCCC,1.24782492034211,-7.48647452908675,0.470697152592574,test
0,c1cc2c(cc1)[C@@H]([C@H](C2)CCCC)CCCCCC,1.19654389440642,-7.48647452908675,-0.0278684716710793,test
0,c1cc2c(cc1)[C@@H]([C@H](C2)CCCC)CCCCCC,1.11673120216119,-7.48647452908675,-0.487727944491423,test
0,c1cc2c(cc1)[C@@H]([C@H](C2)CCCC)CCCCCC,1.0,-7.48647452908675,-1.0341928355984,test
0,c1c2c(ccc1)cc(c(c2)CCCCCC)CCCC,1.36203185063152,-7.16712728790406,1.3089915648779,test
0,c1c2c(ccc1)cc(c(c2)CCCCCC)CCCC,1.24782492034211,-7.16712728790406,0.579974314822996,test
0,c1c2c(ccc1)cc(c(c2)CCCCCC)CCCC,1.19654389440642,-7.16712728790406,0.103947152249102,test
0,c1c2c(ccc1)cc(c(c2)CCCCCC)CCCC,1.11673120216119,-7.16712728790406,-0.349078679929269,test
0,c1c2c(ccc1)cc(c(c2)CCCCCC)CCCC,1.0,-7.16712728790406,-0.894465845116683,test
0,C1[C@H]2[C@@H](C[C@@H]([C@@H]1C)CCCCCCCC)C[C@H](CC2)C,1.36203185063152,-6.36135780654871,0.99300665256472,test
0,C1[C@H]2[C@@H](C[C@@H]([C@@H]1C)CCCCCCCC)C[C@H](CC2)C,1.24782492034211,-6.36135780654871,0.468832938106718,test
0,C1[C@H]2[C@@H](C[C@@H]([C@@H]1C)CCCCCCCC)C[C@H](CC2)C,1.19654389440642,-6.36135780654871,0.0227095401453649,test
0,C1[C@H]2[C@@H](C[C@@H]([C@@H]1C)CCCCCCCC)C[C@H](CC2)C,1.11673120216119,-6.36135780654871,-0.398669434258843,test
0,C1[C@H]2[C@@H](C[C@@H]([C@@H]1C)CCCCCCCC)C[C@H](CC2)C,1.0,-6.36135780654871,-0.910398017372856,test
0,C1C[C@@H]([C@@H](CC1)C1CCCCC1)C1CCCCC1,1.36203185063152,-12.2593935776633,3.62644731092878,test
0,C1C[C@@H]([C@@H](CC1)C1CCCCC1)C1CCCCC1,1.24782492034211,-12.2593935776633,1.82121731471204,test
0,C1C[C@@H]([C@@H](CC1)C1CCCCC1)C1CCCCC1,1.19654389440642,-12.2593935776633,0.946031548688987,test
0,C1C[C@@H]([C@@H](CC1)C1CCCCC1)C1CCCCC1,1.11673120216119,-12.2593935776633,0.23305516462553,test
0,C1C[C@@H]([C@@H](CC1)C1CCCCC1)C1CCCCC1,1.0,-12.2593935776633,-0.498040225815558,test
0,c1(c2c(c(cc1)C)[C@H](CCC2)CCCCCCCC)C,1.36203185063152,-6.9867874717593,1.36312443409383,test
0,c1(c2c(c(cc1)C)[C@H](CCC2)CCCCCCCC)C,1.24782492034211,-6.9867874717593,0.778533409654927,test
0,c1(c2c(c(cc1)C)[C@H](CCC2)CCCCCCCC)C,1.19654389440642,-6.9867874717593,0.25483015668846,test
0,c1(c2c(c(cc1)C)[C@H](CCC2)CCCCCCCC)C,1.11673120216119,-6.9867874717593,-0.228119038111645,test
0,c1(c2c(c(cc1)C)[C@H](CCC2)CCCCCCCC)C,1.0,-6.9867874717593,-0.790651554692546,test
0,C1CCCCC1[C@@H](CCCC)CCCCCCCCCCCCCCC,1.36203185063152,-6.72695218141057,1.3714545701695,test
0,C1CCCCC1[C@@H](CCCC)CCCCCCCCCCCCCCC,1.24782492034211,-6.72695218141057,0.702111441138101,test
0,C1CCCCC1[C@@H](CCCC)CCCCCCCCCCCCCCC,1.19654389440642,-6.72695218141057,0.24211477263995,test
0,C1CCCCC1[C@@H](CCCC)CCCCCCCCCCCCCCC,1.11673120216119,-6.72695218141057,-0.196853002237255,test
0,C1CCCCC1[C@@H](CCCC)CCCCCCCCCCCCCCC,1.0,-6.72695218141057,-0.73337491437194,test
0,c1ccc(cc1)CCC(CCCC1CCCC1)CCc1ccccc1,1.36203185063152,-7.64696907901794,1.78733492258504,test
0,c1ccc(cc1)CCC(CCCC1CCCC1)CCc1ccccc1,1.24782492034211,-7.64696907901794,0.940820783085286,test
0,c1ccc(cc1)CCC(CCCC1CCCC1)CCc1ccccc1,1.19654389440642,-7.64696907901794,0.399587177728772,test
0,c1ccc(cc1)CCC(CCCC1CCCC1)CCc1ccccc1,1.11673120216119,-7.64696907901794,-0.0861780733899802,test
0,c1ccc(cc1)CCC(CCCC1CCCC1)CCc1ccccc1,1.0,-7.64696907901794,-0.662652864681583,test
0,c1ccc(cc1)C(c1ccccc1)C,1.36203185063152,-5.07113916134833,-0.0476343587537517,test
0,c1ccc(cc1)C(c1ccccc1)C,1.24782492034211,-5.07113916134833,-0.475521973883613,test
0,c1ccc(cc1)C(c1ccccc1)C,1.19654389440642,-5.07113916134833,-0.755910260738553,test
0,c1ccc(cc1)C(c1ccccc1)C,1.11673120216119,-5.07113916134833,-1.02406943129532,test
0,c1ccc(cc1)C(c1ccccc1)C,1.0,-5.07113916134833,-1.35504227473224,test
0,CCC=C(CCC)CCC,1.36203185063152,-4.1073285444384,-1.44599429499711,test
0,CCC=C(CCC)CCC,1.24782492034211,-4.1073285444384,-1.63328851657033,test
0,CCC=C(CCC)CCC,1.19654389440642,-4.1073285444384,-1.77280246128139,test
0,CCC=C(CCC)CCC,1.11673120216119,-4.1073285444384,-1.92391846700243,test
0,CCC=C(CCC)CCC,1.0,-4.1073285444384,-2.1447237641541,test
