smiles,lnA,EaR,temperature
C=C(C)CC(C)(C)C,-2.2889862,0.44655293,5.97161936560935
C=C(C)CC(C)(C)C,-2.2889862,0.44655293,4.69787345817509
C=C(C)CC(C)(C)C,-2.2889862,0.44655293,3.87198037128579
C=C(C)CC(C)(C)C,-2.2889862,0.446553,3.29305622684066
C=C(C)CC(C)(C)C,-2.2889862,0.44655293,2.86473210710377
c1(C)c(C)c(C)c(CC)cc1,-2.3482647,0.538809,4.12492792619643
c1(C)c(C)c(C)c(CC)cc1,-2.3482645,0.538809,3.19705647954358
c1(C)c(C)c(C)c(CC)cc1,-2.3482642,0.538809,2.60996461188603
c1(C)c(C)c(C)c(CC)cc1,-2.3482645,0.538809,2.20504153331655
c1(C)c(C)c(C)c(CC)cc1,-2.3482642,0.538809,1.90888714956596
n1c(C)cc(C)cc1(C),-2.1403835,0.5456556,4.68684486373166
n1c(C)cc(C)cc1(C),-2.1403835,0.5456556,3.70024913148798
n1c(C)cc(C)cc1(C),-2.1403835,0.5456556,3.05678597370782
n1c(C)cc(C)cc1(C),-2.1403835,0.5456556,2.60396381968078
n1c(C)cc(C)cc1(C),-2.1403835,0.5456556,2.26799112332241
[Si](OC)(OC)(OC)CCCS,-1.5885463,0.7198226,5.3655
[Si](OC)(OC)(OC)CCCS,-1.5885463,0.7198225,3.9483052016741
[Si](OC)(OC)(OC)CCCS,-1.5885463,0.7198226,3.12333551626282
[Si](OC)(OC)(OC)CCCS,-1.5885463,0.7198225,2.58352643775016
[Si](OC)(OC)(OC)CCCS,-1.5885463,0.7198226,2.20281227547983
CCOCCOCCOCCO,-1.8719045,0.67228717,4.21733149931224
CCOCCOCCOCCO,-1.8719043,0.67228717,3.32100580270793
CCOCCOCCOCCO,-1.8719043,0.6722872,2.73889739663093
CCOCCOCCOCCO,-1.8719043,0.67228717,2.33041967533525
CCOCCOCCOCCO,-1.8719045,0.67228717,2.02796938486252
CCOC(OCC)OCC,-2.1566844,0.5507674,5.44582593250444
CCOC(OCC)OCC,-2.1566844,0.5507674,4.24863901811343
CCOC(OCC)OCC,-2.1566842,0.55076736,3.48296007789679
CCOC(OCC)OCC,-2.1566842,0.55076736,2.9511172224132
CCOC(OCC)OCC,-2.1566842,0.5507674,2.56018131933675
P(=O)(Oc1c(C)cccc1)(Oc1c(C)cccc1)Oc1c(C)cccc1,-2.4550452,0.640217,4.36841033991451
P(=O)(Oc1c(C)cccc1)(Oc1c(C)cccc1)Oc1c(C)cccc1,-2.4550452,0.640217,3.02260404196888
P(=O)(Oc1c(C)cccc1)(Oc1c(C)cccc1)Oc1c(C)cccc1,-2.4550452,0.64021707,2.31072351421189
P(=O)(Oc1c(C)cccc1)(Oc1c(C)cccc1)Oc1c(C)cccc1,-2.4550452,0.640217,1.87024530521546
P(=O)(Oc1c(C)cccc1)(Oc1c(C)cccc1)Oc1c(C)cccc1,-2.4550455,0.640217,1.57081168118276
c1(Cl)c(Cl)cc(Cl)cc1,-2.8334565,0.61612433,3.6984318455971
c1(Cl)c(Cl)cc(Cl)cc1,-2.8334565,0.61612433,3.1640866873065
c1(Cl)c(Cl)cc(Cl)cc1,-2.8334563,0.61612433,2.76465284039675
c1(Cl)c(Cl)cc(Cl)cc1,-2.8334568,0.6161244,2.45476381104884
c1(Cl)c(Cl)cc(Cl)cc1,-2.8334563,0.61612433,2.207343412527
C(Cl)(Cl)(Cl)C=O,-2.7281892,0.6575748,4.96805555555556
C(Cl)(Cl)(Cl)C=O,-2.7281892,0.6575748,4.21298522844383
C(Cl)(Cl)(Cl)C=O,-2.7281892,0.65757483,3.65715259435972
C(Cl)(Cl)(Cl)C=O,-2.7281892,0.65757483,3.23089082081969
C(Cl)(Cl)(Cl)C=O,-2.7281892,0.6575748,2.89362275852771
CCCCN(CCCC)CCCC,-2.3018296,0.6385824,5.28620689655172
CCCCN(CCCC)CCCC,-2.3018296,0.63858247,3.9158874241664
CCCCN(CCCC)CCCC,-2.3018296,0.6385824,3.10975874809824
CCCCN(CCCC)CCCC,-2.3018296,0.63858247,2.57886989696296
CCCCN(CCCC)CCCC,-2.3018296,0.6385824,2.20281227547983
c1(C)c(N=C=O)cccc1(N=C=O),-2.189911,0.61725414,3.68193515182707
c1(C)c(N=C=O)cccc1(N=C=O),-2.189911,0.61725414,3.07401439467182
c1(C)c(N=C=O)cccc1(N=C=O),-2.189911,0.61725414,2.63839203392956
c1(C)c(N=C=O)cccc1(N=C=O),-2.189911,0.61725426,2.31091011871114
c1(C)c(N=C=O)cccc1(N=C=O),-2.189911,0.6172542,2.05574712643678
c1cc(C)ccc1C=O,-1.8905205,0.62745607,4.01910112359551
c1cc(C)ccc1C=O,-1.8905205,0.62745607,3.349773685032
c1cc(C)ccc1C=O,-1.8905205,0.62745607,2.87155472303987
c1cc(C)ccc1C=O,-1.8905205,0.62745607,2.51282051282051
c1cc(C)ccc1C=O,-1.8905203,0.62745607,2.23376353039134
S1CC1,-1.7098123,0.39399412,6.53731343283582
S1CC1,-1.7098123,0.39399412,5.23125297064093
S1CC1,-1.7098123,0.39399412,4.36015683725088
S1CC1,-1.7098123,0.39399412,3.73775459556422
S1CC1,-1.7098123,0.39399412,3.27084857351865
CC(C)(C)CC(C)(C)C,-2.6742566,0.5929409,5.18531046146412
CC(C)(C)CC(C)(C)C,-2.6742566,0.59294087,4.22359759517461
CC(C)(C)CC(C)(C)C,-2.6742566,0.5929409,3.56280814754561
CC(C)(C)CC(C)(C)C,-2.6742566,0.5929408,3.08080989327266
CC(C)(C)CC(C)(C)C,-2.6742566,0.59294087,2.71368602063524
CC(C)(C)C(C)C(C)C,-2.5446851,0.55663663,7.05708273050112
CC(C)(C)C(C)C(C)C,-2.5446851,0.55663663,4.9775035947864
CC(C)(C)C(C)C(C)C,-2.5446851,0.55663663,3.84458297506449
CC(C)(C)C(C)C(C)C,-2.5446851,0.5566366,3.1317671092952
CC(C)(C)C(C)C(C)C,-2.5446851,0.55663663,2.64193214830863
CO[Si](OC)(OC)OC,-1.6091146,0.7047846,3.91856855943034
CO[Si](OC)(OC)OC,-1.6091145,0.70478463,3.53336296735319
CO[Si](OC)(OC)OC,-1.6091144,0.7047846,3.21711236359276
CO[Si](OC)(OC)OC,-1.6091145,0.7047846,2.95282253071557
CO[Si](OC)(OC)OC,-1.6091146,0.70478463,2.72865969944313
C1COCC1,-1.5514103,0.46113676,6.51746128150622
C1COCC1,-1.5514103,0.46113676,5.15250819258886
C1COCC1,-1.5514103,0.46113676,4.26027750759275
C1COCC1,-1.5514103,0.46113676,3.63144135836414
C1COCC1,-1.5514103,0.46113676,3.16436659589526
CC(F)(F)CC(C)(F)F,-2.7629547,0.5426176,4.12730769230769
CC(F)(F)CC(C)(F)F,-2.7629545,0.54261756,3.59979872525998
CC(F)(F)CC(C)(F)F,-2.7629545,0.54261756,3.1918500892326
CC(F)(F)CC(C)(F)F,-2.7629545,0.54261756,2.86695164306706
CC(F)(F)CC(C)(F)F,-2.7629545,0.54261756,2.60208535402522
[Sn](Cl)(Cl)(Cl)(Cl),-3.5369468,0.63359696,4.48995815899582
[Sn](Cl)(Cl)(Cl)(Cl),-3.5369468,0.633597,3.88811391510716
[Sn](Cl)(Cl)(Cl)(Cl),-3.5369468,0.633597,3.42854404294067
[Sn](Cl)(Cl)(Cl)(Cl),-3.5369468,0.633597,3.06613140563167
[Sn](Cl)(Cl)(Cl)(Cl),-3.5369468,0.63359696,2.77301152514342
C(Cl)(Cl)(Cl)C(Cl),-3.6958597,0.7120844,5.28776978417266
C(Cl)(Cl)(Cl)C(Cl),-3.6958597,0.7120844,4.23953302320069
C(Cl)(Cl)(Cl)C(Cl),-3.6958592,0.7120844,3.53813943520335
C(Cl)(Cl)(Cl)C(Cl),-3.6958592,0.7120843,3.03587973604736
C(Cl)(Cl)(Cl)C(Cl),-3.6958592,0.7120844,2.65849126718692
CCOCC(C)OC(=O)C,-2.0644348,0.5328103,5.03802816901408
CCOCC(C)OC(=O)C,-2.0644348,0.5328103,3.98551532033426
CCOCC(C)OC(=O)C,-2.0644348,0.5328103,3.29677419354839
CCOCC(C)OC(=O)C,-2.0644348,0.5328103,2.81100196463654
CCOCC(C)OC(=O)C,-2.0644348,0.5328103,2.45
CCCOC(=O)C=C,-1.7077775,0.56607807,5.23463414634146
CCCOC(=O)C=C,-1.7077775,0.56607807,4.01158878504673
CCCOC(=O)C=C,-1.7077775,0.5660781,3.25181818181818
CCCOC(=O)C=C,-1.7077775,0.56607807,2.7340127388535
CCCOC(=O)C=C,-1.7077775,0.56607807,2.35846153846154
CCCOCCOCCO,-1.8127294,0.6603264,4.87440381558029
CCCOCCOCCO,-1.8127291,0.6603264,3.7375918637456
CCCOCCOCCO,-1.8127291,0.6603264,3.03075663004491
CCCOCCOCCO,-1.8127291,0.6603264,2.54874949528537
CCCOCCOCCO,-1.8127291,0.6603264,2.19902047173098
CC(O)COCCC,-1.6958894,0.52729803,5.55578565881439
CC(O)COCCC,-1.6958894,0.527298,4.28682712473784
CC(O)COCCC,-1.6958894,0.52729803,3.48975609756098
CC(O)COCCC,-1.6958894,0.527298,2.94262014122164
CC(O)COCCC,-1.6958894,0.52729803,2.54379518786298
CCC(=O)O,-0.82295084,0.611693,4.25074272133096
CCC(=O)O,-0.82295084,0.611693,3.30057670126874
CCC(=O)O,-0.82295084,0.611693,2.69758672699849
CCC(=O)O,-0.82295084,0.611693,2.28088633827515
CCC(=O)O,-0.82295084,0.611693,1.97569732118199
CCOCC(C)OCC(C)O,-1.9994493,0.5073402,5.26029411764706
CCOCC(C)OCC(C)O,-1.9994493,0.5073402,3.95612903225806
CCOCC(C)OCC(C)O,-1.9994493,0.5073402,3.17016248153619
CCOCC(C)OCC(C)O,-1.999449,0.5073402,2.64473197781885
CCOCC(C)OCC(C)O,-1.9994493,0.50734025,2.26871035940803
C=CCOCC=C,-1.3769605,0.47926068,6.01850813236119
C=CCOCC=C,-1.3769608,0.47926068,4.75849454021396
C=CCOCC=C,-1.3769608,0.47926062,3.93473278943991
C=CCOCC=C,-1.3769608,0.47926062,3.3540925962102
C=CCOCC=C,-1.3769608,0.47926068,2.92278360343184
C=CC(=O)OCCC(O)=O,-1.3003252,0.6881081,3.78118393234672
C=CC(=O)OCCC(O)=O,-1.300325,0.688108,3.09875830205025
C=CC(=O)OCCC(O)=O,-1.3003252,0.68810815,2.625
C=CC(=O)OCCC(O)=O,-1.300325,0.6881081,2.27689369828135
C=CC(=O)OCCC(O)=O,-1.300325,0.68810797,2.01030348445111
ClP(Cl)Cl,-2.571346,0.5349463,5.92382003864201
ClP(Cl)Cl,-2.571346,0.5349463,4.80833426683096
ClP(Cl)Cl,-2.571346,0.5349463,4.04638009049774
ClP(Cl)Cl,-2.571346,0.5349463,3.49287981121328
ClP(Cl)Cl,-2.571346,0.5349463,3.07258410880458
c1ccccc1(CO),-1.6634177,0.6466184,4.16172193135544
c1ccccc1(CO),-1.6634175,0.6466183,3.42802379906561
c1ccccc1(CO),-1.6634177,0.6466184,2.91425079774594
c1ccccc1(CO),-1.6634175,0.64661837,2.53440793552387
c1ccccc1(CO),-1.6634177,0.6466183,2.24216464688675
c1(C(C)OCC(O)C)ccccc1,-2.1003528,0.531881,3.6549727520436
c1(C(C)OCC(O)C)ccccc1,-2.1003528,0.5318809,3.05052945774998
c1(C(C)OCC(O)C)ccccc1,-2.1003525,0.5318809,2.6176362971094
c1(C(C)OCC(O)C)ccccc1,-2.1003528,0.531881,2.29233644859813
c1(C(C)OCC(O)C)ccccc1,-2.1003528,0.531881,2.03895116853506
C=Cc1ccccc1,-1.8271427,0.630214,4.42442483714027
C=Cc1ccccc1,-1.8271427,0.6302141,3.74577853795607
C=Cc1ccccc1,-1.827143,0.6302141,3.2476356207914
C=Cc1ccccc1,-1.8271427,0.63021404,2.86643471989422
C=Cc1ccccc1,-1.827143,0.63021404,2.56532236857833
c1(CC#N)ccccc1,-1.84229,0.65299916,4.30358933226389
c1(CC#N)ccccc1,-1.84229,0.6529991,3.42105682633299
c1(CC#N)ccccc1,-1.8422902,0.65299916,2.83888888888889
c1(CC#N)ccccc1,-1.84229,0.65299916,2.4260441982705
c1(CC#N)ccccc1,-1.8422902,0.65299904,2.11803019836179
C(O)C(c1ccccc1)C,-1.949578,0.571184,4.17548638132296
C(O)C(c1ccccc1)C,-1.949578,0.571184,3.25428354814253
C(O)C(c1ccccc1)C,-1.949578,0.571184,2.66608695652174
C(O)C(c1ccccc1)C,-1.949578,0.571184,2.25796948974224
C(O)C(c1ccccc1)C,-1.949578,0.571184,1.95821167883212
c1ccccc1C(C)OC(C)c2ccccc2,-2.462156,0.55714786,4.41332510795805
c1ccccc1C(C)OC(C)c2ccccc2,-2.462156,0.55714786,3.33028163550314
c1ccccc1C(C)OC(C)c2ccccc2,-2.462156,0.55714786,2.67405930725143
c1ccccc1C(C)OC(C)c2ccccc2,-2.462156,0.5571478,2.23387978142077
c1ccccc1C(C)OC(C)c2ccccc2,-2.4621556,0.55714786,1.91813388149075
c1(OCC)ccc(N)cc1,-1.8111968,0.63436306,3.87400722021661
c1(OCC)ccc(N)cc1,-1.8111968,0.63436306,3.15849889624724
c1(OCC)ccc(N)cc1,-1.8111966,0.63436306,2.66608695652174
c1(OCC)ccc(N)cc1,-1.8111966,0.63436306,2.3065018807093
c1(OCC)ccc(N)cc1,-1.8111966,0.63436306,2.03238636363636
CC(C)(C)OOCC=C,-2.2442434,0.47135943,5.03165002110001
CC(C)(C)OOCC=C,-2.2442431,0.47135943,4.16839038601602
CC(C)(C)OOCC=C,-2.2442434,0.47135943,3.55796488785
CC(C)(C)OOCC=C,-2.2442431,0.47135943,3.10348567338351
CC(C)(C)OOCC=C,-2.2442434,0.47135943,2.75196184028312
C(CCCC1)(C1)CCCCC,-2.1617236,0.5393904,5.06179245283019
C(CCCC1)(C1)CCCCC,-2.1617236,0.5393903,3.85608408570274
C(CCCC1)(C1)CCCCC,-2.1617236,0.5393903,3.11427120365668
C(CCCC1)(C1)CCCCC,-2.1617236,0.5393903,2.61182269007271
C(CCCC1)(C1)CCCCC,-2.1617236,0.5393903,2.24897830870795
c1ccccc1(CCCCC),-2.2469807,0.63969237,5.41559424678274
c1ccccc1(CCCCC),-2.2469807,0.6396924,4.00014910629415
c1ccccc1(CCCCC),-2.2469807,0.6396923,3.17128671907323
c1ccccc1(CCCCC),-2.2469807,0.63969237,2.62695993831014
c1ccccc1(CCCCC),-2.2469807,0.63969237,2.24211779946094
CCCCCOC(=O)CCC,-2.1768587,0.6139925,5.36684171042761
CCCCCOC(=O)CCC,-2.176859,0.6139924,4.05708884688091
CCCCCOC(=O)CCC,-2.176859,0.6139925,3.26120650357089
CCCCCOC(=O)CCC,-2.1768587,0.61399245,2.72637195121951
CCCCCOC(=O)CCC,-2.1768587,0.61399245,2.34224598930481
CCC(O)CC,-1.4030265,0.46531385,5.25642909625276
CCC(O)CC,-1.4030263,0.46531385,4.04893739447049
CCC(O)CC,-1.4030265,0.4653138,3.29257628522774
CCC(O)CC,-1.4030265,0.46531385,2.77431989606965
CCC(O)CC,-1.4030265,0.46531385,2.39702466047177
CCCCCS,-1.675467,0.56668144,5.43479361863763
CCCCCS,-1.6754671,0.5666815,4.32640554760417
CCCCCS,-1.6754671,0.5666815,3.59353023909986
CCCCCS,-1.6754671,0.5666815,3.07298005469567
CCCCCS,-1.675467,0.5666815,2.68415918357137
N#CCCCC#N,-1.3018728,0.73959845,4.39416895295033
N#CCCCC#N,-1.301873,0.7395986,3.32285683320689
N#CCCCC#N,-1.3018728,0.73959845,2.67152957578172
N#CCCCC#N,-1.3018728,0.73959845,2.23369378558122
N#CCCCC#N,-1.3018728,0.73959845,1.91916301529107
NCCCCCN,-1.4234778,0.74569404,3.71765113459207
NCCCCCN,-1.4234778,0.74569404,3.25897805785438
NCCCCCN,-1.4234778,0.74569404,2.90105433901054
NCCCCCN,-1.4234778,0.7456941,2.61396991657025
NCCCCCN,-1.4234778,0.74569404,2.37858805275407
C(F)(F)C(F)(F)C(F),-2.5090888,0.53743994,5.61391577295318
C(F)(F)C(F)(F)C(F),-2.5090888,0.53743994,4.92343690857163
C(F)(F)C(F)(F)C(F),-2.5090885,0.53743994,4.38420525810471
C(F)(F)C(F)(F)C(F),-2.5090888,0.5374399,3.95143101749993
C(F)(F)C(F)(F)C(F),-2.5090888,0.53744,3.59642067162678
C1(CCC=CC)=CC=CC=C1C,-1.9636729,0.5765374,4.29411764705882
C1(CCC=CC)=CC=CC=C1C,-1.9636729,0.5765374,3.43474433864127
C1(CCC=CC)=CC=CC=C1C,-1.9636729,0.57653743,2.86198159754634
C1(CCC=CC)=CC=CC=C1C,-1.9636729,0.57653743,2.4529401680096
C1(CCC=CC)=CC=CC=C1C,-1.9636729,0.5765374,2.1462
C1CC(C2CCOC2)CO1,-1.7598281,0.49065197,4.5663829787234
C1CC(C2CCOC2)CO1,-1.759828,0.49065202,3.57104825291181
C1CC(C2CCOC2)CO1,-1.7598281,0.49065202,2.93196721311475
C1CC(C2CCOC2)CO1,-1.7598279,0.49065197,2.48690614136732
C1CC(C2CCOC2)CO1,-1.7598279,0.49065197,2.15915492957747
C1COC1(=O),-1.4064697,0.54639786,4.47591240875912
C1COC1(=O),-1.4064697,0.54639786,3.71829521829522
C1COC1(=O),-1.4064696,0.54639786,3.18002667061787
C1COC1(=O),-1.4064697,0.5463978,2.7778928294072
C1COC1(=O),-1.4064696,0.54639786,2.46604619096863
c1ccccc1(CCCCCCCC),-2.366435,0.6819738,4.52498418722328
c1ccccc1(CCCCCCCC),-2.3664353,0.68197376,3.43666933546837
c1ccccc1(CCCCCCCC),-2.366435,0.6819738,2.77036272105331
c1ccccc1(CCCCCCCC),-2.366435,0.6819739,2.32046707752189
c1ccccc1(CCCCCCCC),-2.366435,0.6819738,1.99627941586829
CCCCCCCCOC=O,-2.124329,0.68161607,4.58491775261696
CCCCCCCCOC=O,-2.124329,0.68161607,3.33480946276658
CCCCCCCCOC=O,-2.124329,0.68161607,2.62035284781149
CCCCCCCCOC=O,-2.124329,0.68161607,2.15801513285237
CCCCCCCCOC=O,-2.124329,0.68161607,1.83435897435897
CCC/C=C/CCC,-1.6646805,0.41055515,5.98260578692089
CCC/C=C/CCC,-1.6646805,0.41055518,4.59808038392321
CCC/C=C/CCC,-1.6646805,0.41055512,3.73395038101534
CCC/C=C/CCC,-1.6646805,0.41055518,3.14323374340949
CCC/C=C/CCC,-1.6646805,0.41055515,2.71389190966339
CCCCCCCCS,-2.050277,0.6611402,4.79169457468185
CCCCCCCCS,-2.0502772,0.6611402,3.75196671445054
CCCCCCCCS,-2.050277,0.6611402,3.08300054586721
CCCCCCCCS,-2.050277,0.6611402,2.61648745519713
CCCCCCCCS,-2.050277,0.6611401,2.27260213049832
CCC(=O)CCCCC,-2.0988934,0.60896856,4.19917824300528
CCC(=O)CCCCC,-2.0988934,0.60896856,3.55537149010188
CCC(=O)CCCCC,-2.0988936,0.60896856,3.08273484630853
CCC(=O)CCCCC,-2.0988934,0.60896856,2.72101426307448
CCC(=O)CCCCC,-2.0988934,0.6089685,2.4352660841938
CCCCCCCCCN,-2.1550112,0.705417,3.9286106534871
CCCCCCCCCN,-2.1550112,0.705417,3.17990887876431
CCCCCCCCCN,-2.1550112,0.705417,2.67089789061042
CCCCCCCCCN,-2.1550114,0.7054171,2.30235738997506
CCCCCCCCCN,-2.1550114,0.70541704,2.02319004524887
CC(C)C(=O)OC(=O)C(C)C,-2.0941942,0.56237847,4.88549965854769
CC(C)C(=O)OC(=O)C(C)C,-2.0941942,0.56237847,3.85106764758658
CC(C)C(=O)OC(=O)C(C)C,-2.0941942,0.5623785,3.17814304753443
CC(C)C(=O)OC(=O)C(C)C,-2.0941942,0.56237847,2.70540779024329
CC(C)C(=O)OC(=O)C(C)C,-2.0941942,0.56237847,2.35509711401295
CC(C)(O)CO,-0.97512794,0.48854202,5.25256975036711
CC(C)(O)CO,-0.97512794,0.48854208,4.03591744628837
CC(C)(O)CO,-0.97512794,0.48854202,3.27689136575311
CC(C)(O)CO,-0.97512794,0.48854208,2.7581686746988
CC(C)(O)CO,-0.9751278,0.48854202,2.38122711638744
CC(C)C(=O),-1.2252103,0.4582023,4.2924
CC(C)C(=O),-1.2252103,0.45820224,3.9482688840649
CC(C)C(=O),-1.2252103,0.4582023,3.6552217453505
CC(C)C(=O),-1.2252103,0.4582023,3.4026698798237
CC(C)C(=O),-1.2252103,0.4582023,3.18276189346304
CC1OC1,-1.8310003,0.3981876,6.65612206922218
CC1OC1,-1.8310003,0.3981876,4.93685735974053
CC1OC1,-1.8310003,0.3981876,3.9234397279807
CC1OC1,-1.8310003,0.3981876,3.2552213677936
CC1OC1,-1.8310004,0.3981876,2.78149300155521
CCC(C)CCCCCO,-2.0791698,0.64557076,4.46938775510204
CCC(C)CCCCCO,-2.0791695,0.64557076,3.49823148766931
CCC(C)CCCCCO,-2.0791698,0.64557076,2.87378484775448
CCC(C)CCCCCO,-2.0791695,0.64557076,2.43850340290639
CCC(C)CCCCCO,-2.0791698,0.64557076,2.11773760656773
CCCCC(C)CCCO,-2.0965889,0.6339753,4.46938775510204
CCCCC(C)CCCO,-2.0965889,0.6339753,3.50211314720232
CCCCC(C)CCCO,-2.0965889,0.6339753,2.87902771443136
CCCCC(C)CCCO,-2.096589,0.6339753,2.4441685931966
CCCCC(C)CCCO,-2.0965889,0.6339753,2.12343675795473
c1(C)cccc2ccccc21,-2.2311192,0.68981606,4.42205464210656
c1(C)cccc2ccccc21,-2.231119,0.689816,3.44538624542477
c1(C)cccc2ccccc21,-2.2311192,0.68981606,2.82209072978304
c1(C)cccc2ccccc21,-2.2311192,0.68981606,2.38976483164083
c1(C)cccc2ccccc21,-2.231119,0.68981606,2.07230172064191
OCC(C)CCCC,-1.9302856,0.55342335,4.87772727272727
OCC(C)CCCC,-1.9302855,0.5534233,3.77852112676056
OCC(C)CCCC,-1.9302856,0.55342335,3.08362068965517
OCC(C)CCCC,-1.9302856,0.55342335,2.60461165048544
OCC(C)CCCC,-1.9302856,0.5534233,2.25441176470588
O=CC(C)CCCCC,-1.9511453,0.58743954,4.31657280772325
O=CC(C)CCCCC,-1.9511453,0.58743954,3.6532618409294
O=CC(C)CCCCC,-1.9511453,0.58743954,3.16665437108078
O=CC(C)CCCCC,-1.9511453,0.58743954,2.79444028514697
O=CC(C)CCCCC,-1.9511453,0.58743954,2.50052429220552
CCCCCC(C)CO,-2.0296118,0.58405554,4.65351257588899
CCCCCC(C)CO,-2.0296118,0.5840556,3.76410751085193
CCCCCC(C)CO,-2.0296118,0.58405554,3.16012662887433
CCCCCC(C)CO,-2.0296118,0.5840556,2.72317208564631
CCCCCC(C)CO,-2.0296118,0.58405554,2.39237543194739
C1C(C)c2ccccc2CC1,-2.0946047,0.5217245,5.44803777224958
C1C(C)c2ccccc2CC1,-2.0946047,0.5217246,3.95755156231272
C1C(C)c2ccccc2CC1,-2.0946047,0.5217245,3.10741743524404
C1C(C)c2ccccc2CC1,-2.0946047,0.5217245,2.55793858420686
C1C(C)c2ccccc2CC1,-2.0946047,0.5217245,2.17358719870367
C1CCC(=O)N1(C),-1.4520892,0.51461464,4.30704394942806
C1CCC(=O)N1(C),-1.4520891,0.5146147,3.50437189252737
C1CCC(=O)N1(C),-1.4520892,0.5146147,2.95387918576324
C1CCC(=O)N1(C),-1.452089,0.5146147,2.55285742323407
C1CCC(=O)N1(C),-1.452089,0.5146147,2.24770642201835
CC(C)=C=O,-1.675425,0.48278457,6.10930828351836
CC(C)=C=O,-1.6754253,0.48278457,4.75290939088262
CC(C)=C=O,-1.6754252,0.48278457,3.88938221489281
CC(C)=C=O,-1.6754252,0.48278457,3.29138966207357
CC(C)=C=O,-1.6754252,0.48278457,2.85277541471714
CC(C)CS,-1.4613578,0.34463605,8.3633387888707
CC(C)CS,-1.4613577,0.344636,5.74949435417978
CC(C)CS,-1.4613578,0.34463602,4.38044698438616
CC(C)CS,-1.4613578,0.344636,3.5379936203358
CC(C)CS,-1.4613577,0.34463608,2.96731556243778
C/C=CC(C)C,-1.4148979,0.32787922,7.75921908893709
C/C=CC(C)C,-1.4148979,0.32787922,5.76602232580632
C/C=CC(C)C,-1.4148979,0.3278792,4.58756385866661
C/C=CC(C)C,-1.4148978,0.32787922,3.80906743337859
C/C=CC(C)C,-1.4148979,0.3278792,3.25645616484083
C/C=C(C)/CC,-1.6863686,0.31855634,7.96659242761693
C/C=C(C)/CC,-1.6863686,0.31855634,5.74088191630221
C/C=C(C)/CC,-1.6863683,0.31855634,4.48723577745719
C/C=C(C)/CC,-1.6863686,0.31855634,3.68297768282324
C/C=C(C)/CC,-1.6863683,0.31855628,3.12319916179167
CC(O)(C)CC(O)C,-1.4295548,0.49321163,4.80887295541116
CC(O)(C)CC(O)C,-1.4295546,0.4932117,3.68209307312889
CC(O)(C)CC(O)C,-1.4295548,0.4932117,2.98311209952047
CC(O)(C)CC(O)C,-1.4295548,0.4932117,2.50716976723811
CC(O)(C)CC(O)C,-1.4295546,0.4932117,2.16220028208745
CC(C)C(=O)OCC(C)(C)C(O)C(C)C,-2.2764006,0.53205174,4.80887295541116
CC(C)C(=O)OCC(C)(C)C(O)C(C)C,-2.2764006,0.53205174,3.57595701253801
CC(C)C(=O)OCC(C)(C)C(O)C(C)C,-2.2764006,0.5320517,2.84623035607718
CC(C)C(=O)OCC(C)(C)C(O)C(C)C,-2.2764006,0.5320517,2.36385163972795
CC(C)C(=O)OCC(C)(C)C(O)C(C)C,-2.2764006,0.5320517,2.02128461103786
C=CC(C)CCC,-1.9049671,0.40715834,7.40068965517241
C=CC(C)CCC,-1.9049671,0.40715832,5.41935483870968
C=CC(C)CCC,-1.9049673,0.40715834,4.27487302061548
C=CC(C)CCC,-1.9049671,0.40715832,3.52949882826954
C=CC(C)CCC,-1.9049671,0.40715834,3.00546141996919
C=C(C)CCCC,-2.0288815,0.4292134,6.30197322057787
C=C(C)CCCC,-2.0288815,0.4292134,4.90095109781579
C=C(C)CCCC,-2.0288815,0.42921337,4.00956526612738
C=C(C)CCCC,-2.0288815,0.4292134,3.39253112033195
C=C(C)CCCC,-2.0288815,0.42921337,2.94008055015206
CC(=O)CCC(C)C,-2.0110302,0.5270144,5.38569636135508
CC(=O)CCC(C)C,-2.01103,0.5270144,3.97065761357224
CC(=O)CCC(C)C,-2.0110302,0.5270144,3.14447716583886
CC(=O)CCC(C)C,-2.0110302,0.5270144,2.60289007877072
CC(=O)CCC(C)C,-2.0110302,0.5270144,2.22045191193511
C=CCCCC(C)C,-2.0166533,0.46787572,6.3875
C=CCCCC(C)C,-2.016653,0.46787566,4.82102543943393
C=CCCCC(C)C,-2.0166533,0.46787572,3.87156128799495
C=CCCCC(C)C,-2.0166533,0.46787572,3.23454278286425
C=CCCCC(C)C,-2.0166533,0.46787572,2.77753332470558
C1[C@](O)([H])(CC[C@@](C)([H])(C1)),-1.1766039,0.35207126,4.04943396226415
C1[C@](O)([H])(CC[C@@](C)([H])(C1)),-1.1766039,0.35207126,3.32331991328585
C1[C@](O)([H])(CC[C@@](C)([H])(C1)),-1.1766039,0.35207126,2.81801470588235
C1[C@](O)([H])(CC[C@@](C)([H])(C1)),-1.1766039,0.35207126,2.44609072258947
C1[C@](O)([H])(CC[C@@](C)([H])(C1)),-1.1766039,0.35207126,2.16089407974225
C1[C@](O)([H])(C[C@@](C)([H])(CC1)),-1.1953831,0.34053293,3.93581514762516
C1[C@](O)([H])(C[C@@](C)([H])(CC1)),-1.1953831,0.34053293,3.29411764705882
C1[C@](O)([H])(C[C@@](C)([H])(CC1)),-1.1953831,0.34053287,2.83233256351039
C1[C@](O)([H])(C[C@@](C)([H])(CC1)),-1.1953831,0.34053287,2.48409965566133
C1[C@](O)([H])(C[C@@](C)([H])(CC1)),-1.1953831,0.34053287,2.21212121212121
C1[C@](O)([H])([C@@](C)([H])(CCC1)),-1.185203,0.35342246,3.98699609882965
C1[C@](O)([H])([C@@](C)([H])(CCC1)),-1.185203,0.35342246,3.32164828786999
C1[C@](O)([H])([C@@](C)([H])(CCC1)),-1.185203,0.3534224,2.84660786524305
C1[C@](O)([H])([C@@](C)([H])(CCC1)),-1.185203,0.35342246,2.490441240463
C1[C@](O)([H])([C@@](C)([H])(CCC1)),-1.185203,0.35342246,2.2134900990099
c1ccccc1[C@](C)([H])(O),-1.749883,0.5552576,3.6580876086586
c1ccccc1[C@](C)([H])(O),-1.7498829,0.5552576,3.16268788682582
c1ccccc1[C@](C)([H])(O),-1.7498828,0.5552576,2.7854639844257
c1ccccc1[C@](C)([H])(O),-1.749883,0.5552577,2.48863636363636
c1ccccc1[C@](C)([H])(O),-1.7498828,0.5552576,2.24897830870795
C(c1cc(C)ccc1)O,-1.8148317,0.62057966,4.25833333333333
C(c1cc(C)ccc1)O,-1.8148317,0.62057966,3.44452914978133
C(c1cc(C)ccc1)O,-1.8148317,0.6205796,2.8918682207101
C(c1cc(C)ccc1)O,-1.8148317,0.62057966,2.49203169903335
C(c1cc(C)ccc1)O,-1.8148317,0.62057966,2.18932979700092
C=CC(C)OCCO,-1.5026416,0.49983388,4.81210762331839
C=CC(C)OCCO,-1.5026416,0.49983388,3.91499452754469
C=CC(C)OCCO,-1.5026413,0.49983388,3.29981549815498
C=CC(C)OCCO,-1.5026413,0.49983388,2.8517140579325
C=CC(C)OCCO,-1.5026416,0.49983388,2.51076275152082
CC(C)CCSCCC(C)C,-2.3881934,0.51603615,5.40468395870058
CC(C)CCSCCC(C)C,-2.3881934,0.5160362,3.95941333825293
CC(C)CCSCCC(C)C,-2.3881934,0.51603615,3.12401746724891
CC(C)CCSCCC(C)C,-2.3881934,0.5160362,2.57972233908288
CC(C)CCSCCC(C)C,-2.3881934,0.51603615,2.19694953424097
CC(O)C(C)C,-1.4945933,0.38274887,5.70797872340426
CC(O)C(C)C,-1.4945933,0.38274887,4.52842131915432
CC(O)C(C)C,-1.4945933,0.38274887,3.75288522067567
CC(O)C(C)C,-1.4945933,0.38274887,3.20414439700218
CC(O)C(C)C,-1.4945933,0.38274887,2.79540481400438
OCCC(C)C,-1.620191,0.49246573,6.88105161910869
OCCC(C)C,-1.620191,0.49246573,4.92247706422018
OCCC(C)C,-1.620191,0.4924658,3.831815747188
OCCC(C)C,-1.620191,0.49246573,3.13680210464776
OCCC(C)C,-1.620191,0.4924658,2.65520227638253
CC(C)(O)CC,-1.5533162,0.46328712,4.06246450880182
CC(C)(O)CC,-1.5533161,0.46328712,3.67610157153257
CC(C)(O)CC,-1.5533162,0.46328712,3.35684679752874
CC(C)(O)CC,-1.5533161,0.46328712,3.08861305990286
CC(C)(O)CC,-1.5533162,0.46328712,2.86007462686567
S1(=O)(=O)CCC(C)C1,-1.8950487,0.5143929,3.92143248675315
S1(=O)(=O)CCC(C)C1,-1.8950486,0.51439285,3.13291000656886
S1(=O)(=O)CCC(C)C1,-1.8950486,0.51439285,2.60841030627127
S1(=O)(=O)CCC(C)C1,-1.8950486,0.5143929,2.23434490656395
S1(=O)(=O)CCC(C)C1,-1.8950486,0.51439285,1.95411089866157
CSC(C)(C)CC,-2.4628174,0.5263925,5.50307692307692
CSC(C)(C)CC,-2.4628174,0.52639246,4.25833333333333
CSC(C)(C)CC,-2.4628174,0.5263925,3.47281553398058
CSC(C)(C)CC,-2.4628174,0.5263925,2.93196721311475
CSC(C)(C)CC,-2.4628174,0.5263925,2.53687943262411
N#CC(C)CCC#N,-1.5941066,0.62760454,4.7034845496384
N#CC(C)CCC#N,-1.5941066,0.6276045,3.51663116500082
N#CC(C)CCC#N,-1.5941066,0.6276045,2.80805966243622
N#CC(C)CCC#N,-1.5941066,0.6276045,2.33714472394642
N#CC(C)CCC#N,-1.5941066,0.6276045,2.00149211974261
O=CC(C)CCCCCC,-2.0383055,0.6123689,4.38895705521472
O=CC(C)CCCCCC,-2.0383055,0.61236894,3.59648093841642
O=CC(C)CCCCCC,-2.0383055,0.6123688,3.04641589779986
O=CC(C)CCCCCC,-2.0383055,0.6123689,2.64228993536473
O=CC(C)CCCCCC,-2.0383055,0.6123688,2.33282608695652
CC(O)C(=O)OC,-1.1950942,0.5874835,5.18030412744388
CC(O)C(=O)OC,-1.1950942,0.5874835,4.12969020588801
CC(O)C(=O)OC,-1.1950942,0.5874835,3.43337066069429
CC(O)C(=O)OC,-1.1950942,0.5874835,2.93798767967146
CC(O)C(=O)OC,-1.1950941,0.5874835,2.56753200143558
C1CCCCC1C(C)C,-1.9420192,0.44525266,5.8396821941663
C1CCCCC1C(C)C,-1.9420192,0.44525266,4.38362319876633
C1CCCCC1C(C)C,-1.9420192,0.44525266,3.50875472068272
C1CCCCC1C(C)C,-1.9420192,0.44525266,2.9249943781559
C1CCCCC1C(C)C,-1.9420192,0.44525266,2.50777032553574
C1C(C)OC(=O)O1,-1.6085356,0.488294,4.79169457468185
C1C(C)OC(=O)O1,-1.6085354,0.488294,3.61708940760091
C1C(C)OC(=O)O1,-1.6085356,0.48829395,2.90498105035192
C1C(C)OC(=O)O1,-1.6085356,0.488294,2.42714164546226
C1C(C)OC(=O)O1,-1.6085354,0.488294,2.08429639700884
CSCCCC,-2.0286665,0.49249226,6.12150598973189
CSCCCC,-2.0286667,0.49249226,4.65310901049345
CSCCCC,-2.0286665,0.49249226,3.75288522067567
CSCCCC,-2.0286665,0.49249226,3.14452323741429
CSCCCC,-2.0286665,0.49249226,2.70588531948157
C=CC(=O)OC,-1.2840362,0.5705829,5.46607579462103
C=CC(=O)OC,-1.2840363,0.570583,4.25006930967563
C=CC(=O)OC,-1.2840362,0.5705829,3.47664096416769
C=CC(=O)OC,-1.2840362,0.5705829,2.94136995312885
C=CC(=O)OC,-1.2840363,0.5705829,2.54893111638955
CC(OC)CO,-1.4463454,0.4750771,4.96116504854369
CC(OC)CO,-1.4463456,0.47507715,4.0819742285198
CC(OC)CO,-1.4463454,0.47507715,3.46748525729057
CC(OC)CO,-1.4463456,0.4750771,3.01379673512375
CC(OC)CO,-1.4463457,0.4750771,2.66509375388054
COCCOCCOCCOCCO,-1.9044142,0.69654685,3.67122819021553
COCCOCCOCCOCCO,-1.9044142,0.69654685,3.0113652308124
COCCOCCOCCOCCO,-1.904414,0.6965468,2.55256898192198
COCCOCCOCCOCCO,-1.9044139,0.6965468,2.21508927649912
COCCOCCOCCOCCO,-1.9044142,0.6965468,1.95642661804923
O1C=CCCC1(OC),-1.3864985,0.4445527,4.20823529411765
O1C=CCCC1(OC),-1.3864985,0.4445527,3.68209307312889
O1C=CCCC1(OC),-1.3864986,0.4445527,3.27289363324438
O1C=CCCC1(OC),-1.3864986,0.4445527,2.94554812146166
O1C=CCCC1(OC),-1.3864986,0.4445527,2.67772925764192
CC(=O)COC,-1.5636749,0.5535838,4.6354211663067
CC(=O)COC,-1.5636749,0.5535838,3.96654807559026
CC(=O)COC,-1.5636749,0.5535838,3.4663651780667
CC(=O)COC,-1.5636748,0.5535838,3.07820287568575
CC(=O)COC,-1.5636748,0.55358374,2.7682187540307
c1(O)c(OC)cc(CC=C)cc1,-1.6108081,0.6129813,4.06477272727273
c1(O)c(OC)cc(CC=C)cc1,-1.6108081,0.6129813,3.25638205060122
c1(O)c(OC)cc(CC=C)cc1,-1.6108081,0.6129813,2.71619312788711
c1(O)c(OC)cc(CC=C)cc1,-1.6108081,0.6129813,2.32972400879264
c1(O)c(OC)cc(CC=C)cc1,-1.6108081,0.6129813,2.03953245272261
C1=CON=C1,-1.4638654,0.6469466,5.20795923319583
C1=CON=C1,-1.4638655,0.64694655,4.35312610922367
C1=CON=C1,-1.4638655,0.6469466,3.73935011760606
C1=CON=C1,-1.4638655,0.6469466,3.27726665394159
C1=CON=C1,-1.4638654,0.6469466,2.91682522424572
CC(=O)OCCC(C)C,-2.0244935,0.5349593,5.51297200102749
CC(=O)OCCC(C)C,-2.0244935,0.5349593,4.07383856119205
CC(=O)OCCC(C)C,-2.0244935,0.5349593,3.23052607812147
CC(=O)OCCC(C)C,-2.0244935,0.5349593,2.67647700701481
CC(=O)OCCC(C)C,-2.0244935,0.5349593,2.28464977645306
CC1(C)CC(CC(C)(CN=C=O)C1)N=C=O,-2.219379,0.58340347,5.03448275862069
CC1(C)CC(CC(C)(CN=C=O)C1)N=C=O,-2.219379,0.5834035,3.57268300803196
CC1(C)CC(CC(C)(CN=C=O)C1)N=C=O,-2.2193787,0.5834035,2.76875443462556
CC1(C)CC(CC(C)(CN=C=O)C1)N=C=O,-2.2193787,0.5834035,2.26016902298397
CC1(C)CC(CC(C)(CN=C=O)C1)N=C=O,-2.2193787,0.5834035,1.90943060498221
CC(C)C#N,-1.3957603,0.44986618,5.32027764005949
CC(C)C#N,-1.3957603,0.44986618,4.37170268673742
CC(C)C#N,-1.3957604,0.44986618,3.71019603775542
CC(C)C#N,-1.3957603,0.44986618,3.22257090947311
CC(C)C#N,-1.3957603,0.44986618,2.84823229642213
CC(C)OCC(C)C,-2.2136843,0.43759087,5.96166666666667
CC(C)OCC(C)C,-2.2136843,0.43759087,4.4269801980198
CC(C)OCC(C)C,-2.2136843,0.43759087,3.52066929133858
CC(C)OCC(C)C,-2.2136843,0.43759087,2.92238562091503
CC(C)OCC(C)C,-2.2136843,0.43759087,2.49790502793296
C(=O)OCC(C)C,-1.7787968,0.4696468,6.050747110234
C(=O)OCC(C)C,-1.7787968,0.46964687,4.75206748812647
C(=O)OCC(C)C,-1.7787968,0.4696468,3.91235393842171
C(=O)OCC(C)C,-1.7787968,0.4696468,3.32483869218674
C(=O)OCC(C)C,-1.7787968,0.4696468,2.89073864554711
c1(CC=C2)c2cccc1,-1.8376796,0.59585357,3.94957673905042
c1(CC=C2)c2cccc1,-1.8376797,0.59585357,3.37752877949751
c1(CC=C2)c2cccc1,-1.8376797,0.59585357,2.95022475153615
c1(CC=C2)c2cccc1,-1.8376795,0.59585357,2.61889799330083
c1(CC=C2)c2cccc1,-1.8376797,0.59585357,2.35447703885732
FC(F)(F)C(F)(F)C(F)(F)C(F)(F)C(F)(F)C(F)(F)C(F)(F)C(F)(F)C(F)(F)F,-4.0996284,0.8753593,4.17305074859032
FC(F)(F)C(F)(F)C(F)(F)C(F)(F)C(F)(F)C(F)(F)C(F)(F)C(F)(F)C(F)(F)F,-4.0996284,0.8753595,3.66903154115736
FC(F)(F)C(F)(F)C(F)(F)C(F)(F)C(F)(F)C(F)(F)C(F)(F)C(F)(F)C(F)(F)F,-4.0996284,0.8753595,3.27364246491763
FC(F)(F)C(F)(F)C(F)(F)C(F)(F)C(F)(F)C(F)(F)C(F)(F)C(F)(F)C(F)(F)F,-4.099629,0.8753594,2.95518072289157
FC(F)(F)C(F)(F)C(F)(F)C(F)(F)C(F)(F)C(F)(F)C(F)(F)C(F)(F)C(F)(F)F,-4.0996284,0.8753593,2.69318609612247
CC(O)C(O)=O,-0.4768253,0.6240695,3.68572900566718
CC(O)C(O)=O,-0.4768253,0.62406945,3.03579385118075
CC(O)C(O)=O,-0.4768253,0.62406945,2.58071498142203
CC(O)C(O)=O,-0.4768253,0.62406945,2.24428654337835
CC(O)C(O)=O,-0.4768253,0.62406945,1.98545737122558
OCCN(CCO)N=O,-0.90030044,0.76780164,3.70034482758621
OCCN(CCO)N=O,-0.9003006,0.76780176,2.71725919173503
OCCN(CCO)N=O,-0.9003005,0.76780176,2.14688700384123
OCCN(CCO)N=O,-0.90030044,0.76780176,1.77442291156823
OCCN(CCO)N=O,-0.9003004,0.76780164,1.51208995603652
C#CCCCC,-1.654637,0.5672455,7.59716814159292
C#CCCCC,-1.6546367,0.5672455,5.58738919334054
C#CCCCC,-1.654637,0.5672455,4.41850410722006
C#CCCCC,-1.654637,0.5672455,3.65407043560429
C#CCCCC,-1.654637,0.5672454,3.1151300510915
OCCOCCOCCOCCCCCC,-2.117407,0.70476866,4.34365513054038
OCCOCCOCCOCCCCCC,-2.1174076,0.7047687,3.27451653507266
OCCOCCOCCOCCCCCC,-2.1174073,0.70476866,2.6277318640955
OCCOCCOCCOCCCCCC,-2.117407,0.7047687,2.19431025228127
OCCOCCOCCOCCCCCC,-2.1174073,0.70476866,1.88362295945234
CCCCCCC1CCCCC1,-2.2201364,0.56265825,4.75580570820776
CCCCCCC1CCCCC1,-2.2201364,0.5626583,3.65357279652722
CCCCCCC1CCCCC1,-2.2201364,0.56265825,2.96612629047639
CCCCCCC1CCCCC1,-2.220137,0.56265825,2.49640869357869
CCCCCCC1CCCCC1,-2.2201364,0.5626582,2.15512220593256
c1ccccc1(CCCCCC),-2.2930393,0.6556481,5.06179245283019
c1ccccc1(CCCCCC),-2.2930393,0.6556481,3.78098409174991
c1ccccc1(CCCCCC),-2.293039,0.6556481,3.01746196890026
c1ccccc1(CCCCCC),-2.293039,0.6556481,2.51049842669817
c1ccccc1(CCCCCC),-2.2930393,0.6556481,2.14938108400433
CCCCCCOC(=O)C,-2.1175878,0.6220546,5.58179453836151
CCCCCCOC(=O)C,-2.1175876,0.6220546,4.00728189329226
CCCCCCOC(=O)C,-2.1175878,0.6220546,3.12560984489915
CCCCCCOC(=O)C,-2.1175878,0.6220545,2.56193858366409
CCCCCCOC(=O)C,-2.1175878,0.6220546,2.17050970873786
CCCCCCOCCO,-1.9381387,0.69067246,4.70554702916027
CCCCCCOCCO,-1.9381387,0.69067246,3.68256691832533
CCCCCCOCCO,-1.9381387,0.69067246,3.02494714587738
CCCCCCOCCO,-1.9381387,0.69067246,2.56661085864626
CCCCCCOCCO,-1.9381386,0.69067246,2.22889188908506
C/C=C/CCC,-1.4915625,0.35046062,7.65570378825712
C/C=C/CCC,-1.4915626,0.35046062,5.63654747679015
C/C=C/CCC,-1.4915626,0.35046062,4.46019243957688
C/C=C/CCC,-1.4915625,0.35046062,3.69006989159496
C/C=C/CCC,-1.4915625,0.35046062,3.14673626180283
CCC(=O)CCC,-1.8789818,0.55773264,4.93379310344828
CCC(=O)CCC,-1.8789817,0.5577326,3.83763969602146
CCC(=O)CCC,-1.8789818,0.55773264,3.14001463057791
CCC(=O)CCC,-1.8789817,0.5577326,2.65701021355617
CCC(=O)CCC,-1.8789818,0.55773264,2.30278969957082
c1(F)c(F)c(F)c(F)c(F)c1(F),-2.4121525,0.59504575,3.85660377358491
c1(F)c(F)c(F)c(F)c(F)c1(F),-2.4121528,0.5950458,3.46225509570324
c1(F)c(F)c(F)c(F)c(F)c1(F),-2.4121528,0.5950458,3.14107161151521
c1(F)c(F)c(F)c(F)c(F)c1(F),-2.4121528,0.5950458,2.87441991281114
c1(F)c(F)c(F)c(F)c(F)c1(F),-2.4121525,0.5950458,2.6494987901832
C(Cl)(Cl)=C(Cl)C(Cl)=C(Cl)(Cl),-3.5181684,0.72446245,4.2558001189768
C(Cl)(Cl)=C(Cl)C(Cl)=C(Cl)(Cl),-3.5181684,0.7244624,3.4543698696282
C(Cl)(Cl)=C(Cl)C(Cl)=C(Cl)(Cl),-3.5181684,0.7244624,2.9069483949614
C(Cl)(Cl)=C(Cl)C(Cl)=C(Cl)(Cl),-3.5181684,0.7244624,2.50929498421606
C(Cl)(Cl)=C(Cl)C(Cl)=C(Cl)(Cl),-3.5181684,0.7244624,2.207343412527
C/C=CCCCC,-1.6307262,0.4716425,7.20201342281879
C/C=CCCCC,-1.6307262,0.4716425,5.24384284597342
C/C=CCCCC,-1.6307262,0.4716425,4.12286768095897
C/C=CCCCC,-1.6307262,0.4716425,3.39674601164852
C/C=CCCCC,-1.6307262,0.4716425,2.88809344385833
O1C=CC=C1(C=O),-1.5957346,0.65892684,3.6605833191199
O1C=CC=C1(C=O),-1.5957346,0.6589269,3.48239493753042
O1C=CC=C1(C=O),-1.5957346,0.6589269,3.32074887822992
O1C=CC=C1(C=O),-1.5957346,0.65892684,3.1734437379861
O1C=CC=C1(C=O),-1.5957347,0.65892684,3.0386521308226
c1(CC)ccc(C)cc1,-2.2014635,0.54298246,5.08988284399753
c1(CC)ccc(C)cc1,-2.2014635,0.54298234,4.02041867653257
c1(CC)ccc(C)cc1,-2.2014635,0.54298246,3.32234245112153
c1(CC)ccc(C)cc1,-2.2014635,0.54298246,2.83081955536797
c1(CC)ccc(C)cc1,-2.2014635,0.54298246,2.46598952109569
CCSCCC,-2.079991,0.446951,6.87355880092237
CCSCCC,-2.079991,0.446951,4.99110475459588
CCSCCC,-2.079991,0.44695106,3.91806780217975
CCSCCC,-2.079991,0.44695106,3.22477405395659
CCSCCC,-2.079991,0.44695106,2.73994638069705
CCSCCCCCCCC,-2.4304736,0.61065537,4.44716121011189
CCSCCCCCCCC,-2.4304736,0.6106554,3.49133713397042
CCSCCCCCCCC,-2.4304736,0.61065537,2.87369634581833
CCSCCCCCCCC,-2.4304736,0.6106555,2.44173683920113
CCSCCCCCCCC,-2.4304736,0.6106555,2.12266810142757
c1(O)cc(CC)ccc1,-1.610155,0.63915646,3.98699609882965
c1(O)cc(CC)ccc1,-1.6101552,0.6391565,3.30433711567181
c1(O)cc(CC)ccc1,-1.6101552,0.63915646,2.82127458197497
c1(O)cc(CC)ccc1,-1.6101552,0.6391565,2.46143612445953
c1(O)cc(CC)ccc1,-1.6101552,0.6391565,2.18300547226234
N1(CC)CCOCC1,-1.3764435,0.52575177,5.10635260528194
N1(CC)CCOCC1,-1.3764435,0.52575177,4.11899049995202
N1(CC)CCOCC1,-1.3764434,0.5257517,3.4515921518173
N1(CC)CCOCC1,-1.3764435,0.52575177,2.97031347311605
N1(CC)CCOCC1,-1.3764434,0.5257518,2.60682618729503
C1C(C2C=CC1C2)=CC,-1.1564561,0.33426076,5.56010362694301
C1C(C2C=CC1C2)=CC,-1.1564561,0.3342607,4.31072056239016
C1C(C2C=CC1C2)=CC,-1.1564561,0.33426076,3.51980319803198
C1C(C2C=CC1C2)=CC,-1.156456,0.33426073,2.97412090767365
C1C(C2C=CC1C2)=CC,-1.1564564,0.33426076,2.574925014997
SCCO,-0.2400849,0.58095634,5.3655
SCCO,-0.2400849,0.58095634,4.16374042099137
SCCO,-0.2400849,0.58095634,3.40180694246315
SCCO,-0.24008487,0.58095634,2.87559456019294
SCCO,-0.24008493,0.58095634,2.49036899512648
BrCCBr,-2.5367534,0.54352516,3.79388368393141
BrCCBr,-2.5367534,0.54352516,3.42553429205305
BrCCBr,-2.5367537,0.54352516,3.1223812849162
BrCCBr,-2.5367537,0.54352516,2.86852270145284
BrCCBr,-2.5367537,0.54352516,2.6528392375961
CCC1=CCCCC1,-1.3925403,0.41565293,6.57577057417734
CCC1=CCCCC1,-1.3925403,0.415653,4.77087061386447
CCC1=CCCCC1,-1.3925403,0.41565302,3.74339385694103
CCC1=CCCCC1,-1.3925401,0.41565293,3.08005826594241
CCC1=CCCCC1,-1.3925403,0.415653,2.61642366021359
c1cccc(c(CC)cs2)c21,-2.279955,0.65158933,4.25495638382236
c1cccc(c(CC)cs2)c21,-2.279955,0.6515894,3.3323499728282
c1cccc(c(CC)cs2)c21,-2.279955,0.65158933,2.7385479137425
c1cccc(c(CC)cs2)c21,-2.279955,0.6515893,2.32436237613039
c1cccc(c(CC)cs2)c21,-2.279955,0.65158933,2.01900282220132
C1C(CC)c2ccccc2CC1,-2.1319094,0.5392211,5.1112169564182
C1C(CC)c2ccccc2CC1,-2.1319094,0.5392211,3.75715561157502
C1C(CC)c2ccccc2CC1,-2.1319094,0.5392211,2.97027236492471
C1C(CC)c2ccccc2CC1,-2.1319094,0.5392211,2.45591550423966
C1C(CC)c2ccccc2CC1,-2.1319094,0.53922105,2.09340434248259
CC(C)C(CC)CC,-2.2957492,0.5084201,6.78318584070797
CC(C)C(CC)CC,-2.2957497,0.5084201,4.97150799166088
CC(C)C(CC)CC,-2.2957494,0.50842017,3.9235831809872
CC(C)C(CC)CC,-2.2957497,0.5084201,3.24052544164276
CC(C)C(CC)CC,-2.2957494,0.5084201,2.76003086419753
c1(C)c(C)cc(CC)cc1,-2.2781372,0.52927566,5.20366598778004
c1(C)c(C)cc(CC)cc1,-2.2781372,0.52927566,3.96860178071173
c1(C)c(C)cc(CC)cc1,-2.2781372,0.5292757,3.20735261152208
c1(C)c(C)cc(CC)cc1,-2.2781372,0.52927566,2.69114300223823
c1(C)c(C)cc(CC)cc1,-2.2781372,0.5292757,2.31806104594647
c1(C)c(CC)c(C)ccc1,-2.285851,0.55234045,4.17727431974775
c1(C)c(CC)c(C)ccc1,-2.2858512,0.5523404,3.47883876614851
c1(C)c(CC)c(C)ccc1,-2.285851,0.5523404,2.98050216642595
c1(C)c(CC)c(C)ccc1,-2.285851,0.55234045,2.60704784811049
c1(C)c(CC)c(C)ccc1,-2.2858512,0.55234045,2.31675986096418
OCC(CC)CC,-1.8777461,0.5175167,4.79490616621984
OCC(CC)CC,-1.8777461,0.5175167,3.93238972103889
OCC(CC)CC,-1.8777461,0.5175167,3.33286745865362
OCC(CC)CC,-1.8777461,0.5175167,2.89196563921172
OCC(CC)CC,-1.8777461,0.51751673,2.55408782577651
CCSCCCCC,-2.2731023,0.5321586,5.11
CCSCCCCC,-2.2731023,0.5321587,4.00149156334483
CCSCCCCC,-2.2731025,0.5321586,3.28818752872683
CCSCCCCC,-2.2731025,0.5321586,2.79071581821728
CCSCCCCC,-2.2731025,0.5321586,2.42398915744296
CC(=O)SCC,-1.8081768,0.46059012,5.3655
CC(=O)SCC,-1.8081768,0.46059012,4.34453441295547
CC(=O)SCC,-1.8081768,0.46059012,3.65
CC(=O)SCC,-1.8081768,0.46059006,3.14692082111437
CC(=O)SCC,-1.8081768,0.46059006,2.76572164948454
CCC(=O)C(C)C,-1.8480732,0.52748626,5.25642909625276
CCC(=O)C(C)C,-1.8480734,0.5274863,4.03971577808103
CCC(=O)C(C)C,-1.8480734,0.5274863,3.28039740160489
CCC(=O)C(C)C,-1.8480734,0.5274863,2.76136253980508
CCC(=O)C(C)C,-1.8480734,0.5274863,2.38413685847589
C(C)(C)(C)C(=O)OCC,-2.2413409,0.58278775,5.84477124183007
C(C)(C)(C)C(=O)OCC,-2.2413409,0.58278775,4.55427055702918
C(C)(C)(C)C(=O)OCC,-2.2413409,0.58278775,3.73057535199027
C(C)(C)(C)C(=O)OCC,-2.2413409,0.58278775,3.15919629057187
C(C)(C)(C)C(=O)OCC,-2.241341,0.58278775,2.73959663007404
CC(=O)OCCOCC,-1.8901447,0.5820583,5.07495861905888
CC(=O)OCCOCC,-1.8901447,0.5820583,4.03386931556541
CC(=O)OCCOCC,-1.8901447,0.5820583,3.34721377438825
CC(=O)OCCOCC,-1.8901447,0.5820583,2.86032238933276
CC(=O)OCCOCC,-1.8901447,0.5820583,2.4970912644855
CC(O)COC(C)COCCC,-2.0743039,0.52513236,5.41559424678274
CC(O)COC(C)COCCC,-2.074304,0.52513236,3.97481248263728
CC(O)COC(C)COCCC,-2.074304,0.52513236,3.13955529549444
CC(O)COC(C)COCCC,-2.0743039,0.52513236,2.59437896645512
CC(O)COC(C)COCCC,-2.0743039,0.5251324,2.21052631578947
CC1=C(C)SC=C1,-2.2360137,0.5103686,4.78741913896944
CC1=C(C)SC=C1,-2.2360137,0.5103686,3.94808730604023
CC1=C(C)SC=C1,-2.2360137,0.5103686,3.35915856693431
CC1=C(C)SC=C1,-2.2360137,0.5103686,2.92312197380876
CC1=C(C)SC=C1,-2.2360137,0.5103686,2.58727939049089
n1c(C)cccc1(C),-2.0564194,0.56352746,4.01910112359551
n1c(C)cccc1(C),-2.0564194,0.56352746,3.52355934986045
n1c(C)cccc1(C),-2.0564194,0.56352746,3.13680210464776
n1c(C)cccc1(C),-2.0564196,0.56352746,2.82655077044646
n1c(C)cccc1(C),-2.0564194,0.56352746,2.57214765100671
c1(C)cc(C)c(N)cc1,-1.9665453,0.5897114,4.14564419548001
c1(C)cc(C)c(N)cc1,-1.9665453,0.5897115,3.39803673210893
c1(C)cc(C)c(N)cc1,-1.9665453,0.5897115,2.87887323943662
c1(C)cc(C)c(N)cc1,-1.9665453,0.5897114,2.49732371421922
c1(C)cc(C)c(N)cc1,-1.9665453,0.5897114,2.2050755162848
CC(C)(C)CCCCCC,-2.541677,0.60878,4.76933333333333
CC(C)(C)CCCCCC,-2.5416763,0.60878,3.88434912447401
CC(C)(C)CCCCCC,-2.5416768,0.60878,3.27639111518205
CC(C)(C)CCCCCC,-2.5416768,0.60878,2.83298683298683
CC(C)(C)CCCCCC,-2.5416768,0.60878,2.49529124520405
CC(C)CC(C)CC,-2.317053,0.46752375,3.94464049404499
CC(C)CC(C)CC,-2.317053,0.46752375,3.58087928589305
CC(C)CC(C)CC,-2.317053,0.4675238,3.27854327701567
CC(C)CC(C)CC,-2.317053,0.46752375,3.02328529772218
CC(C)CC(C)CC,-2.317053,0.4675238,2.8049035495844
CC(C)C(C)CCC,-2.2932546,0.49487484,3.94464049404499
CC(C)C(C)CCC,-2.2932546,0.4948749,3.56251244937255
CC(C)C(C)CCC,-2.2932546,0.4948749,3.2478813559322
CC(C)C(C)CCC,-2.2932544,0.49487478,2.98431503420657
CC(C)C(C)CCC,-2.2932544,0.4948749,2.7603148472065
CC(C)(C)CCCC,-2.4635656,0.56241846,7.06126209120221
CC(C)(C)CCCC,-2.4635656,0.56241846,5.13506400287116
CC(C)(C)CCCC,-2.4635656,0.56241846,4.03451387322355
CC(C)(C)CCCC,-2.4635656,0.56241846,3.3224453147979
CC(C)(C)CCCC,-2.4635656,0.56241846,2.82402168478118
Cc1ccc(C)o1,-2.068047,0.5486728,5.10149750415973
Cc1ccc(C)o1,-2.068047,0.54867285,4.30151922074799
Cc1ccc(C)o1,-2.068047,0.5486728,3.7184240618178
Cc1ccc(C)o1,-2.068047,0.54867274,3.27454151536419
Cc1ccc(C)o1,-2.068047,0.5486728,2.92533326063844
CC(C)(C)OCC(C)OCC(C)OC(C)(C)C,-2.6831763,0.5586648,3.67877956804937
CC(C)(C)OCC(C)OCC(C)OC(C)(C)C,-2.6831763,0.5586648,2.94278153323004
CC(C)(C)OCC(C)OCC(C)OC(C)(C)C,-2.6831763,0.558665,2.45218345101803
CC(C)(C)OCC(C)OCC(C)OC(C)(C)C,-2.6831763,0.5586649,2.10178919432394
CC(C)(C)OCC(C)OCC(C)OC(C)(C)C,-2.6831763,0.5586649,1.83901151631478
CC(C)C(C)CCCCCCCCC,-2.533894,0.6288749,4.92926045016077
CC(C)C(C)CCCCCCCCC,-2.5338938,0.6288749,3.66198865332935
CC(C)C(C)CCCCCCCCC,-2.5338936,0.6288749,2.91306413301663
CC(C)C(C)CCCCCCCCC,-2.5338936,0.6288749,2.41845789785052
CC(C)C(C)CCCCCCCCC,-2.533894,0.62887496,2.06743088334457
C1(C)(C)CCCC1,-2.1259983,0.49747348,5.27684893784422
C1(C)(C)CCCC1,-2.1259983,0.49747348,4.42023314248054
C1(C)(C)CCCC1,-2.1259983,0.49747348,3.80289177120987
C1(C)(C)CCCC1,-2.1259983,0.49747348,3.33685748934979
C1(C)(C)CCCC1,-2.1259983,0.49747348,2.97257617728532
C1CCCCC1(C)(C),-2.0789998,0.48792708,4.47759325711425
C1CCCCC1(C)(C),-2.0789998,0.48792714,3.86118307426598
C1CCCCC1(C)(C),-2.0789998,0.48792714,3.39395281168954
C1CCCCC1(C)(C),-2.0789998,0.48792714,3.02759282248053
C1CCCCC1(C)(C),-2.0789998,0.48792714,2.73262032085562
c1cccc2c(C)c(C)sc12,-2.3737745,0.6378081,3.80329611908559
c1cccc2c(C)c(C)sc12,-2.373775,0.63780797,3.10043699664127
c1cccc2c(C)c(C)sc12,-2.373775,0.63780785,2.61683838322258
c1cccc2c(C)c(C)sc12,-2.373775,0.63780797,2.26374495688632
c1cccc2c(C)c(C)sc12,-2.373775,0.63780797,1.99460966542751
CC(=O)OC1OC(C)OC(C)C1,-1.969408,0.46798742,4.32440056417489
CC(=O)OC1OC(C)OC(C)C1,-1.969408,0.46798742,3.56630109670987
CC(=O)OC1OC(C)OC(C)C1,-1.969408,0.46798742,3.03435600169659
CC(=O)OC1OC(C)OC(C)C1,-1.969408,0.46798748,2.64050196850394
CC(=O)OC1OC(C)OC(C)C1,-1.969408,0.46798742,2.33714472394642
CS(=O)C,-1.3140416,0.39712897,3.67915795248054
CS(=O)C,-1.3140416,0.39712897,3.20565193687874
CS(=O)C,-1.3140416,0.39712894,2.84012862757553
CS(=O)C,-1.3140417,0.39712897,2.54943070791782
CS(=O)C,-1.3140417,0.39712894,2.31271551724138
SCCS,-0.3115127,0.50694203,4.62642810950636
SCCS,-0.3115127,0.50694203,3.84951347473208
SCCS,-0.3115127,0.50694203,3.29601474314674
SCCS,-0.3115127,0.50694203,2.88167567386123
SCCS,-0.3115127,0.50694203,2.55987595419847
CC(C)C[Al](Cl)CC(C)C,-2.6569757,0.4564169,4.5927669591269
CC(C)C[Al](Cl)CC(C)C,-2.6569757,0.4564169,3.39561743532948
CC(C)C[Al](Cl)CC(C)C,-2.6569757,0.4564169,2.69352409638554
CC(C)C[Al](Cl)CC(C)C,-2.6569757,0.4564169,2.23202121574541
CC(C)C[Al](Cl)CC(C)C,-2.6569757,0.45641696,1.90553138595401
C1OCC=C1,-0.8246245,0.43881842,6.27543859649123
C1OCC=C1,-0.8246245,0.43881842,5.03802816901408
C1OCC=C1,-0.8246245,0.43881842,4.20823529411765
C1OCC=C1,-0.8246245,0.43881842,3.61313131313131
C1OCC=C1,-0.8246245,0.4388184,3.16548672566372
c1cc2SCCc2cc1,-2.1643112,0.5379254,3.975622406639
c1cc2SCCc2cc1,-2.1643112,0.5379255,3.26105784571437
c1cc2SCCc2cc1,-2.1643112,0.5379255,2.76422554802813
c1cc2SCCc2cc1,-2.1643112,0.5379254,2.39876608062948
c1cc2SCCc2cc1,-2.1643112,0.5379255,2.11865745310958
CCCCCCOC(=O)CCCCC(=O)OCCCCCC,-2.356468,0.6944987,4.13765182186235
CCCCCCOC(=O)CCCCC(=O)OCCCCCC,-2.356468,0.6944987,3.06775300171527
CCCCCCOC(=O)CCCCC(=O)OCCCCCC,-2.3564677,0.6944987,2.43747870528109
CCCCCCOC(=O)CCCCC(=O)OCCCCCC,-2.3564677,0.69449866,2.02204635387224
CCCCCCOC(=O)CCCCC(=O)OCCCCCC,-2.3564677,0.6944986,1.72760202849553
CCN(CC)CCO,-1.569143,0.62957525,4.24150197628458
CCN(CC)CCO,-1.5691432,0.62957525,3.57104825291181
CCN(CC)CCO,-1.5691432,0.62957525,3.08362068965517
CCN(CC)CCO,-1.5691432,0.62957525,2.71327433628319
CCN(CC)CCO,-1.5691432,0.62957525,2.42234762979684
CCSCC,-1.927908,0.3897364,6.34219858156028
CCSCC,-1.9279081,0.3897364,4.91768345076474
CCSCC,-1.927908,0.38973638,4.01571709233792
CCSCC,-1.9279081,0.3897364,3.39333570496858
CCSCC,-1.927908,0.38973638,2.93798767967146
CCSSCC,-2.1113825,0.3854283,6.25240342597448
CCSSCC,-2.1113825,0.3854283,4.55654278526162
CCSSCC,-2.1113825,0.3854283,3.58434791322211
CCSSCC,-2.1113825,0.3854283,2.95406214514298
CCSSCC,-2.1113825,0.3854283,2.51229105211406
N#C/C=CCCC#N,-1.0446503,0.67575395,4.30963855421687
N#C/C=CCCC#N,-1.0446504,0.67575395,3.24199395770393
N#C/C=CCCC#N,-1.0446504,0.67575395,2.59830508474576
N#C/C=CCCC#N,-1.0446504,0.67575395,2.16787878787879
N#C/C=CCCC#N,-1.0446504,0.67575395,1.85979202772964
c1ccccc1C(Cl)Cl,-2.6222615,0.5867989,4.17548638132296
c1ccccc1C(Cl)Cl,-2.6222613,0.5867989,3.17720207253886
c1ccccc1C(Cl)Cl,-2.6222615,0.5867989,2.56415770609319
c1ccccc1C(Cl)Cl,-2.6222615,0.58679885,2.14942413620431
c1ccccc1C(Cl)Cl,-2.6222615,0.58679885,1.8501724137931
ClC(F)(F)C(F)(F)C(F)(F)Cl,-3.9154007,0.77373683,7.23844856661045
ClC(F)(F)C(F)(F)C(F)(F)Cl,-3.9154007,0.77373695,5.33913800609491
ClC(F)(F)C(F)(F)C(F)(F)Cl,-3.9154005,0.77373695,4.22938220514336
ClC(F)(F)C(F)(F)C(F)(F)Cl,-3.9154007,0.7737369,3.50157033894849
ClC(F)(F)C(F)(F)C(F)(F)Cl,-3.9154005,0.77373683,2.98747216035635
C[Si](C)(Cl)Cl,-2.5345309,0.49299443,5.44582593250444
C[Si](C)(Cl)Cl,-2.5345314,0.49299443,4.59325842696629
C[Si](C)(Cl)Cl,-2.5345309,0.49299443,3.97150259067358
C[Si](C)(Cl)Cl,-2.5345309,0.49299443,3.49800342270394
C[Si](C)(Cl)Cl,-2.5345309,0.49299443,3.12538226299694
ClC(Cl)C(=O)Cl,-2.7612548,0.66840637,4.66565217391304
ClC(Cl)C(=O)Cl,-2.7612548,0.6684063,4.00990237750479
ClC(Cl)C(=O)Cl,-2.7612548,0.6684065,3.51576705708903
ClC(Cl)C(=O)Cl,-2.7612548,0.6684063,3.1300543260291
ClC(Cl)C(=O)Cl,-2.7612548,0.6684063,2.82060717571297
ClC(Cl)C(=O)O,-1.7892635,0.6377341,3.74502687233894
ClC(Cl)C(=O)O,-1.7892635,0.6377341,3.23522539701681
ClC(Cl)C(=O)O,-1.7892635,0.6377341,2.84758985789914
ClC(Cl)C(=O)O,-1.7892635,0.6377341,2.54290605987002
ClC(Cl)C(=O)O,-1.7892636,0.6377341,2.2971208391309
CCCCOS(=O)(=O)OCCCC,-2.385221,0.63915986,5.54716981132076
CCCCOS(=O)(=O)OCCCC,-2.3852208,0.6391599,3.8832948839734
CCCCOS(=O)(=O)OCCCC,-2.3852208,0.63916,2.98726424942585
CCCCOS(=O)(=O)OCCCC,-2.3852208,0.63915986,2.42721026887953
CCCCOS(=O)(=O)OCCCC,-2.3852208,0.6391599,2.044
C=CCOC(=O)/C=CC(=O)OCC=C,-1.4780254,0.58874655,4.74508069865134
C=CCOC(=O)/C=CC(=O)OCC=C,-1.4780254,0.58874655,3.51044776119403
C=CCOC(=O)/C=CC(=O)OCC=C,-1.4780254,0.58874655,2.78564475306639
C=CCOC(=O)/C=CC(=O)OCC=C,-1.4780254,0.58874655,2.3089212232054
C=CCOC(=O)/C=CC(=O)OCC=C,-1.4780254,0.58874655,1.97152305713761
O=C(OCC(OC(=O)C)COC(=O)C)C,-1.9944057,0.5990486,3.87051397655546
O=C(OCC(OC(=O)C)COC(=O)C)C,-1.9944057,0.5990487,3.0816946305111
O=C(OCC(OC(=O)C)COC(=O)C)C,-1.994406,0.5990487,2.55996755609099
O=C(OCC(OC(=O)C)COC(=O)C)C,-1.9944057,0.5990487,2.18931863042624
O=C(OCC(OC(=O)C)COC(=O)C)C,-1.9944057,0.5990487,1.9124251497006
CC(=O)CC(C)(O)C,-1.6320935,0.5337804,4.68295876063714
CC(=O)CC(C)(O)C,-1.6320935,0.5337804,3.67107119948685
CC(=O)CC(C)(O)C,-1.6320935,0.5337804,3.0187776918208
CC(=O)CC(C)(O)C,-1.6320935,0.5337804,2.56331551760174
CC(=O)CC(C)(O)C,-1.6320935,0.53378046,2.22727272727273
CC(=O)OCCCCCCCCCC,-2.3204663,0.68482244,4.15736866573687
CC(=O)OCCCCCCCCCC,-2.3204663,0.6848224,3.25981955709469
CC(=O)OCCCCCCCCCC,-2.3204665,0.6848224,2.6810073452256
CC(=O)OCCCCCCCCCC,-2.3204663,0.68482244,2.27674877474381
CC(=O)OCCCCCCCCCC,-2.3204665,0.68482244,1.97842920353982
CCCCCCCCCCO,-2.1396422,0.73188716,3.831815747188
CCCCCCCCCCO,-2.1396425,0.7318871,3.19577113501843
CCCCCCCCCCO,-2.1396425,0.7318871,2.74082114807484
CCCCCCCCCCO,-2.1396425,0.7318871,2.39926217825103
CCCCCCCCCCO,-2.1396425,0.73188716,2.13339960238569
C1C[C@]2(CCCC[C@]2(CC1)([H]))([H]),-1.7094235,0.42609277,4.66159860990443
C1C[C@]2(CCCC[C@]2(CC1)([H]))([H]),-1.7094237,0.4260927,3.70171701579034
C1C[C@]2(CCCC[C@]2(CC1)([H]))([H]),-1.7094235,0.42609277,3.06963971566286
C1C[C@]2(CCCC[C@]2(CC1)([H]))([H]),-1.7094237,0.42609274,2.62193743853498
C1C[C@]2(CCCC[C@]2(CC1)([H]))([H]),-1.7094234,0.42609274,2.28820606861846
FC(F)(F)C(F)(F)C(F)C(F)C(F)(F)F,-3.1605494,0.64399,5.55578565881439
FC(F)(F)C(F)(F)C(F)C(F)C(F)(F)F,-3.1605492,0.64399,4.55277309320011
FC(F)(F)C(F)(F)C(F)C(F)C(F)(F)F,-3.1605496,0.64398986,3.85653447377406
FC(F)(F)C(F)(F)C(F)C(F)C(F)(F)F,-3.1605496,0.64399,3.34499661011666
FC(F)(F)C(F)(F)C(F)C(F)C(F)(F)F,-3.1605494,0.64399,2.95326948480845
C=CCCCCCCC=C,-1.9299545,0.5807367,5.32952570151478
C=CCCCCCCC=C,-1.9299545,0.5807367,4.11839769728952
C=CCCCCCCC=C,-1.9299545,0.58073664,3.35579704479712
C=CCCCCCCC=C,-1.9299545,0.5807367,2.83149180381939
C=CCCCCCCC=C,-1.9299545,0.5807367,2.44888178913738
c1(C(C)C)ccc(C)cc1,-2.2954025,0.4911263,5.22825822168088
c1(C(C)C)ccc(C)cc1,-2.2954025,0.49112636,4.02652833409942
c1(C(C)C)ccc(C)cc1,-2.2954025,0.49112642,3.27399203697771
c1(C(C)C)ccc(C)cc1,-2.2954025,0.4911263,2.75845227461137
c1(C(C)C)ccc(C)cc1,-2.2954025,0.4911263,2.38318379674869
c1(C(C)C)cc(C)ccc1,-2.2740915,0.4979921,5.12366310160428
c1(C(C)C)cc(C)ccc1,-2.2740917,0.4979921,3.98718127351261
c1(C(C)C)cc(C)ccc1,-2.274092,0.4979921,3.26333875651923
c1(C(C)C)cc(C)ccc1,-2.274092,0.49799216,2.76193111258389
c1(C(C)C)cc(C)ccc1,-2.274092,0.4979921,2.39408339468576
C1(N)CCCC1,-1.3690072,0.40583295,5.63454975059071
C1(N)CCCC1,-1.3690072,0.40583295,4.50423413118986
C1(N)CCCC1,-1.3690071,0.40583295,3.75163878546332
C1(N)CCCC1,-1.3690072,0.40583295,3.21453445267391
C1(N)CCCC1,-1.3690072,0.40583295,2.81195954090456
C1=CC=CC1,-0.8881928,0.40607992,5.703428115865
C1=CC=CC1,-0.88819283,0.40607986,4.88272096462291
C1=CC=CC1,-0.88819283,0.40607992,4.26849642004773
C1=CC=CC1,-0.8881929,0.4060799,3.79153785001325
C1=CC=CC1,-0.88819283,0.40607986,3.41045606229143
C1CCCCCCC1,-1.763915,0.42958528,3.72668866122591
C1CCCCCCC1,-1.763915,0.42958528,3.3322464949462
C1CCCCCCC1,-1.763915,0.42958528,3.01331012018421
C1CCCCCCC1,-1.763915,0.42958528,2.75009289988596
C1CCCCCCC1,-1.763915,0.42958528,2.52916637205685
C1=CC=CC=CC=C1,-0.90185905,0.44692004,3.99664804469274
C1=CC=CC=CC=C1,-0.90185905,0.44692004,3.51490337373076
C1=CC=CC=CC=C1,-0.90185905,0.44692004,3.13680210464776
C1=CC=CC=CC=C1,-0.90185905,0.44692004,2.83214568487728
C1=CC=CC=CC=C1,-0.90185905,0.44692004,2.58142891508299
C1(S)CCCCC1,-1.3392318,0.37887716,5.65861632566969
C1(S)CCCCC1,-1.3392318,0.37887716,4.28865600330911
C1(S)CCCCC1,-1.3392318,0.37887716,3.45274158492776
C1(S)CCCCC1,-1.3392318,0.37887716,2.88953408921851
C1(S)CCCCC1,-1.3392318,0.37887716,2.48429806020562
C1=CC=CCC1,-0.96187854,0.39822695,6.66521739130435
C1=CC=CCC1,-0.96187866,0.39822698,5.13144209733529
C1=CC=CCC1,-0.96187854,0.398227,4.17150965033334
C1=CC=CCC1,-0.96187866,0.39822698,3.51412642144302
C1=CC=CCC1,-0.96187854,0.39822695,3.03572944071968
C1=CCCC=CCCC=CCC1,-0.8298498,0.36969268,4.18607372732592
C1=CCCC=CCCC=CCC1,-0.8298498,0.36969268,3.34377190932461
C1=CCCC=CCCC=CCC1,-0.8298498,0.36969268,2.78365758754864
C1=CCCC=CCCC=CCC1,-0.8298498,0.3696927,2.38426928845192
C1=CCCC=CCCC=CCC1,-0.8298498,0.3696927,2.08510638297872
N#CCO,-0.25859243,0.68040955,5.33880597014925
N#CCO,-0.25859243,0.68040955,4.01158878504673
N#CCO,-0.2585925,0.68040955,3.21287425149701
N#CCO,-0.2585925,0.68040955,2.67940074906367
N#CCO,-0.25859243,0.6804095,2.29785867237687
C1(=O)OC(=O)C=C(C)1,-1.6267717,0.56180936,3.81682375955895
C1(=O)OC(=O)C=C(C)1,-1.6267717,0.5618094,3.22833935018051
C1(=O)OC(=O)C=C(C)1,-1.6267717,0.56180936,2.79708067248794
C1(=O)OC(=O)C=C(C)1,-1.6267717,0.5618093,2.46746378477811
C1(=O)OC(=O)C=C(C)1,-1.6267716,0.56180936,2.207343412527
CCCS(=O)(=O)Cl,-2.349888,0.59932,4.72419106317411
CCCS(=O)(=O)Cl,-2.349888,0.59932,3.72587995312703
CCCS(=O)(=O)Cl,-2.349888,0.59932,3.07588677893228
CCCS(=O)(=O)Cl,-2.349888,0.59932,2.61899386802526
CCCS(=O)(=O)Cl,-2.349888,0.59932,2.28028049298768
c12c(Cl)cccc1cccc2,-2.391438,0.70760095,3.98699609882965
c12c(Cl)cccc1cccc2,-2.391438,0.707601,3.2035226509441
c12c(Cl)cccc1cccc2,-2.391438,0.707601,2.67739520958084
c12c(Cl)cccc1cccc2,-2.391438,0.707601,2.29970533083311
c12c(Cl)cccc1cccc2,-2.391438,0.707601,2.01540050708987
c1ccccc1(Cl),-2.2374635,0.61942977,4.70761131827155
c1ccccc1(Cl),-2.2374635,0.61942977,3.9426115070909
c1ccccc1(Cl),-2.2374635,0.61942977,3.39148573053949
c1ccccc1(Cl),-2.2374635,0.61942977,2.97554347826087
c1ccccc1(Cl),-2.2374635,0.61942977,2.65048040111641
C#CCCl,-1.1631439,0.55771846,5.28881222276984
C#CCCl,-1.1631439,0.55771846,4.1213634181469
C#CCCl,-1.1631439,0.55771846,3.37612081170363
C#CCCl,-1.1631439,0.55771846,2.85912209418504
C#CCCl,-1.1631439,0.55771846,2.47943622920518
C(Cl)(Cl)(Cl)Cl,-3.4871564,0.654012,4.28674150121839
C(Cl)(Cl)(Cl)Cl,-3.4871564,0.65401196,3.89941677719435
C(Cl)(Cl)(Cl)Cl,-3.4871564,0.65401196,3.57628474305139
C(Cl)(Cl)(Cl)Cl,-3.4871564,0.654012,3.30260829422174
C(Cl)(Cl)(Cl)Cl,-3.4871564,0.65401196,3.06784070442265
CCCC(=O)O,-1.1536589,0.63209164,4.00485165142751
CCCC(=O)O,-1.1536589,0.63209164,3.11721132897603
CCCC(=O)O,-1.1536589,0.63209164,2.55165854238497
CCCC(=O)O,-1.1536589,0.63209164,2.15980678273121
CCCC(=O)O,-1.1536589,0.6320916,1.87228474221408
CCCCCCCCC(CCCC)CO,-2.3644426,0.6905987,3.86424198775657
CCCCCCCCC(CCCC)CO,-2.3644426,0.69059867,3.07456485925077
CCCCCCCCC(CCCC)CO,-2.364442,0.6905987,2.55287260616153
CCCCCCCCC(CCCC)CO,-2.3644423,0.6905987,2.18253927899527
CCCCCCCCC(CCCC)CO,-2.3644423,0.6905987,1.90603907637655
C=C(C)C(=O)OCCCC,-2.0194476,0.58388424,5.42572555364546
C=C(C)C(=O)OCCCC,-2.0194476,0.58388424,3.9432634538005
C=C(C)C(=O)OCCCC,-2.0194476,0.58388424,3.09705907818407
C=C(C)C(=O)OCCCC,-2.0194473,0.58388424,2.5498699045967
C=C(C)C(=O)OCCCC,-2.0194473,0.58388424,2.16700323101777
CC(C)(C)OO,-2.0385904,0.43360025,3.86772391421878
CC(C)(C)OO,-2.0385904,0.43360025,3.51691929537075
CC(C)(C)OO,-2.0385904,0.43360025,3.22445913461538
CC(C)(C)OO,-2.0385902,0.43360025,2.97690547194674
CC(C)(C)OO,-2.0385904,0.43360025,2.76465284039675
CCCCOS(=O)(=O)O,-1.6076075,0.6269729,3.72604166666667
CCCCOS(=O)(=O)O,-1.6076075,0.6269729,2.98560200319955
CCCCOS(=O)(=O)O,-1.6076075,0.6269729,2.4906580016247
CCCCOS(=O)(=O)O,-1.6076075,0.6269729,2.13647902045692
CCCCOS(=O)(=O)O,-1.6076075,0.6269729,1.87048980303294
CCCCOC(=O)c1ccc(cc1)C(=O)OCCCC,-2.33449,0.6392446,3.72798332464825
CCCCOC(=O)c1ccc(cc1)C(=O)OCCCC,-2.33449,0.6392446,2.8962585607773
CCCCOC(=O)c1ccc(cc1)C(=O)OCCCC,-2.33449,0.6392447,2.36795939758371
CCCCOC(=O)c1ccc(cc1)C(=O)OCCCC,-2.33449,0.6392447,2.00265938834068
CCCCOC(=O)c1ccc(cc1)C(=O)OCCCC,-2.33449,0.6392446,1.73500404203719
OC(CO)COC(C)(C)C,-1.6879245,0.57866925,5.50872689938398
OC(CO)COC(C)(C)C,-1.6879245,0.57866925,3.93365102639296
OC(CO)COC(C)(C)C,-1.6879246,0.57866925,3.05900798175599
OC(CO)COC(C)(C)C,-1.6879246,0.57866925,2.50256529850746
OC(CO)COC(C)(C)C,-1.6879245,0.57866925,2.11740331491713
CCC(C)OC(C)(C)C,-2.5295622,0.50976175,4.84469525959368
CCC(C)OC(C)(C)C,-2.5295622,0.5097617,4.08158607901869
CCC(C)OC(C)(C)C,-2.5295622,0.50976175,3.52616446233467
CCC(C)OC(C)(C)C,-2.5295622,0.5097617,3.10379984815069
CCC(C)OC(C)(C)C,-2.5295622,0.50976175,2.77179387834173
CCCCO,-1.3402568,0.58841926,5.83682349741637
CCCCO,-1.3402568,0.58841926,4.55402896398069
CCCCO,-1.3402568,0.58841926,3.73349569452901
CCCCO,-1.3402568,0.58841926,3.16350370343074
CCCCO,-1.3402568,0.58841926,2.74450127877238
OCCCCO,-0.90865546,0.7603864,3.66183245180003
OCCCCO,-0.90865546,0.76038635,3.10975874809824
OCCCCO,-0.90865546,0.76038647,2.70234197935029
OCCCCO,-0.90865546,0.7603864,2.3893125521848
OCCCCO,-0.90865546,0.7603864,2.14127506734511
CC(=O)C=C,-1.3410176,0.5117066,5.69888475836431
CC(=O)C=C,-1.3410176,0.51170653,4.30574781823653
CC(=O)C=C,-1.3410178,0.5117066,3.45993873931968
CC(=O)C=C,-1.3410178,0.5117066,2.8918682207101
CC(=O)C=C,-1.3410177,0.5117066,2.48402777777778
CC(Br)C,-2.2061121,0.3505046,5.82731468911214
CC(Br)C,-2.2061121,0.35050464,4.4158222313667
CC(Br)C,-2.2061121,0.3505046,3.55478260869565
CC(Br)C,-2.2061121,0.3505046,2.97473924945424
CC(Br)C,-2.2061121,0.35050464,2.55743565300286
CCCBr,-2.1720536,0.47502327,6.56932966023875
CCCBr,-2.1720536,0.47502327,5.14571370344175
CCCBr,-2.1720536,0.4750232,4.22921552012927
CCCBr,-2.1720536,0.47502327,3.58983365531776
CCCBr,-2.1720536,0.4750232,3.11838893409276
BrC(Br)Br,-3.1041286,0.52229124,3.81614509246088
BrC(Br)Br,-3.1041286,0.52229124,3.39065523914847
BrC(Br)Br,-3.1041286,0.52229124,3.05052945774998
BrC(Br)Br,-3.1041286,0.52229124,2.77242047472953
BrC(Br)Br,-3.1041286,0.52229124,2.54078371019297
C1CCCCC1C2CCCCC2,-1.8734152,0.46386176,3.87708649468892
C1CCCCC1C2CCCCC2,-1.8734152,0.4638617,3.1972469888941
C1CCCCC1C2CCCCC2,-1.8734152,0.46386182,2.72025552302369
C1CCCCC1C2CCCCC2,-1.8734152,0.46386182,2.36711059640996
C1CCCCC1C2CCCCC2,-1.8734152,0.46386182,2.09512095120951
c1ccccc1(C(=O)OCc2ccccc2),-2.2178502,0.6695701,3.66809092462827
c1ccccc1(C(=O)OCc2ccccc2),-2.21785,0.6695701,2.79881328855997
c1ccccc1(C(=O)OCc2ccccc2),-2.2178502,0.6695701,2.26261135417216
c1ccccc1(C(=O)OCc2ccccc2),-2.2178502,0.6695701,1.89882993076906
c1ccccc1(C(=O)OCc2ccccc2),-2.2178502,0.6695701,1.63582317073171
c1(C(F)(F)F)ccccc1,-2.54915,0.50324553,4.39542885229786
c1(C(F)(F)F)ccccc1,-2.54915,0.50324553,3.87533630667557
c1(C(F)(F)F)ccccc1,-2.54915,0.5032456,3.46530177285497
c1(C(F)(F)F)ccccc1,-2.54915,0.50324553,3.13373340926015
c1(C(F)(F)F)ccccc1,-2.54915,0.5032456,2.86007462686567
C(O)CC(c1ccccc1),-1.8381039,0.6904859,4.20576131687243
C(O)CC(c1ccccc1),-1.8381039,0.690486,3.37028894472362
C(O)CC(c1ccccc1),-1.8381039,0.690486,2.8117385038648
C(O)CC(c1ccccc1),-1.8381039,0.690486,2.41200269723533
C(O)CC(c1ccccc1),-1.8381039,0.690486,2.11177801830168
NCCNCCO,-0.63769567,0.71083933,4.37732000815827
NCCNCCO,-0.63769567,0.71083933,3.44052580955434
NCCNCCO,-0.63769567,0.7108394,2.83401558167173
NCCNCCO,-0.63769567,0.7108394,2.40929501571621
NCCNCCO,-0.63769567,0.71083933,2.09528458459436
NCCOCCO,-1.1034856,0.7247933,4.11701515442164
NCCOCCO,-1.1034856,0.7247933,3.35818618515244
NCCOCCO,-1.1034856,0.7247933,2.83555074053033
NCCOCCO,-1.1034856,0.7247933,2.45368332599736
NCCOCCO,-1.1034856,0.7247933,2.1624617120748
C1CCCC=C1CC=C,-1.3049245,0.40236202,5.39246231155779
C1CCCC=C1CC=C,-1.3049245,0.40236205,4.17284790745151
C1CCCC=C1CC=C,-1.3049245,0.40236208,3.40315547451043
C1CCCC=C1CC=C,-1.3049245,0.40236202,2.87318852705914
C1CCCC=C1CC=C,-1.3049245,0.402362,2.48604193212093
CC(C)C(=O)OC1C(COC(=O)C)OC(OC2(COC(=O)C(C)C)C(OC(=O)C(C)C)C(OC(=O)C(C)C)C(COC(=O)C)O2)C(OC(=O)C(C)C)C1OC(=O)C(C)C,-2.3211477,0.59218395,3.75603780189009
CC(C)C(=O)OC1C(COC(=O)C)OC(OC2(COC(=O)C(C)C)C(OC(=O)C(C)C)C(OC(=O)C(C)C)C(COC(=O)C)O2)C(OC(=O)C(C)C)C1OC(=O)C(C)C,-2.3211477,0.59218407,2.49326208178439
CC(C)C(=O)OC1C(COC(=O)C)OC(OC2(COC(=O)C(C)C)C(OC(=O)C(C)C)C(OC(=O)C(C)C)C(COC(=O)C)O2)C(OC(=O)C(C)C)C1OC(=O)C(C)C,-2.3211477,0.59218407,1.86593635889411
CC(C)C(=O)OC1C(COC(=O)C)OC(OC2(COC(=O)C(C)C)C(OC(=O)C(C)C)C(OC(=O)C(C)C)C(COC(=O)C)O2)C(OC(=O)C(C)C)C1OC(=O)C(C)C,-2.3211477,0.59218407,1.49083078632954
CC(C)C(=O)OC1C(COC(=O)C)OC(OC2(COC(=O)C(C)C)C(OC(=O)C(C)C)C(OC(=O)C(C)C)C(COC(=O)C)O2)C(OC(=O)C(C)C)C1OC(=O)C(C)C,-2.3211477,0.59218395,1.2412955465587
CC(=O)OCCOC(C)=O,-1.8011819,0.60110664,4.43155069172001
CC(=O)OCCOC(C)=O,-1.8011819,0.60110664,3.43444203518935
CC(=O)OCCOC(C)=O,-1.8011819,0.60110664,2.80362111533487
CC(=O)OCCOC(C)=O,-1.8011819,0.60110664,2.36857352543551
CC(=O)OCCOC(C)=O,-1.8011819,0.60110664,2.05040507490064
c1ccccc1(C(=O)C),-2.0731056,0.630175,3.84073013600573
c1ccccc1(C(=O)C),-2.0731056,0.63017493,3.26800968434516
c1ccccc1(C(=O)C),-2.0731056,0.63017493,2.84392971669361
c1ccccc1(C(=O)C),-2.0731056,0.630175,2.51727090395149
c1ccccc1(C(=O)C),-2.0731056,0.630175,2.25792197954804
CC#N,-0.44977367,0.5601476,4.67958921134684
CC#N,-0.44977367,0.5601476,4.11640318195549
CC#N,-0.44977367,0.5601476,3.67421356730152
CC#N,-0.44977367,0.5601476,3.31780992390309
CC#N,-0.44977367,0.5601476,3.0244356134269
C=C[Si](Cl)(Cl)Cl,-2.7205186,0.5422597,6.01682085786375
C=C[Si](Cl)(Cl)Cl,-2.7205186,0.54225963,4.42711717565519
C=C[Si](Cl)(Cl)Cl,-2.7205186,0.5422597,3.50188457584806
C=C[Si](Cl)(Cl)Cl,-2.7205186,0.5422597,2.89653217806749
C=C[Si](Cl)(Cl)Cl,-2.7205186,0.5422597,2.46962165147749
C1C(C)OC(=O)C1,-1.6657091,0.46811235,4.43155069172001
C1C(C)OC(=O)C1,-1.6657093,0.4681123,3.55596056664734
C1C(C)OC(=O)C1,-1.6657091,0.4681124,2.96928610957388
C1C(C)OC(=O)C1,-1.6657093,0.46811235,2.54877976367199
C1C(C)OC(=O)C1,-1.6657093,0.46811235,2.23260168521793
CCCCCCCCCCCS,-2.2456858,0.70552886,3.97223764575236
CCCCCCCCCCCS,-2.2456858,0.70552886,3.20089485458613
CCCCCCCCCCCS,-2.2456858,0.70552886,2.68040464593481
CCCCCCCCCCCS,-2.2456858,0.70552886,2.30551079600387
CCCCCCCCCCCS,-2.2456858,0.70552886,2.02261803788521
CCCCCCCCCCCN,-2.267776,0.7276053,3.72281006071119
CCCCCCCCCCCN,-2.267776,0.7276052,3.01612619892492
CCCCCCCCCCCN,-2.267776,0.7276053,2.53493178999587
CCCCCCCCCCCN,-2.267776,0.7276052,2.18615192645598
CCCCCCCCCCCN,-2.267776,0.7276053,1.92174068767908
c1(O)c(C)c2CCC(C)(CCCC(C)CCCC(C)CCCC(C)C)Oc2c(C)c1(C),-2.4891202,0.63526094,3.88593155893536
c1(O)c(C)c2CCC(C)(CCCC(C)CCCC(C)CCCC(C)C)Oc2c(C)c1(C),-2.4891202,0.63526094,2.65577726218097
c1(O)c(C)c2CCC(C)(CCCC(C)CCCC(C)CCCC(C)C)Oc2c(C)c1(C),-2.4891207,0.6352609,2.01720005639363
c1(O)c(C)c2CCC(C)(CCCC(C)CCCC(C)CCCC(C)C)Oc2c(C)c1(C),-2.4891202,0.6352609,1.62618628175257
c1(O)c(C)c2CCC(C)(CCCC(C)CCCC(C)CCCC(C)C)Oc2c(C)c1(C),-2.4891205,0.63526094,1.36214775323686
C1C(=O)C=C(C)CC1(C)(C),-1.9085653,0.47018135,4.0486700622524
C1C(=O)C=C(C)CC1(C)(C),-1.9085652,0.4701814,3.15332456675213
C1C(=O)C=C(C)CC1(C)(C),-1.9085652,0.47018135,2.58226751531048
C1C(=O)C=C(C)CC1(C)(C),-1.9085652,0.47018135,2.18633008877955
C1C(=O)C=C(C)CC1(C)(C),-1.9085653,0.47018135,1.89566845675523
c1(ccc(C)n2)c2cccc1,-2.1455407,0.68132305,3.96739130434783
c1(ccc(C)n2)c2cccc1,-2.1455407,0.68132305,2.83956497578789
c1(ccc(C)n2)c2cccc1,-2.1455405,0.68132305,2.21102732105328
c1(ccc(C)n2)c2cccc1,-2.1455405,0.68132305,1.81031428716028
c1(ccc(C)n2)c2cccc1,-2.1455405,0.68132305,1.53256212510711
CCC(C)CCC,-2.2611198,0.49320215,6.97951219512195
CCC(C)CCC,-2.2611198,0.49320215,4.3522433460076
CCC(C)CCC,-2.2611198,0.49320215,3.16198895027624
CCC(C)CCC,-2.2611198,0.49320215,2.48295010845987
CCC(C)CCC,-2.2611198,0.49320215,2.044
CC(C)CCCCC,-2.3149314,0.528684,6.53691520467836
CC(C)CCCCC,-2.3149314,0.52868396,4.21865786059677
CC(C)CCCCC,-2.3149314,0.5286841,3.11422601427825
CC(C)CCCCC,-2.3149314,0.528684,2.46808804250328
CC(C)CCCCC,-2.3149314,0.52868396,2.044
CC(C)c1ccccc1O,-1.8289831,0.5706621,3.70034482758621
CC(C)c1ccccc1O,-1.8289831,0.5706622,2.8616
CC(C)c1ccccc1O,-1.8289831,0.57066214,2.33282608695652
CC(C)c1ccccc1O,-1.828983,0.5706621,1.96899082568807
CC(C)c1ccccc1O,-1.8289831,0.5706621,1.70333333333333
c1(C(C)C)cc(C(C)C)ccc1,-2.3460479,0.4651662,5.10951337967813
c1(C(C)C)cc(C(C)C)ccc1,-2.3460479,0.4651662,3.49589523064894
c1(C(C)C)cc(C(C)C)ccc1,-2.3460479,0.4651662,2.65684575389948
c1(C(C)C)cc(C(C)C)ccc1,-2.3460479,0.4651662,2.14260043127546
c1(C(C)C)cc(C(C)C)ccc1,-2.3460479,0.46516627,1.79514202549433
CC(C)COC(C)(C)C,-2.4234746,0.5093328,6.61060802069858
CC(C)COC(C)(C)C,-2.4234743,0.50933284,4.38720755526937
CC(C)COC(C)(C)C,-2.4234743,0.5093328,3.28300674590427
CC(C)COC(C)(C)C,-2.4234743,0.50933284,2.62286667522135
CC(C)COC(C)(C)C,-2.4234743,0.50933284,2.18376068376068
CC(=O)OC,-1.3478477,0.5328866,6.12674850128461
CC(=O)OC,-1.3478477,0.5328866,4.70941905754567
CC(=O)OC,-1.3478477,0.5328866,3.82464581662657
CC(=O)OC,-1.3478477,0.5328866,3.21974271462326
CC(=O)OC,-1.3478477,0.5328866,2.7800518134715
c1ccccc1(CC),-2.0670922,0.5818369,6.02188552188552
c1ccccc1(CC),-2.0670922,0.5818369,3.76658476658477
c1ccccc1(CC),-2.0670922,0.5818369,2.7402962206333
c1ccccc1(CC),-2.0670922,0.5818369,2.15352197471403
c1ccccc1(CC),-2.0670922,0.5818369,1.77371900826446
CCOCCO,-1.3390417,0.60899377,5.01097361662386
CCOCCO,-1.3390417,0.60899365,3.63313188766442
CCOCCO,-1.3390417,0.60899365,2.8495937118275
CCOCCO,-1.3390417,0.60899377,2.34406229862711
CCOCCO,-1.3390417,0.60899365,1.99087215450548
O(CCO1)C1,-1.3019507,0.517874,6.02357563850688
O(CCO1)C1,-1.3019509,0.517874,4.20563769436525
O(CCO1)C1,-1.3019507,0.517874,3.23062333478843
O(CCO1)C1,-1.3019507,0.517874,2.62261026828538
O(CCO1)C1,-1.3019507,0.517874,2.20720720720721
CC(C)CC(C)C,-2.2167408,0.42589304,6.97225651354688
CC(C)CC(C)C,-2.2167408,0.425893,4.70797275509197
CC(C)CC(C)C,-2.2167408,0.42589304,3.55384080409333
CC(C)CC(C)C,-2.2167408,0.42589304,2.85416015586039
CC(C)CC(C)C,-2.2167408,0.42589304,2.38466666666667
C(Cl)C(Cl)C,-2.5134943,0.521691,6.21330554108042
C(Cl)C(Cl)C,-2.5134943,0.521691,4.1339458553639
C(Cl)C(Cl)C,-2.5134943,0.521691,3.0973719530675
C(Cl)C(Cl)C,-2.5134943,0.521691,2.47641795178012
C(Cl)C(Cl)C,-2.5134943,0.521691,2.06286043829296
C1CCCC1,-1.7639152,0.42958528,5.98560910307898
C1CCCC1,-1.7639152,0.42958528,4.1358976335466
C1CCCC1,-1.7639152,0.42958528,3.15952184666117
C1CCCC1,-1.7639152,0.42958528,2.55609546948692
C1CCCC1,-1.7639152,0.42958528,2.1462
C1(N)CCCCC1,-1.4254297,0.40894333,4.20082207868467
C1(N)CCCCC1,-1.4254297,0.40894333,3.22622832532864
C1(N)CCCCC1,-1.4254297,0.40894333,2.61869028880999
C1(N)CCCCC1,-1.4254297,0.40894333,2.20370570024797
C1(N)CCCCC1,-1.4254297,0.40894333,1.90225483939587
C1CCCCC1,-1.7639152,0.42958525,3.83674782795238
C1CCCCC1,-1.7639152,0.42958525,3.11253235876351
C1CCCCC1,-1.7639152,0.42958525,2.61830692090912
C1CCCCC1,-1.7639152,0.42958525,2.25952655433255
C1CCCCC1,-1.7639152,0.42958525,1.98722222222222
C1(C)(C)C(C)CCC1,-2.2067268,0.5151757,4.26662955747286
C1(C)(C)C(C)CCC1,-2.2067268,0.5151757,3.36362033499853
C1(C)(C)C(C)CCC1,-2.2067266,0.51517564,2.77607828173405
C1(C)(C)C(C)CCC1,-2.2067268,0.51517564,2.36327248602237
C1(C)(C)C(C)CCC1,-2.2067268,0.51517564,2.05734334109798
